{
"type": "FeatureCollection",
"name": "Marajo",
"crs": { "type": "name", "properties": { "name": "urn:ogc:def:crs:EPSG::4674" } },
"features": [
{ "type": "Feature", "properties": { "CD_MUN": "1500305", "NM_MUN": "Afuá", "SIGLA": "PA", "AREA_KM2": 8338.438 }, "geometry": { "type": "MultiPolygon", "coordinates": [ [ [ [ -50.107219091999973, -0.470861645999934 ], [ -50.114524226, -0.464767202999985 ], [ -50.233640675999979, -0.312785947 ], [ -50.234005474999961, -0.313858348 ], [ -50.235242728999928, -0.314249750999975 ], [ -50.237934798, -0.314432649 ], [ -50.239153705999961, -0.315932400999932 ], [ -50.240631629999939, -0.317943446999971 ], [ -50.242840620999928, -0.320148656 ], [ -50.244621736999946, -0.322559806000013 ], [ -50.245803789999961, -0.325252148999935 ], [ -50.247037597, -0.32666489000003 ], [ -50.2489141, -0.328941307 ], [ -50.249136922999966, -0.330354226999932 ], [ -50.248903114999983, -0.331782521999981 ], [ -50.25045529299998, -0.333216191000032 ], [ -50.252439887999962, -0.334434868999969 ], [ -50.255377625999941, -0.33570035899996 ], [ -50.258021941999971, -0.33690489299997 ], [ -50.259728157000012, -0.338251361 ], [ -50.26135651, -0.339867666999973 ], [ -50.263191153000015, -0.341266483999982 ], [ -50.265578736999949, -0.341636664999969 ], [ -50.267095374999933, -0.343060696999933 ], [ -50.267120936, -0.34310225 ], [ -50.268396947999982, -0.345176641000036 ], [ -50.268484494999939, -0.345488426999987 ], [ -50.268934353999946, -0.347090541999941 ], [ -50.267202951999955, -0.348196243999945 ], [ -50.267051147999915, -0.348243827999974 ], [ -50.264344947, -0.349092106 ], [ -50.263913064999976, -0.35267646 ], [ -50.263889428999974, -0.35287262699998 ], [ -50.264320671999947, -0.353653211 ], [ -50.265537630000011, -0.354340546999934 ], [ -50.267518677999966, -0.354379657999973 ], [ -50.272549679999941, -0.356382369999944 ], [ -50.272690551999965, -0.357597207 ], [ -50.27275884700002, -0.358186159999976 ], [ -50.272208552999963, -0.358856293 ], [ -50.271761749999939, -0.359400397999989 ], [ -50.271668757999976, -0.359511836999973 ], [ -50.270250173999926, -0.361211817999942 ], [ -50.270107391999929, -0.362346172 ], [ -50.271201946999987, -0.364520222999944 ], [ -50.271754098999928, -0.366466049999916 ], [ -50.2713662479999, -0.368192602999953 ], [ -50.271241712, -0.369450066 ], [ -50.272674329999951, -0.370605037999985 ], [ -50.272346687999935, -0.372320057999955 ], [ -50.270769655, -0.374336868999938 ], [ -50.270782642999933, -0.375395837999983 ], [ -50.272082241999989, -0.377616268999938 ], [ -50.272172878999939, -0.382134434999939 ], [ -50.272591064, -0.38532821499996 ], [ -50.272734255999936, -0.388825774999981 ], [ -50.27225276399998, -0.392073111 ], [ -50.270995889, -0.394919251000028 ], [ -50.270876627999982, -0.397309047999963 ], [ -50.271329634999979, -0.401021416 ], [ -50.272777011999921, -0.402716793000026 ], [ -50.273950047, -0.402971529999965 ], [ -50.274197694999962, -0.403025308999974 ], [ -50.274284649999963, -0.403063356000013 ], [ -50.275820977999985, -0.403735570000032 ], [ -50.276466569000021, -0.405376161999973 ], [ -50.276463688999961, -0.405436 ], [ -50.276412561, -0.406498445000016 ], [ -50.276371663999981, -0.407348312 ], [ -50.275908288000011, -0.409013992999965 ], [ -50.276040552999945, -0.41066048499995 ], [ -50.276401175999936, -0.411789963999967 ], [ -50.276459249999945, -0.411971851 ], [ -50.276596880999968, -0.41362762799996 ], [ -50.277060080999924, -0.416254321999956 ], [ -50.278209375999978, -0.417162484999958 ], [ -50.279819188999952, -0.417265393000035 ], [ -50.280823249999983, -0.417329578000016 ], [ -50.280827231999957, -0.41733020799998 ], [ -50.28091974699997, -0.417344839999947 ], [ -50.281690753, -0.417466785 ], [ -50.283704305999976, -0.417785256999972 ], [ -50.28450996399993, -0.418921388 ], [ -50.284541461999964, -0.419530170000018 ], [ -50.284592452999917, -0.420515689999936 ], [ -50.284606872999959, -0.420794384 ], [ -50.284610379999982, -0.420862158 ], [ -50.284750717999955, -0.423574519999983 ], [ -50.285341693, -0.425072284 ], [ -50.285490342999957, -0.425317628999968 ], [ -50.286514185999941, -0.427007468999987 ], [ -50.286638746999941, -0.427537954 ], [ -50.287040516999966, -0.429249021 ], [ -50.286983442999954, -0.43345259 ], [ -50.286896836999979, -0.43687162 ], [ -50.28698744099993, -0.438931876000028 ], [ -50.287297152999976, -0.442007742999975 ], [ -50.286419839999951, -0.444280687000012 ], [ -50.286353616999975, -0.445779322000019 ], [ -50.286466865999934, -0.447532532999952 ], [ -50.286621223999916, -0.448654446999965 ], [ -50.286621561999944, -0.450744111999937 ], [ -50.286125333999919, -0.45243998000001 ], [ -50.285287952, -0.454325277999947 ], [ -50.285233554999941, -0.455084403999964 ], [ -50.285307618999937, -0.45579450299992 ], [ -50.286451203999967, -0.457479688 ], [ -50.286621822999962, -0.457731113000017 ], [ -50.286679986999978, -0.457816823 ], [ -50.28722802099994, -0.459205230999951 ], [ -50.287257380999968, -0.459279612999977 ], [ -50.287310327999911, -0.459532062 ], [ -50.287346192999948, -0.459703067000019 ], [ -50.287488909999944, -0.460383545000012 ], [ -50.287496334999936, -0.46041894600001 ], [ -50.287497363999933, -0.460423850999971 ], [ -50.287532820999935, -0.460592909000015 ], [ -50.287529913999961, -0.460907127 ], [ -50.287523173999936, -0.461635856999978 ], [ -50.287517422999905, -0.462257572 ], [ -50.287516020999966, -0.462456727999951 ], [ -50.287500884999957, -0.464606255 ], [ -50.28749531199994, -0.465397734000019 ], [ -50.287668640999982, -0.466763436999953 ], [ -50.287889070999924, -0.467680759 ], [ -50.288012498999919, -0.468475531000037 ], [ -50.2881765, -0.471044838 ], [ -50.288298402999949, -0.471919365999964 ], [ -50.288717160999958, -0.471944965999951 ], [ -50.289310336999925, -0.471980633999971 ], [ -50.289311728999948, -0.471980716999978 ], [ -50.289742291999957, -0.472006606999988 ], [ -50.290207804000019, -0.472032230999977 ], [ -50.292963238, -0.471260557999988 ], [ -50.296176253999931, -0.470728058999983 ], [ -50.301986371999895, -0.470859188 ], [ -50.303607461, -0.47131937399997 ], [ -50.304055273999921, -0.471346569 ], [ -50.304082105999925, -0.471348199000046 ], [ -50.305216015999953, -0.47141705999997 ], [ -50.306668136999932, -0.472105306999984 ], [ -50.307638505999925, -0.47271903099996 ], [ -50.307738075, -0.473129348999981 ], [ -50.307768193999912, -0.473253467999948 ], [ -50.307979257999968, -0.474123251999972 ], [ -50.308261906, -0.475046769 ], [ -50.309307726000014, -0.477276877999957 ], [ -50.310181164999989, -0.479083320000031 ], [ -50.311237278999975, -0.480448974999961 ], [ -50.312970652999951, -0.482062328999957 ], [ -50.314505698999952, -0.483217932 ], [ -50.314536758999949, -0.48325235100001 ], [ -50.315232795999982, -0.48402368199997 ], [ -50.317934920999917, -0.487018106999928 ], [ -50.318800668999963, -0.488486955999958 ], [ -50.318849359999902, -0.488577598 ], [ -50.318856268999944, -0.488590459 ], [ -50.31949908999993, -0.489787114999976 ], [ -50.32007828299998, -0.490930725 ], [ -50.320253561999913, -0.491276812999955 ], [ -50.320872946999913, -0.492099173999963 ], [ -50.321078942, -0.492372674000032 ], [ -50.321987435000025, -0.493779241999972 ], [ -50.322570136999921, -0.494671033999952 ], [ -50.322946864999913, -0.495631258 ], [ -50.322808887999955, -0.496848383999984 ], [ -50.322588004999979, -0.49722392199997 ], [ -50.322259576999983, -0.497782304999985 ], [ -50.321607436999933, -0.498347877999974 ], [ -50.319979073999939, -0.499187785000013 ], [ -50.319294407999955, -0.500131703999953 ], [ -50.319260583999913, -0.500772728999967 ], [ -50.31956974699991, -0.502230535999972 ], [ -50.320306848999969, -0.503705656999989 ], [ -50.320889594999962, -0.504948080000025 ], [ -50.321096304, -0.506131065000028 ], [ -50.321106550999971, -0.506280794999983 ], [ -50.32112833, -0.506599045000025 ], [ -50.321145332999983, -0.506847514999977 ], [ -50.321197555999952, -0.507610643999969 ], [ -50.321639853999955, -0.50908723299993 ], [ -50.322277013, -0.510829946999971 ], [ -50.32276754, -0.512171606999958 ], [ -50.32326362500001, -0.513370392999937 ], [ -50.323619798, -0.513921237000039 ], [ -50.324759229999948, -0.515866091000019 ], [ -50.325452153999905, -0.517048818 ], [ -50.325793037999951, -0.518110578000011 ], [ -50.32605144199993, -0.51939464399994 ], [ -50.326113213999975, -0.52046570499992 ], [ -50.326205594999983, -0.522067492000025 ], [ -50.326176069000027, -0.522532844999981 ], [ -50.32615342099993, -0.522889787999938 ], [ -50.325623003, -0.524139474000043 ], [ -50.325200130000013, -0.524894047000037 ], [ -50.324450705999908, -0.525646072 ], [ -50.323800338999924, -0.526204812999955 ], [ -50.323294641, -0.52692896 ], [ -50.322618885999958, -0.528411348 ], [ -50.32255311399993, -0.52866976399998 ], [ -50.322316307999969, -0.529600170999958 ], [ -50.32185941999991, -0.53087355199998 ], [ -50.32162552399992, -0.531556173999972 ], [ -50.321406882999952, -0.532399981999978 ], [ -50.321064615999965, -0.533345888 ], [ -50.320716341000015, -0.534108651999956 ], [ -50.32064936099998, -0.534273966999956 ], [ -50.320402143999949, -0.534884131 ], [ -50.320195229999975, -0.535754505999977 ], [ -50.320195093999963, -0.536542433999978 ], [ -50.320554695999959, -0.537290620999977 ], [ -50.32091967399996, -0.5377085 ], [ -50.321212711999962, -0.538044011999963 ], [ -50.32123730199995, -0.538072165999983 ], [ -50.32149683599993, -0.538369317999967 ], [ -50.322550123999953, -0.539194943999979 ], [ -50.325381572999923, -0.541281376000038 ], [ -50.327710041999936, -0.542750579 ], [ -50.328023114, -0.543027849999946 ], [ -50.328520963999978, -0.543468770000013 ], [ -50.328949257999973, -0.544015078 ], [ -50.329213035999949, -0.544669782 ], [ -50.329437511999963, -0.545226041000015 ], [ -50.329531479999922, -0.54545889799992 ], [ -50.329535618, -0.545469150999969 ], [ -50.329539754999985, -0.545479403999929 ], [ -50.329719376999925, -0.546421706 ], [ -50.330018492999983, -0.549143316000036 ], [ -50.33003968099996, -0.550782917999983 ], [ -50.329993626999965, -0.55170245999995 ], [ -50.329955883999951, -0.552456085999955 ], [ -50.32984765399997, -0.553285848000042 ], [ -50.329839620000016, -0.553299668999943 ], [ -50.329482536999954, -0.553914008999969 ], [ -50.32898940199992, -0.554895612999919 ], [ -50.328881925, -0.555549061999985 ], [ -50.329164194, -0.55607153499996 ], [ -50.329814899000013, -0.556601112 ], [ -50.330999606999981, -0.556930804 ], [ -50.332232857999969, -0.557033597999981 ], [ -50.332419700999971, -0.557058968000037 ], [ -50.332880411999987, -0.557121524999973 ], [ -50.333282447999949, -0.55746332900001 ], [ -50.333531504999947, -0.557985279000031 ], [ -50.333586833, -0.558712154000043 ], [ -50.333403293999908, -0.560203764 ], [ -50.333380166999952, -0.56039171300001 ], [ -50.333317062999967, -0.56124903699998 ], [ -50.333288191999976, -0.561641275999927 ], [ -50.333299476999933, -0.56184205499993 ], [ -50.333354767999893, -0.562825723999962 ], [ -50.333518840999965, -0.563847591999957 ], [ -50.333877390999966, -0.564264891999935 ], [ -50.333808261999934, -0.564688153999962 ], [ -50.33336573, -0.565232811 ], [ -50.333003267999942, -0.56563181999997 ], [ -50.332202175, -0.566315791999985 ], [ -50.331278464999961, -0.566969523999985 ], [ -50.33037662499995, -0.567773376999972 ], [ -50.329313284999984, -0.568870251999956 ], [ -50.328421812999942, -0.569298479999949 ], [ -50.327531159999971, -0.569779100999925 ], [ -50.325918608999949, -0.570209842999949 ], [ -50.325461331999954, -0.570265382000015 ], [ -50.324494745, -0.570302793999913 ], [ -50.324134046, -0.570601969999975 ], [ -50.323854789999984, -0.570964689999967 ], [ -50.323595483999938, -0.57188229299995 ], [ -50.323494071999981, -0.573273829999978 ], [ -50.323359218999926, -0.573956603999983 ], [ -50.323108374999954, -0.574986592000029 ], [ -50.323125431999948, -0.576338932999922 ], [ -50.323054907999975, -0.577237513999931 ], [ -50.322884561, -0.577940301 ], [ -50.32224921200001, -0.578558233999962 ], [ -50.321270821999974, -0.57917605200001 ], [ -50.321096529999942, -0.579235061 ], [ -50.319775192999948, -0.580010916999987 ], [ -50.319260382999985, -0.581900221999989 ], [ -50.319087240999956, -0.582193496999919 ], [ -50.318959086999925, -0.582691722999931 ], [ -50.31893279199997, -0.583269865999982 ], [ -50.318827913999904, -0.584051461 ], [ -50.318809020999943, -0.584509375999955 ], [ -50.318728147999913, -0.585279779000016 ], [ -50.318767785, -0.586249336000035 ], [ -50.318832080999982, -0.586903864000012 ], [ -50.318995335, -0.587268106999952 ], [ -50.319067273, -0.587512901999956 ], [ -50.319099668, -0.587697577999959 ], [ -50.319125925999963, -0.588031514999967 ], [ -50.319452035999944, -0.588737051 ], [ -50.319691216999928, -0.589431503999984 ], [ -50.319936733, -0.590254494999956 ], [ -50.320243631999979, -0.591061891999969 ], [ -50.320636330999967, -0.592159906999958 ], [ -50.321057899999943, -0.593381566999964 ], [ -50.321382021999938, -0.594041162999916 ], [ -50.321617283999949, -0.594650242999952 ], [ -50.32173669899997, -0.595152476999941 ], [ -50.321979111999958, -0.595637040999977 ], [ -50.322474766999932, -0.596160710999962 ], [ -50.323676332999966, -0.597341655999974 ], [ -50.323915662999958, -0.598011709 ], [ -50.324101785, -0.599316819999975 ], [ -50.32425465699994, -0.600095091999977 ], [ -50.324405154999958, -0.601068670999974 ], [ -50.324495270999954, -0.602065496999939 ], [ -50.324476396, -0.603095633 ], [ -50.324377663999904, -0.603889645999969 ], [ -50.323911691999989, -0.604859184999986 ], [ -50.323778607999898, -0.605222571999944 ], [ -50.323599297999984, -0.605661907999968 ], [ -50.323499663999911, -0.60578942699995 ], [ -50.320512008999984, -0.609181216000012 ], [ -50.318794468999982, -0.611903141999983 ], [ -50.318305732999953, -0.613684690999952 ], [ -50.321118111999951, -0.617256474999985 ], [ -50.325268711, -0.620779948000019 ], [ -50.326508587, -0.627798898999989 ], [ -50.32739593899997, -0.633144342999961 ], [ -50.331481425999968, -0.63638318699998 ], [ -50.334452105999915, -0.638202234999943 ], [ -50.335581128999891, -0.638055111000027 ], [ -50.336892303999932, -0.637643040999949 ], [ -50.337963606999935, -0.636988173999944 ], [ -50.338979755, -0.636125327999961 ], [ -50.339581399999943, -0.635210522000031 ], [ -50.340198098999984, -0.634204289 ], [ -50.341487841999943, -0.63131946499996 ], [ -50.342108270999937, -0.630155814999958 ], [ -50.342803483999909, -0.629409832999963 ], [ -50.344172740999959, -0.628858249999977 ], [ -50.34587469199991, -0.628403291 ], [ -50.347454979999924, -0.628222061 ], [ -50.348837833999944, -0.627702682999933 ], [ -50.349583051999964, -0.62739445700001 ], [ -50.350357937999952, -0.627381035999965 ], [ -50.351578467999957, -0.627441748000015 ], [ -50.352755387999899, -0.627656126999989 ], [ -50.354456234999944, -0.628034673999958 ], [ -50.356586920999931, -0.628550038999967 ], [ -50.3580260539999, -0.629428247999977 ], [ -50.358574573999903, -0.630374175 ], [ -50.358639459999942, -0.631521729 ], [ -50.358103410999909, -0.634267553 ], [ -50.358448130999918, -0.636369181999976 ], [ -50.358656763999953, -0.637645688 ], [ -50.359182954999966, -0.638725282999966 ], [ -50.360667121999931, -0.640740569 ], [ -50.362324469000015, -0.641981992999954 ], [ -50.363320438999914, -0.642309726999981 ], [ -50.364613184999939, -0.642069386 ], [ -50.370151978999921, -0.641898148999944 ], [ -50.372115021999981, -0.641578998 ], [ -50.375969333999947, -0.64024271499993 ], [ -50.379135757999926, -0.639147271999976 ], [ -50.381104649999941, -0.638462477999981 ], [ -50.385097141999964, -0.63841617999997 ], [ -50.387036756999954, -0.639315306999935 ], [ -50.38895372799994, -0.641491752999981 ], [ -50.389776376999968, -0.642796009999982 ], [ -50.391231057999981, -0.644443300000033 ], [ -50.392921916, -0.645553058000017 ], [ -50.396414609999972, -0.646614109999968 ], [ -50.398265464999987, -0.647452282999952 ], [ -50.399137066999984, -0.648308952999956 ], [ -50.399759155999945, -0.650087679999958 ], [ -50.401749165999931, -0.653924843000011 ], [ -50.403054408999921, -0.656362796999934 ], [ -50.403330376000021, -0.657098679999981 ], [ -50.403461364999934, -0.658966617 ], [ -50.403746630999912, -0.660657747000029 ], [ -50.405332809999969, -0.66320851699996 ], [ -50.406293661999975, -0.664894900999959 ], [ -50.406532053999982, -0.665941108000014 ], [ -50.406513992, -0.667490709999976 ], [ -50.406120553999955, -0.668369977999985 ], [ -50.406066503000012, -0.668490773000032 ], [ -50.405619012999935, -0.669490837 ], [ -50.404689632999954, -0.671784229999952 ], [ -50.404355234, -0.673744633999975 ], [ -50.404146362999946, -0.675465541999989 ], [ -50.404172041999935, -0.677580539000013 ], [ -50.404866048999985, -0.680386998999962 ], [ -50.404931688, -0.682009712000022 ], [ -50.404772457999968, -0.683595539999962 ], [ -50.404879720999958, -0.685023117999952 ], [ -50.40503773899998, -0.685954180999984 ], [ -50.405435398999927, -0.686713513000017 ], [ -50.406138772999952, -0.688320092999986 ], [ -50.406410550999965, -0.689295777999979 ], [ -50.406300539000014, -0.690992512000035 ], [ -50.404685883, -0.695563150999936 ], [ -50.404492081999948, -0.69623613399993 ], [ -50.404562734999935, -0.697026277000026 ], [ -50.405345149999924, -0.699783160999958 ], [ -50.405854418999958, -0.700865854000012 ], [ -50.407300929, -0.70180138799997 ], [ -50.408203961999938, -0.702011087 ], [ -50.41019890499998, -0.702078659 ], [ -50.411141040999951, -0.702169135000021 ], [ -50.41178001899997, -0.702360304999941 ], [ -50.413790821999989, -0.703330072999977 ], [ -50.415725162999898, -0.704490758 ], [ -50.416670617999969, -0.704823046999961 ], [ -50.41771023599992, -0.704873167000022 ], [ -50.418535149999961, -0.704634309999976 ], [ -50.423699955, -0.703253275999929 ], [ -50.426035127999945, -0.702731072999976 ], [ -50.42856106199995, -0.702333536999946 ], [ -50.431099235, -0.702096823999989 ], [ -50.432179221999917, -0.701867026999983 ], [ -50.43490811500002, -0.700677583999978 ], [ -50.436514165999945, -0.699820217 ], [ -50.437462501999981, -0.698918263999984 ], [ -50.438269523999963, -0.697780338999978 ], [ -50.438919487999918, -0.696681485999919 ], [ -50.440630166999973, -0.69327556400002 ], [ -50.440910658999911, -0.692915188999956 ], [ -50.441191150999941, -0.692554814999982 ], [ -50.447977981999976, -0.688138503999971 ], [ -50.449436432999946, -0.68709856 ], [ -50.452270010999918, -0.686269778999984 ], [ -50.454977303999925, -0.685842778 ], [ -50.457016430999978, -0.685406229999943 ], [ -50.460325799999971, -0.684415592999956 ], [ -50.461575534999987, -0.68417923999994 ], [ -50.462711301, -0.684298589000045 ], [ -50.462975527999916, -0.68444534700002 ], [ -50.463239753999929, -0.684592105 ], [ -50.463570432999937, -0.685096615 ], [ -50.46381104499995, -0.68578106799996 ], [ -50.464791153999954, -0.687747762999971 ], [ -50.46562426699996, -0.689300417 ], [ -50.466601655, -0.690925566 ], [ -50.467010671999923, -0.692465786999987 ], [ -50.467289016999949, -0.694301355999984 ], [ -50.467451059999945, -0.696925017 ], [ -50.46793835199994, -0.701501698999953 ], [ -50.468072134999908, -0.702477977 ], [ -50.468528692999932, -0.708158263999961 ], [ -50.469845115999966, -0.712311466999962 ], [ -50.472164242999916, -0.718455637000028 ], [ -50.473011396999929, -0.720512369999939 ], [ -50.473062633, -0.720636762000018 ], [ -50.476762136999938, -0.723834630999933 ], [ -50.477493442999965, -0.720956047999968 ], [ -50.481308124999934, -0.71737289499997 ], [ -50.490599069999952, -0.710308105000026 ], [ -50.496293351999917, -0.708110476 ], [ -50.498572590999942, -0.707230834999963 ], [ -50.5069344, -0.703490464000014 ], [ -50.512800935, -0.699907954999981 ], [ -50.518257144999907, -0.695311832000014 ], [ -50.518958899999973, -0.693968752 ], [ -50.521449645, -0.689201742000014 ], [ -50.523565982999962, -0.68615009699994 ], [ -50.526548721000019, -0.681849150999971 ], [ -50.527515338999969, -0.680455340000021 ], [ -50.530902327999989, -0.677201125999973 ], [ -50.531356031999962, -0.676765207999965 ], [ -50.537101574, -0.674171236999923 ], [ -50.541557489, -0.672460044 ], [ -50.548457111999952, -0.671860832999984 ], [ -50.550168745999912, -0.67171218200003 ], [ -50.560873293, -0.671792823000041 ], [ -50.575975054999951, -0.669988777999988 ], [ -50.576994277, -0.66986702299995 ], [ -50.583158366999932, -0.66964923199996 ], [ -50.584669157999969, -0.669595852999985 ], [ -50.586499188999952, -0.669531193999964 ], [ -50.597343153999951, -0.669947490999947 ], [ -50.60515576899995, -0.66986081799997 ], [ -50.608983397999928, -0.668087616999982 ], [ -50.612294925999919, -0.666125555 ], [ -50.61382039599993, -0.663448549000014 ], [ -50.616825772, -0.659186145000037 ], [ -50.619997794999989, -0.649761966 ], [ -50.621709720999974, -0.646639203 ], [ -50.622217327999962, -0.645713266000039 ], [ -50.624497211999952, -0.643570768999959 ], [ -50.632086312999931, -0.63939063899995 ], [ -50.640867311999948, -0.636896566 ], [ -50.645475112999989, -0.636853024999953 ], [ -50.652691626999967, -0.637151972 ], [ -50.65924496799996, -0.63801233100004 ], [ -50.663704722000013, -0.637149354999957 ], [ -50.671024593000013, -0.632158315 ], [ -50.672609238999939, -0.631217102999928 ], [ -50.67576312799995, -0.629141836 ], [ -50.684189376999917, -0.622449044 ], [ -50.686422398999937, -0.618902076999985 ], [ -50.687363919999946, -0.614729395999971 ], [ -50.688092850999951, -0.605346243999962 ], [ -50.689801167999988, -0.597785204 ], [ -50.690996905999981, -0.594291554999939 ], [ -50.697065859999952, -0.586537766999919 ], [ -50.698521246999938, -0.583951349999969 ], [ -50.701006868999983, -0.579534065999967 ], [ -50.703791897999935, -0.573207287999979 ], [ -50.706225759999967, -0.56767826 ], [ -50.710694809999985, -0.556963540999957 ], [ -50.717699959999969, -0.54911473299998 ], [ -50.728749392999916, -0.539773114999944 ], [ -50.730033202, -0.537984278 ], [ -50.734555104999956, -0.530293137999918 ], [ -50.737000993, -0.525772722 ], [ -50.746394104999943, -0.515454719 ], [ -50.750644649, -0.512831236 ], [ -50.758390858999931, -0.508048817999986 ], [ -50.761222971999963, -0.507038071999935 ], [ -50.764206374999986, -0.507096453999969 ], [ -50.765838666999947, -0.507128875999987 ], [ -50.771254003999928, -0.508814650000025 ], [ -50.775727475999965, -0.511280998999988 ], [ -50.780557660999932, -0.515400824999981 ], [ -50.78495052799996, -0.517362434999926 ], [ -50.792674123999966, -0.521835047999977 ], [ -50.797174379999909, -0.5228315 ], [ -50.803921623999955, -0.525207023 ], [ -50.811260706999946, -0.52616431799998 ], [ -50.818476462999946, -0.527619993999986 ], [ -50.835917561, -0.530363167999939 ], [ -50.838942723999935, -0.531351686999928 ], [ -50.842681383999917, -0.531944162999922 ], [ -50.84986520999994, -0.534371496999944 ], [ -50.853556462, -0.536324782 ], [ -50.857283967999955, -0.537652315999972 ], [ -50.860085931999976, -0.539435395999979 ], [ -50.863669990999959, -0.540194877000024 ], [ -50.866840458999917, -0.541631406999956 ], [ -50.868387207999909, -0.542067462999976 ], [ -50.880867194999908, -0.545583085999981 ], [ -50.884255984999989, -0.546979124000027 ], [ -50.888640483999943, -0.547739955 ], [ -50.892143166999944, -0.54951895200003 ], [ -50.89686712000001, -0.55052559699992 ], [ -50.900560370999969, -0.552079855 ], [ -50.906532955999957, -0.553258745999932 ], [ -50.909919057, -0.554641280999926 ], [ -50.913504018999966, -0.555401724999962 ], [ -50.929364662999909, -0.562147799 ], [ -50.932947768, -0.563024764 ], [ -50.938784478999928, -0.566352060999966 ], [ -50.958113888999911, -0.574428686999964 ], [ -50.964608364999918, -0.579123738000034 ], [ -50.968225870999916, -0.581198295 ], [ -50.970452414999933, -0.583817584 ], [ -50.973594742999957, -0.585779017999934 ], [ -50.976509303999968, -0.5886308 ], [ -50.985898299999931, -0.596611300999941 ], [ -50.988260258999958, -0.599627198999988 ], [ -51.000502669999932, -0.615264347 ], [ -51.008366441, -0.627436680999951 ], [ -51.011059572999983, -0.630922518999979 ], [ -51.022337073999964, -0.641487667 ], [ -51.027540034999959, -0.643774766999963 ], [ -51.036773825999958, -0.649462820999949 ], [ -51.042391109999947, -0.651453078000044 ], [ -51.044752747999951, -0.653324015999948 ], [ -51.055047086999949, -0.656670011999951 ], [ -51.066635448999897, -0.659411685999958 ], [ -51.072947810999935, -0.660331249000015 ], [ -51.079399980999902, -0.661832550999977 ], [ -51.094455162, -0.661555119999937 ], [ -51.09991992299998, -0.657023331999964 ], [ -51.104395075999975, -0.654875396999968 ], [ -51.113425460999927, -0.651901818999958 ], [ -51.117891862, -0.649309435999958 ], [ -51.120031351999913, -0.646909895000016 ], [ -51.122594565999989, -0.641841555999969 ], [ -51.123565567999947, -0.638872298999962 ], [ -51.123504400999948, -0.635774200999952 ], [ -51.121839246999933, -0.625176643 ], [ -51.120036565999989, -0.621222244000021 ], [ -51.118110243999944, -0.618296558999978 ], [ -51.114758466999909, -0.613204189999985 ], [ -51.109140381999936, -0.600764789999966 ], [ -51.104643737999943, -0.594502245999964 ], [ -51.09914332999994, -0.581763236000024 ], [ -51.097349680999947, -0.575848183 ], [ -51.092924112999967, -0.562876953999938 ], [ -51.093831860999934, -0.555945845999952 ], [ -51.094267718999937, -0.553271117999978 ], [ -51.094900967999934, -0.550323833999924 ], [ -51.095753337999938, -0.546356701999953 ], [ -51.101795921999944, -0.541068756999943 ], [ -51.104439700999933, -0.541068432 ], [ -51.113740591999978, -0.546188623 ], [ -51.117470947999983, -0.548242204 ], [ -51.124254729999947, -0.550700650999927 ], [ -51.135793227999947, -0.549372400999983 ], [ -51.144673455, -0.547859839999978 ], [ -51.150720243, -0.545025568000037 ], [ -51.159578581999931, -0.537853669000024 ], [ -51.161761625999986, -0.53600143999998 ], [ -51.162544169999897, -0.535337480999933 ], [ -51.167157316999941, -0.531423403 ], [ -51.17489232, -0.520164973 ], [ -51.178100066999939, -0.512800376000024 ], [ -51.180914406999918, -0.505630155999972 ], [ -51.180559146999926, -0.501468176999955 ], [ -51.178103252999939, -0.499013615 ], [ -51.177290683999942, -0.498568447000016 ], [ -51.176946869999917, -0.498380086999974 ], [ -51.176871083999949, -0.498338568 ], [ -51.174318993, -0.496940396999959 ], [ -51.165456616, -0.49429066300001 ], [ -51.161090166999941, -0.492985153 ], [ -51.150338569999953, -0.486177356 ], [ -51.148449813999903, -0.483156326999969 ], [ -51.148068416999969, -0.476931099999947 ], [ -51.149387976, -0.468231461 ], [ -51.148442166999985, -0.461434798999951 ], [ -51.146641650999953, -0.457321903 ], [ -51.144004762999913, -0.452184363 ], [ -51.142211851999981, -0.448974706 ], [ -51.141549612999903, -0.443217709 ], [ -51.140947996999948, -0.436973150999966 ], [ -51.14351759100002, -0.420682552999976 ], [ -51.148251417000012, -0.409256592999965 ], [ -51.155051187999966, -0.402457849 ], [ -51.159206025999922, -0.402834909000029 ], [ -51.165290306999921, -0.404959348000036 ], [ -51.172372159999945, -0.408275417999961 ], [ -51.179327684, -0.41159736899993 ], [ -51.185341055999984, -0.414729204999977 ], [ -51.190560253999905, -0.417447425 ], [ -51.195855969999933, -0.420205496999939 ], [ -51.209096824999918, -0.42398073100002 ], [ -51.21616680999994, -0.425747262999989 ], [ -51.229505762999956, -0.429080183999977 ], [ -51.237031691999952, -0.42966358500002 ], [ -51.24160198, -0.430017867999934 ], [ -51.245691234999953, -0.430071905999965 ], [ -51.254987386999957, -0.430194752 ], [ -51.264034667999979, -0.431531077 ], [ -51.272033689999951, -0.43190637599996 ], [ -51.282224989999946, -0.433097044999977 ], [ -51.292227830999892, -0.434361535999974 ], [ -51.303847441999935, -0.436748302000014 ], [ -51.30816859799998, -0.437803785999948 ], [ -51.312281411999926, -0.438970614999947 ], [ -51.319380018999915, -0.440984530999957 ], [ -51.324108572999911, -0.442320580999924 ], [ -51.328537837999932, -0.443568933999918 ], [ -51.334854337999957, -0.445349189999957 ], [ -51.341589585999898, -0.44809057299994 ], [ -51.347323057, -0.450556364999946 ], [ -51.353163006999942, -0.45334941999994 ], [ -51.363036858999962, -0.45999135299998 ], [ -51.371928520999987, -0.463975805999963 ], [ -51.378104439999923, -0.465559274999974 ], [ -51.381771990999979, -0.466395251999954 ], [ -51.390529616, -0.468393767000022 ], [ -51.399127182999948, -0.470356307999955 ], [ -51.419044941000024, -0.474574365 ], [ -51.427895557999932, -0.476448693 ], [ -51.432479183999931, -0.473342514000032 ], [ -51.429492308999976, -0.46559155299998 ], [ -51.42843357499995, -0.461943011 ], [ -51.426795404999943, -0.454424327999972 ], [ -51.425157234999936, -0.446905643999953 ], [ -51.423669526999944, -0.436611183999949 ], [ -51.422259815999922, -0.431922689999977 ], [ -51.420725529999984, -0.428993180999973 ], [ -51.419044941000024, -0.427066392999977 ], [ -51.41667555, -0.424349896000011 ], [ -51.413178798999958, -0.421745152999877 ], [ -51.40377132699998, -0.414737489999952 ], [ -51.395785526999944, -0.404970556999986 ], [ -51.379838421999956, -0.38886782 ], [ -51.378563512999982, -0.387580468999973 ], [ -51.368369911999977, -0.37625753299996 ], [ -51.364309101999893, -0.371315553999976 ], [ -51.362505288999948, -0.368107913999962 ], [ -51.362214594999962, -0.365307262999961 ], [ -51.36192390199998, -0.36250661199996 ], [ -51.36200401599995, -0.358820730999989 ], [ -51.36187483399992, -0.358198246 ], [ -51.359897589999925, -0.348673962999948 ], [ -51.359172702999984, -0.341907247999975 ], [ -51.35511435199993, -0.323828127999972 ], [ -51.354765619999938, -0.321037425999906 ], [ -51.354451846999915, -0.318524077999962 ], [ -51.351508099999975, -0.311051294000011 ], [ -51.347782825999943, -0.299613339999985 ], [ -51.347460815999945, -0.298997075999976 ], [ -51.346866947999921, -0.297860528 ], [ -51.34595107, -0.296107716999918 ], [ -51.339009670999957, -0.28457696700003 ], [ -51.334062390999975, -0.277439960999972 ], [ -51.332118321999971, -0.273784420000025 ], [ -51.329507674999974, -0.27068027799996 ], [ -51.328518090435722, -0.269503606652401 ], [ -51.328518017999976, -0.269503653999861 ], [ -51.32807779499997, -0.268980227999895 ], [ -51.326815968999924, -0.267479432999975 ], [ -51.323032110999932, -0.263769327999954 ], [ -51.31495088699991, -0.258905623999963 ], [ -51.306900665999962, -0.256091726000021 ], [ -51.302481612, -0.252642652000015 ], [ -51.302105406999949, -0.251695847999924 ], [ -51.300092387999925, -0.246634793999947 ], [ -51.296535973999923, -0.241827290999987 ], [ -51.289595456999955, -0.228076845000027 ], [ -51.281225088999989, -0.21700743600003 ], [ -51.280403442999955, -0.215630951 ], [ -51.279483753999976, -0.214090214999976 ], [ -51.276258504999923, -0.21045638799996 ], [ -51.272450658999986, -0.20432203 ], [ -51.265708404999906, -0.195455534000013 ], [ -51.259976643999948, -0.186993985999964 ], [ -51.258367299000014, -0.184066940999985 ], [ -51.257173958999957, -0.180551899000028 ], [ -51.240980614999927, -0.156214056999984 ], [ -51.23503619799996, -0.143639151999944 ], [ -51.223422709999973, -0.127782037000026 ], [ -51.219704030999957, -0.124303019000029 ], [ -51.216362859, -0.118612786000041 ], [ -51.211565833999927, -0.118558103999957 ], [ -51.208054135999888, -0.117007271999983 ], [ -51.20030947, -0.113587081999968 ], [ -51.195701179, -0.112629153999935 ], [ -51.188389079999936, -0.11023566599996 ], [ -51.181005218999971, -0.106658010999974 ], [ -51.174898631, -0.104534772999978 ], [ -51.171726711999916, -0.103993430999951 ], [ -51.158781994, -0.103187466999968 ], [ -51.1513609739999, -0.103185897999927 ], [ -51.147786604000011, -0.102671631 ], [ -51.143360705, -0.101279339 ], [ -51.141643164999913, -0.100739048999978 ], [ -51.126452803999918, -0.098107508999936 ], [ -51.118394025999976, -0.097537783999959 ], [ -51.113202714999971, -0.096607927000028 ], [ -51.09972835899994, -0.091257983999951 ], [ -51.097034526999984, -0.088359381000016 ], [ -51.092396461999918, -0.088891906999935 ], [ -51.084918056999946, -0.087540136 ], [ -51.080836177999984, -0.086443342999933 ], [ -51.075930658999908, -0.083732497 ], [ -51.068925895999961, -0.079125743000033 ], [ -51.065674178999942, -0.076226305000029 ], [ -51.059871567999977, -0.067915795000042 ], [ -51.054220609999952, -0.061520099999948 ], [ -51.045611058999917, -0.050877899999948 ], [ -51.039642634, -0.043500374999974 ], [ -51.03043891899992, -0.029383763 ], [ -51.029592731999983, -0.028274671999986 ], [ -51.026536744999902, -0.024272745999978 ], [ -51.02364425599994, -0.019312608 ], [ -51.017338173999981, -0.010723633999978 ], [ -51.01080744, -0.004500069 ], [ -51.007475584, -0.000345649 ], [ -51.00047319199998, -0.000345649 ], [ -50.996912250999955, 0.003451082 ], [ -50.992178038999931, 0.012953689000037 ], [ -50.989866569999904, 0.019345023000037 ], [ -50.985116033999951, 0.029420072 ], [ -50.980962927999961, 0.035405772000017 ], [ -50.97925336, 0.037403392000011 ], [ -50.974832573999969, 0.041793231000051 ], [ -50.968705858999925, 0.046253402000049 ], [ -50.965499619999939, 0.049396944 ], [ -50.959472585999976, 0.053857940000066 ], [ -50.946239868999953, 0.062709271000037 ], [ -50.937438380999929, 0.067793100000033 ], [ -50.934169623999921, 0.069681167000022 ], [ -50.921093250999959, 0.076133569000012 ], [ -50.908074562999971, 0.079482036000043 ], [ -50.900190784999943, 0.081172836000052 ], [ -50.889818526999896, 0.084514157000024 ], [ -50.879778724999909, 0.086782644000047 ], [ -50.871915529999988, 0.089223748000054 ], [ -50.848998952999942, 0.094290300000042 ], [ -50.842312551999953, 0.096558004 ], [ -50.836479660999977, 0.097636525999976 ], [ -50.82270800999995, 0.10188912900003 ], [ -50.812991340999965, 0.104244772000071 ], [ -50.808910378999904, 0.105234131999952 ], [ -50.80351855, 0.106323446000021 ], [ -50.784796942999954, 0.112112046000066 ], [ -50.766780276999967, 0.119623285 ], [ -50.761956135999959, 0.120977995 ], [ -50.75196977799996, 0.126125195 ], [ -50.743508840999958, 0.130485155999969 ], [ -50.732288626999917, 0.138617861999988 ], [ -50.726461699999987, 0.141601098 ], [ -50.723364800999903, 0.144318344000025 ], [ -50.718752434999921, 0.146967632000026 ], [ -50.707593018999937, 0.155985665000111 ], [ -50.707589259999985, 0.15598885900002 ], [ -50.707587627999935, 0.155990178000218 ], [ -50.700979577999945, 0.161606764999975 ], [ -50.690439323999946, 0.16847667499996 ], [ -50.675661841, 0.179178239999986 ], [ -50.668197495999955, 0.185034472000032 ], [ -50.647882368999952, 0.205381913000044 ], [ -50.644821915999948, 0.208748716 ], [ -50.631997070999923, 0.222856796999968 ], [ -50.623601042999965, 0.231776273999982 ], [ -50.619061979, 0.234790503000069 ], [ -50.615224460000015, 0.237956543000015 ], [ -50.606778257, 0.245736404000061 ], [ -50.599667973999928, 0.249357407 ], [ -50.597474721, 0.244017858000065 ], [ -50.592678720000016, 0.239764612000046 ], [ -50.590113902999988, 0.236507705000042 ], [ -50.583673298999905, 0.231170819000068 ], [ -50.580159097000021, 0.227188826000022 ], [ -50.572241707999964, 0.221399434 ], [ -50.558318697999937, 0.212895155000057 ], [ -50.549054904999942, 0.205927654 ], [ -50.544157366, 0.201131342000069 ], [ -50.530518205999918, 0.191995752000027 ], [ -50.523013439999986, 0.188375297000052 ], [ -50.505527499999943, 0.184213120000019 ], [ -50.502196605999949, 0.183761123000012 ], [ -50.498774822999977, 0.184121517999989 ], [ -50.487641394000015, 0.182131646000014 ], [ -50.470882269999983, 0.177517621999987 ], [ -50.462762164999937, 0.173628388000067 ], [ -50.453262470999967, 0.168380503 ], [ -50.447405320999934, 0.163856373000035 ], [ -50.436216692999935, 0.153542904000057 ], [ -50.432880080999908, 0.149561829 ], [ -50.426352940999948, 0.137620201000042 ], [ -50.420609537, 0.128211542999965 ], [ -50.415437534, 0.117552984000033 ], [ -50.412970484999974, 0.112469269999957 ], [ -50.405668831999968, 0.088947920000058 ], [ -50.402661646999931, 0.074561380999958 ], [ -50.39569862999997, 0.050498172000077 ], [ -50.392408434999965, 0.043802714999961 ], [ -50.380246793999923, 0.025709424000029 ], [ -50.377884293999941, 0.022813954000087 ], [ -50.37034304699992, 0.016587977 ], [ -50.360873069, 0.010238433 ], [ -50.353426960999954, 0.003363757999972 ], [ -50.348104430999925, -0.000345649 ], [ -50.344971094999934, -0.001989144 ], [ -50.33181063899994, -0.013135120999932 ], [ -50.326357713999954, -0.020364105999962 ], [ -50.322342063999969, -0.026770867 ], [ -50.308084785999903, -0.049514896999971 ], [ -50.303169569, -0.058106243999925 ], [ -50.299745521999938, -0.066092043999957 ], [ -50.299369060999965, -0.066969223999971 ], [ -50.298803918999923, -0.0682877 ], [ -50.297500657999912, -0.076907140999962 ], [ -50.297921111999976, -0.095174187999971 ], [ -50.29866601199997, -0.101589070999966 ], [ -50.28965199499995, -0.111415905 ], [ -50.195977640999985, -0.213524256999955 ], [ -50.194162612999911, -0.218789124 ], [ -50.113407683999988, -0.45292864600003 ], [ -50.107219091999973, -0.470861645999934 ] ] ] ] } },
{ "type": "Feature", "properties": { "CD_MUN": "1500701", "NM_MUN": "Anajás", "SIGLA": "PA", "AREA_KM2": 6913.64 }, "geometry": { "type": "MultiPolygon", "coordinates": [ [ [ [ -50.107219091999973, -0.470861645999934 ], [ -50.101720962999892, -0.46933646199995 ], [ -50.101568058999945, -0.469094950999951 ], [ -50.101565695000012, -0.469097508999985 ], [ -50.101208344999932, -0.46885019599995 ], [ -50.100768952999907, -0.468714882999945 ], [ -50.10028849199994, -0.468565639999943 ], [ -50.099777892999974, -0.468620412999945 ], [ -50.099336019, -0.468605163000015 ], [ -50.098795996, -0.46852314999998 ], [ -50.09786829999998, -0.468264188999958 ], [ -50.097395842999966, -0.468095159 ], [ -50.09692150799998, -0.467948514999952 ], [ -50.096418973999967, -0.467812540999981 ], [ -50.095942359999967, -0.467797830999919 ], [ -50.095375173999933, -0.46778832500002 ], [ -50.094742127999957, -0.467725514999975 ], [ -50.094093012999984, -0.467780831000022 ], [ -50.093886002, -0.467895259999986 ], [ -50.093542665, -0.468078795999984 ], [ -50.09302201500001, -0.468252682999983 ], [ -50.092691085999981, -0.468384916 ], [ -50.09226670099995, -0.468386248999932 ], [ -50.091911949999911, -0.46835414600003 ], [ -50.091625740999945, -0.468263006999949 ], [ -50.09135033099998, -0.468149237999951 ], [ -50.091200568999938, -0.467932720999977 ], [ -50.091050383999942, -0.467716081 ], [ -50.090860149999926, -0.467519853999923 ], [ -50.090615167, -0.467430360999979 ], [ -50.090357117999957, -0.467401534 ], [ -50.09007280099997, -0.46741534399998 ], [ -50.089668516999915, -0.467564060000027 ], [ -50.08928902599996, -0.46769575 ], [ -50.088940523, -0.467753446999977 ], [ -50.088507786999976, -0.467711904999915 ], [ -50.088050347999967, -0.46755933 ], [ -50.087671137999941, -0.467461619999989 ], [ -50.087398990999986, -0.467320211000013 ], [ -50.086964482, -0.467283761000017 ], [ -50.086704885999929, -0.467045828999959 ], [ -50.086402129999925, -0.466970199 ], [ -50.086087862999946, -0.466918642999916 ], [ -50.085760682999968, -0.466831329999975 ], [ -50.085444399, -0.466667185999983 ], [ -50.085214101999952, -0.46658056900001 ], [ -50.085055731999901, -0.46667884199997 ], [ -50.084852341999948, -0.46682876399994 ], [ -50.084447325000014, -0.466985775999964 ], [ -50.084177696, -0.467040332999948 ], [ -50.083814360999952, -0.467070957 ], [ -50.083188304999936, -0.467064387999985 ], [ -50.082775983999923, -0.46697416299998 ], [ -50.082429168, -0.466754638999936 ], [ -50.081970882999926, -0.466529846999988 ], [ -50.081778485, -0.466443121999918 ], [ -50.081309231999981, -0.466406122999965 ], [ -50.081016475999917, -0.466350812 ], [ -50.080837937999974, -0.466264292999954 ], [ -50.080565238999974, -0.46625160999997 ], [ -50.080331127999962, -0.466345771000034 ], [ -50.080282714999953, -0.466525488999983 ], [ -50.080191924, -0.466877269999957 ], [ -50.080225955999964, -0.467429104999963 ], [ -50.080180995999974, -0.467690563000014 ], [ -50.080159283999954, -0.468007784999971 ], [ -50.080167163999896, -0.468372286000021 ], [ -50.080217929999925, -0.468774010999953 ], [ -50.080268461999928, -0.46916888899994 ], [ -50.080229952999943, -0.469517515 ], [ -50.080181484999926, -0.469748938999972 ], [ -50.080081265999986, -0.46988356899992 ], [ -50.080075531999952, -0.470049269999953 ], [ -50.080192381999943, -0.470182011000011 ], [ -50.080402354999904, -0.470233683999934 ], [ -50.080730815, -0.470223045999942 ], [ -50.08097791099992, -0.470321844999946 ], [ -50.081018587, -0.47054839199995 ], [ -50.080944733999928, -0.470761674000011 ], [ -50.080828685999919, -0.470943511999957 ], [ -50.08060824899998, -0.470975522999941 ], [ -50.080568867999915, -0.471168342 ], [ -50.080601032999915, -0.471490414 ], [ -50.080654743999915, -0.47185659000001 ], [ -50.080766839999953, -0.472109753 ], [ -50.08083824499991, -0.472444196999957 ], [ -50.08077463999998, -0.472828199999933 ], [ -50.080704139, -0.473116038999946 ], [ -50.080609384999981, -0.47333972999998 ], [ -50.080574433999935, -0.473869020999986 ], [ -50.080544881999977, -0.474434318999952 ], [ -50.080447652000011, -0.474792198999987 ], [ -50.080438695999895, -0.475038915999972 ], [ -50.080442570999949, -0.475322545 ], [ -50.080570668999975, -0.475640457999917 ], [ -50.080720426999932, -0.476000454000038 ], [ -50.080830659, -0.476396275000015 ], [ -50.08097273899994, -0.47660029500002 ], [ -50.081123550999983, -0.476958539 ], [ -50.08119348, -0.477180513999977 ], [ -50.081204207, -0.477561040999932 ], [ -50.081179211999967, -0.477954025000029 ], [ -50.081217530999943, -0.478269883999962 ], [ -50.081280901999946, -0.478447880000035 ], [ -50.081390735999975, -0.478634430999927 ], [ -50.081343949, -0.478776377000036 ], [ -50.08119257700001, -0.478820963 ], [ -50.081015821999948, -0.478944472 ], [ -50.080917765, -0.479041351000022 ], [ -50.080890088999936, -0.479210408999977 ], [ -50.080935778999986, -0.479421334999932 ], [ -50.08102526299993, -0.479573538 ], [ -50.081160970999967, -0.479734294999981 ], [ -50.081181383999969, -0.479874045 ], [ -50.081013297, -0.480108360000022 ], [ -50.080733375999941, -0.480343348000014 ], [ -50.080440802999888, -0.480471514999961 ], [ -50.080259871999928, -0.480625581 ], [ -50.08008263100001, -0.480696505000013 ], [ -50.079901346000021, -0.480790472999972 ], [ -50.079695010999913, -0.480918040999958 ], [ -50.079495867999952, -0.48104450200003 ], [ -50.079247816999946, -0.481192997999971 ], [ -50.079078882, -0.481315074999946 ], [ -50.078855027999957, -0.481422608999962 ], [ -50.077272645999948, -0.482602003999935 ], [ -50.077121476999963, -0.482541562 ], [ -50.076747173999898, -0.482543478999977 ], [ -50.076422077, -0.482575707999979 ], [ -50.076123197999962, -0.482634126999928 ], [ -50.075949845999922, -0.482629298999973 ], [ -50.075579917999953, -0.482608587999946 ], [ -50.075301302999904, -0.482701722000014 ], [ -50.074974478999955, -0.482752065 ], [ -50.074632917999935, -0.482772074999973 ], [ -50.074510100999902, -0.482802516999916 ], [ -50.066194935999974, -0.480656616 ], [ -50.059170518, -0.479470638999926 ], [ -50.050861578999957, -0.479646277999981 ], [ -50.041500093999964, -0.480824541999949 ], [ -50.032605765, -0.480417884999964 ], [ -50.023497741999918, -0.478259057999955 ], [ -50.014136872999977, -0.478369989999985 ], [ -50.006750976999932, -0.47934092199994 ], [ -49.987084649999964, -0.484879378999983 ], [ -49.965249597999971, -0.493463560999965 ], [ -49.942164061999982, -0.506123895999968 ], [ -49.922382884999926, -0.518010681 ], [ -49.912244997, -0.523506697 ], [ -49.902269212999983, -0.531041297 ], [ -49.894100341, -0.539048399000022 ], [ -49.893081104999943, -0.54004745 ], [ -49.884945813999977, -0.548955786999974 ], [ -49.876496337999953, -0.556047942999962 ], [ -49.868854380999949, -0.56445023 ], [ -49.858887894, -0.572092979999974 ], [ -49.851944939, -0.580096735999982 ], [ -49.851386901999923, -0.580305586999943 ], [ -49.843578877999946, -0.58322045599998 ], [ -49.835356675999982, -0.587364336 ], [ -49.820550864000012, -0.600305333999964 ], [ -49.80902234999995, -0.603517317999982 ], [ -49.794216948000013, -0.602729294999973 ], [ -49.787218343999946, -0.603139651999909 ], [ -49.775303834999924, -0.604753811999972 ], [ -49.762469685000021, -0.602509798000019 ], [ -49.753164920999922, -0.599496571000016 ], [ -49.741751807999911, -0.595158730000014 ], [ -49.730803570999988, -0.590261302999986 ], [ -49.720576712999986, -0.584174118000016 ], [ -49.714417602999923, -0.579308533999958 ], [ -49.700244054999949, -0.569777297999954 ], [ -49.688941128999907, -0.564553703999939 ], [ -49.678750585999971, -0.557790808999927 ], [ -49.67032546699992, -0.554493100999922 ], [ -49.660578797999939, -0.553747394000039 ], [ -49.652267140999946, -0.556240056999959 ], [ -49.645805261999975, -0.561074972999966 ], [ -49.64208412999993, -0.564668707999951 ], [ -49.641140311999905, -0.565580212999963 ], [ -49.637045487999941, -0.571673790000018 ], [ -49.633856991999913, -0.574313446000021 ], [ -49.619913588999971, -0.585854669999977 ], [ -49.613108380999925, -0.590565279 ], [ -49.604166550999928, -0.595608614999934 ], [ -49.597274400999964, -0.596585039999988 ], [ -49.589997118000028, -0.598347393999967 ], [ -49.580443433999939, -0.602252034999919 ], [ -49.568436197999972, -0.609547478999941 ], [ -49.558352258999982, -0.614687535999972 ], [ -49.547828717999941, -0.619043544999966 ], [ -49.537663433999967, -0.624643045 ], [ -49.530381121999966, -0.631110396999981 ], [ -49.512718124999928, -0.642618341999937 ], [ -49.500468128999948, -0.649477520999922 ], [ -49.492357400999971, -0.664698571999969 ], [ -49.491920042999936, -0.665519494999947 ], [ -49.489263066, -0.667021759999988 ], [ -49.486276207999964, -0.668711232999977 ], [ -49.486013321999977, -0.671259609999977 ], [ -49.485085870999974, -0.671394729999966 ], [ -49.484407146999949, -0.672052771999967 ], [ -49.483926781, -0.672595997999972 ], [ -49.48357951999995, -0.673128777 ], [ -49.48354088199995, -0.673785797 ], [ -49.483476815999978, -0.674424361 ], [ -49.483349528999931, -0.674937067999961 ], [ -49.482951528999948, -0.675287169999974 ], [ -49.482462947999934, -0.675785160999967 ], [ -49.481965062999954, -0.676216750999972 ], [ -49.481577952999984, -0.67602648499995 ], [ -49.480952355999918, -0.675893430000043 ], [ -49.480317533999973, -0.675851558999954 ], [ -49.479649096999907, -0.676353694999934 ], [ -49.479232608, -0.677043717 ], [ -49.479253200999928, -0.67764727899994 ], [ -49.479342621999955, -0.678105966999967 ], [ -49.479727198999974, -0.678499648999944 ], [ -49.480192106999894, -0.679353533999985 ], [ -49.480594873, -0.680552265999959 ], [ -49.480835246, -0.681437194 ], [ -49.481266321999961, -0.682249807 ], [ -49.481735275999945, -0.683012499000037 ], [ -49.481757988999959, -0.683481133 ], [ -49.481200025999982, -0.684306013999949 ], [ -49.480795375999982, -0.684612349999982 ], [ -49.480489963999936, -0.684522132999978 ], [ -49.479955576999956, -0.68455519199996 ], [ -49.479451898999933, -0.685100387999951 ], [ -49.479161733, -0.685569415000034 ], [ -49.478939846999936, -0.68605683199995 ], [ -49.478795143999953, -0.686596050999979 ], [ -49.479103089999938, -0.686707774999986 ], [ -49.479598914999933, -0.686724091 ], [ -49.480167905999934, -0.686775393999985 ], [ -49.480297850999939, -0.687048662999947 ], [ -49.480029458999937, -0.68751528299992 ], [ -49.479725110999979, -0.688190064999974 ], [ -49.479708643999949, -0.68868703099997 ], [ -49.479858688999933, -0.689249129999938 ], [ -49.479876551, -0.68983024699997 ], [ -49.479897635999954, -0.690747248 ], [ -49.480088338999927, -0.691594918999963 ], [ -49.480401178999962, -0.692200378999965 ], [ -49.480494792999892, -0.692639723 ], [ -49.480738174999956, -0.693230430000016 ], [ -49.482772726999897, -0.695435379999934 ], [ -49.48413545199994, -0.698391976999959 ], [ -49.48569562399998, -0.70247932599993 ], [ -49.48746191399993, -0.70521365499995 ], [ -49.485213543999969, -0.707699756999949 ], [ -49.482939549000022, -0.709735042000039 ], [ -49.482495350999955, -0.712907163999956 ], [ -49.484940821999963, -0.720176993 ], [ -49.486275834999937, -0.722901016000046 ], [ -49.487387127999959, -0.727445969000042 ], [ -49.487167439, -0.731530699999974 ], [ -49.490991401000016, -0.733815504999926 ], [ -49.493911172000011, -0.733819356999978 ], [ -49.497926997999926, -0.734336031999918 ], [ -49.498208652999963, -0.735054572999951 ], [ -49.498263091999938, -0.735789652999932 ], [ -49.498251899999985, -0.736550932999949 ], [ -49.498333569, -0.73735079299996 ], [ -49.498596186999961, -0.738427187000026 ], [ -49.498752173999989, -0.739257794 ], [ -49.498937983999909, -0.740043557 ], [ -49.498793263000017, -0.741225297 ], [ -49.497719950999937, -0.743135513999951 ], [ -49.500462747999947, -0.749315894 ], [ -49.544047737, -0.875981394000016 ], [ -49.541301371999964, -0.881180480999957 ], [ -49.540360645999932, -0.886507937000038 ], [ -49.542574624999979, -0.890036864 ], [ -49.542444002999915, -0.894798184000036 ], [ -49.541781899999933, -0.895508757999943 ], [ -49.539240529999979, -0.898238467999937 ], [ -49.539550829999897, -0.902386303999938 ], [ -49.539996508999913, -0.905280154000012 ], [ -49.538931164999966, -0.906901414999952 ], [ -49.539087315999915, -0.907187807000023 ], [ -49.539040127, -0.907632195000021 ], [ -49.538831514999977, -0.907887947999955 ], [ -49.538676156999912, -0.907934242999966 ], [ -49.538454973999912, -0.908119553999933 ], [ -49.538344, -0.908412022999974 ], [ -49.538380183999941, -0.908714297000026 ], [ -49.538578463999912, -0.908805749999955 ], [ -49.538781, -0.909223805 ], [ -49.539015471000013, -0.909618034999928 ], [ -49.539288704999969, -0.909823416999958 ], [ -49.539615152999978, -0.909819240999967 ], [ -49.539949226, -0.909959084 ], [ -49.540001583999981, -0.910149574999943 ], [ -49.539944701999978, -0.910541421999946 ], [ -49.53967703199995, -0.910771315999961 ], [ -49.539467566999939, -0.910718167 ], [ -49.53921747199994, -0.910944913000025 ], [ -49.539192677999928, -0.911312796 ], [ -49.539004897999938, -0.911582826999959 ], [ -49.538742563999989, -0.911539239 ], [ -49.538285481999921, -0.911221765999928 ], [ -49.53794029999996, -0.910920385999949 ], [ -49.537607968, -0.910688917999982 ], [ -49.537244336999926, -0.910591144999975 ], [ -49.53697801, -0.910730139000018 ], [ -49.536724893000027, -0.911138742999986 ], [ -49.536871726999919, -0.911348728999952 ], [ -49.537095360999949, -0.91158127699992 ], [ -49.537568443999923, -0.911986952 ], [ -49.537860408, -0.912497605999976 ], [ -49.538010013999951, -0.912924841999976 ], [ -49.537756714999958, -0.913134151999975 ], [ -49.537534126000011, -0.913210443999981 ], [ -49.537234644999927, -0.913264624000023 ], [ -49.537015325999988, -0.913159312000014 ], [ -49.536676559999933, -0.913091967999948 ], [ -49.53640828399994, -0.912812964999956 ], [ -49.536110044999958, -0.91246628299996 ], [ -49.536097712, -0.912195972999976 ], [ -49.536155637, -0.911913191999938 ], [ -49.535962285999986, -0.911748028000039 ], [ -49.535775288999972, -0.911618049999943 ], [ -49.535418507999935, -0.911754632999964 ], [ -49.535264678, -0.91210906699998 ], [ -49.535259454000013, -0.912582017000032 ], [ -49.535437626000011, -0.9129681 ], [ -49.535519689999958, -0.913426023999966 ], [ -49.535413722999984, -0.913644865000043 ], [ -49.535250504999979, -0.913746670000029 ], [ -49.534935392999934, -0.913911889000021 ], [ -49.534695612999897, -0.913990971 ], [ -49.534582922, -0.914374499000017 ], [ -49.534555004, -0.914724697999949 ], [ -49.534812171999953, -0.914842120999984 ], [ -49.534967276, -0.91502707600001 ], [ -49.534977412999943, -0.915305745999975 ], [ -49.534974617999978, -0.915586709999952 ], [ -49.535084822999949, -0.915753880000016 ], [ -49.535365026999955, -0.916050869999987 ], [ -49.535491078999904, -0.916308994000028 ], [ -49.535470457999971, -0.916566621999939 ], [ -49.535276370999988, -0.916748181999951 ], [ -49.535155173, -0.916890008999962 ], [ -49.535166330999942, -0.917101869 ], [ -49.535210245999934, -0.917348067000026 ], [ -49.535345928999973, -0.917511235999937 ], [ -49.535605514999958, -0.917920180000023 ], [ -49.53577650699998, -0.918130933999963 ], [ -49.536128956999924, -0.918357919 ], [ -49.536473041999969, -0.918417296000031 ], [ -49.536806818999963, -0.91871889999994 ], [ -49.536787190999938, -0.919056369999973 ], [ -49.536574234999904, -0.919281340999936 ], [ -49.536092745999944, -0.919273622999919 ], [ -49.53583801500001, -0.919118420999956 ], [ -49.535602704, -0.919146921 ], [ -49.535465889999948, -0.91927841799996 ], [ -49.535419449999928, -0.919540806 ], [ -49.535527079999952, -0.919842550999919 ], [ -49.535599467999901, -0.920097029000013 ], [ -49.535280103999945, -0.920328077999946 ], [ -49.535092767999984, -0.920401893000014 ], [ -49.53482681, -0.920409697000037 ], [ -49.534590222999974, -0.920505761 ], [ -49.534392225000019, -0.920741797999982 ], [ -49.534391894999906, -0.920888820999979 ], [ -49.534498367000012, -0.921110236 ], [ -49.534513627999942, -0.921120862 ], [ -49.534579, -0.921336372999972 ], [ -49.534644391999926, -0.921551945999957 ], [ -49.53478880899997, -0.921686603 ], [ -49.535052251999922, -0.921812974999972 ], [ -49.535365353999978, -0.921769669999941 ], [ -49.535713379999912, -0.921773448999987 ], [ -49.535968318999956, -0.921780685999964 ], [ -49.53614524199994, -0.921948820999932 ], [ -49.536157472999975, -0.922240155999967 ], [ -49.536163735999956, -0.922572532999935 ], [ -49.536084563999978, -0.922800383000046 ], [ -49.535814179999903, -0.922855263999969 ], [ -49.535396453999979, -0.922983356 ], [ -49.535155333000013, -0.922906167 ], [ -49.534847167999914, -0.922680386999977 ], [ -49.534616122999985, -0.922735016999967 ], [ -49.534419760999988, -0.922757213999938 ], [ -49.534120607999931, -0.923613493 ], [ -49.53420020099994, -0.923906380999986 ], [ -49.534156583999973, -0.924181234 ], [ -49.534080917000018, -0.925088312 ], [ -49.533991374999985, -0.925916457999945 ], [ -49.533820168999938, -0.926584923 ], [ -49.533722773999962, -0.926881944999982 ], [ -49.533562423000021, -0.927010823999987 ], [ -49.533323432999964, -0.927212151999948 ], [ -49.532978439000019, -0.927240751999916 ], [ -49.53275703, -0.927122144999961 ], [ -49.5324909, -0.926986570999935 ], [ -49.532388459999964, -0.926788219999954 ], [ -49.532209539999904, -0.926720342000023 ], [ -49.531949149999939, -0.926708818999957 ], [ -49.531784076999962, -0.926763527999954 ], [ -49.531518476, -0.926953005 ], [ -49.531182530999928, -0.927305023 ], [ -49.53098636199995, -0.927648450999987 ], [ -49.531032967999984, -0.927953031999964 ], [ -49.531070270999962, -0.928346097999979 ], [ -49.531030568999967, -0.928728046999963 ], [ -49.531195360000012, -0.92885672800004 ], [ -49.53143568, -0.928988484999929 ], [ -49.531442992999985, -0.929353703999949 ], [ -49.531357785999951, -0.929760620999955 ], [ -49.531344541999921, -0.929779670000022 ], [ -49.5312071, -0.929896074999972 ], [ -49.531180603999942, -0.929934178999927 ], [ -49.531116048999934, -0.930270837999982 ], [ -49.531187317999965, -0.930574727 ], [ -49.5312908, -0.930838851 ], [ -49.531580412999986, -0.93101185300001 ], [ -49.531809972999973, -0.93103725599998 ], [ -49.532033607999914, -0.931122065999981 ], [ -49.532162598999925, -0.931190537999962 ], [ -49.532160209, -0.931315937999946 ], [ -49.532116680999948, -0.931581940999928 ], [ -49.532030121999981, -0.931655762 ], [ -49.531994181999934, -0.931687187000021 ], [ -49.531837261, -0.93183187 ], [ -49.531744065999938, -0.932098131 ], [ -49.531663371, -0.932386908 ], [ -49.531569136999941, -0.932653957999987 ], [ -49.531501728999956, -0.932791299999982 ], [ -49.531448083999962, -0.93318869 ], [ -49.531494984999931, -0.933531554999947 ], [ -49.531504939999955, -0.933797387 ], [ -49.531385930999967, -0.934071366999936 ], [ -49.531226048999976, -0.93416136000001 ], [ -49.530957094000016, -0.934156102000019 ], [ -49.530647713999905, -0.934096822 ], [ -49.530416089999925, -0.933916320999986 ], [ -49.530267541999891, -0.933728648 ], [ -49.529965733999965, -0.933453949 ], [ -49.529799059999945, -0.933163023 ], [ -49.529649725999931, -0.933098126999967 ], [ -49.529339756999953, -0.933206905 ], [ -49.529109472999906, -0.933377871999932 ], [ -49.52907739599992, -0.933674099000017 ], [ -49.52917095599993, -0.93385632 ], [ -49.529267115999986, -0.934007646 ], [ -49.529542526999947, -0.93430305400001 ], [ -49.529560051999972, -0.934315232999952 ], [ -49.529935472999952, -0.934569646999952 ], [ -49.530148762999922, -0.934860870999978 ], [ -49.530247215999985, -0.935195816999981 ], [ -49.530209668999902, -0.935670458 ], [ -49.530039851999973, -0.935856580999941 ], [ -49.529993090999923, -0.936278980999985 ], [ -49.530025388999931, -0.936672008 ], [ -49.530161910999944, -0.93696200200001 ], [ -49.530148477, -0.937271375000028 ], [ -49.529958459999897, -0.937367013999948 ], [ -49.529656438999957, -0.937352334999977 ], [ -49.529207860999968, -0.936949448999949 ], [ -49.528948141999969, -0.936443542000012 ], [ -49.528754223, -0.936133068 ], [ -49.528552421, -0.935992790999931 ], [ -49.528211832999979, -0.935892694 ], [ -49.52805070099997, -0.935936894000013 ], [ -49.52794220499996, -0.93601771299995 ], [ -49.527883448999987, -0.936204752999972 ], [ -49.527845186000015, -0.936549382999976 ], [ -49.527955382999984, -0.936821386000011 ], [ -49.527872666999983, -0.937089705 ], [ -49.527714319000026, -0.937279513 ], [ -49.527776350999915, -0.937368240999961 ], [ -49.52786289699997, -0.937636993 ], [ -49.528047090999934, -0.937634555999969 ], [ -49.528211560999956, -0.937651035 ], [ -49.528366205999959, -0.937784542000033 ], [ -49.528948612, -0.938331525 ], [ -49.52908304399994, -0.938574829999963 ], [ -49.529299561, -0.938774704999981 ], [ -49.529387034999957, -0.939067599999968 ], [ -49.529344025999954, -0.939413151999959 ], [ -49.529181492, -0.939710443999955 ], [ -49.529185536999897, -0.939733029999958 ], [ -49.529173102999934, -0.939956789 ], [ -49.529189075000012, -0.940176317999954 ], [ -49.529380740999969, -0.940334238999965 ], [ -49.529471181, -0.940318014999955 ], [ -49.529606987999948, -0.940229569 ], [ -49.529816776999986, -0.940098756999932 ], [ -49.530016189999969, -0.939975666999961 ], [ -49.530175858999947, -0.93992377000002 ], [ -49.530304948999969, -0.93999377999995 ], [ -49.530422601999931, -0.940129872999931 ], [ -49.53046979600002, -0.940360138999976 ], [ -49.530468943999949, -0.940517541999943 ], [ -49.530360253999923, -0.940723498999931 ], [ -49.530117714999932, -0.940866195000014 ], [ -49.529916791999916, -0.940948981999936 ], [ -49.529615472999943, -0.941090679000025 ], [ -49.529588009999976, -0.941212930999926 ], [ -49.529646003999979, -0.941406541999958 ], [ -49.529796747999931, -0.941531077000048 ], [ -49.529886462999983, -0.941608255999951 ], [ -49.530069057999988, -0.941552177999929 ], [ -49.530201502999937, -0.941480095 ], [ -49.530380699999931, -0.94129038099994 ], [ -49.530529493999985, -0.941019495 ], [ -49.53075056599998, -0.940712164999971 ], [ -49.531027177999952, -0.940363566 ], [ -49.531248358999953, -0.940190290999956 ], [ -49.531478825999926, -0.940157046999959 ], [ -49.531567292999966, -0.94029865100004 ], [ -49.531658296999943, -0.940542127000024 ], [ -49.531142628999909, -0.941477319999953 ], [ -49.531264257999936, -0.941625448999952 ], [ -49.531338680999966, -0.941867265999976 ], [ -49.531300081999973, -0.942083009999974 ], [ -49.531204175999939, -0.94232448699997 ], [ -49.530985496999968, -0.942572489999973 ], [ -49.53051944799995, -0.942911357999945 ], [ -49.530523699999947, -0.94315067699994 ], [ -49.530484820999931, -0.943451983 ], [ -49.530359215000018, -0.943745701999967 ], [ -49.530363264999906, -0.943768215999965 ], [ -49.530425905999941, -0.943857652 ], [ -49.530627234999898, -0.943898846000026 ], [ -49.530788231999985, -0.943931786 ], [ -49.531010792999929, -0.944178131999953 ], [ -49.531143578999988, -0.944270270999938 ], [ -49.5313153499999, -0.94427792499995 ], [ -49.53142051, -0.944173781999949 ], [ -49.531572135000012, -0.943983897999958 ], [ -49.531755771999926, -0.943757364999955 ], [ -49.531775552999967, -0.943738327999979 ], [ -49.532192672999926, -0.943392553999969 ], [ -49.532454260999899, -0.94312909299993 ], [ -49.532583645999949, -0.942989943999963 ], [ -49.53271955, -0.942973267 ], [ -49.532851811999933, -0.943065384999988 ], [ -49.533042823999928, -0.943184238999963 ], [ -49.533192509999964, -0.94337383499993 ], [ -49.533208792999979, -0.943378659999974 ], [ -49.533419345, -0.943649973999952 ], [ -49.533517106, -0.943979878999981 ], [ -49.533572320999951, -0.944201566999938 ], [ -49.533575007, -0.944216524000021 ], [ -49.533566763999936, -0.944642535 ], [ -49.533433832999947, -0.944975199 ], [ -49.533204061999946, -0.945155498 ], [ -49.532957287999956, -0.945284858000042 ], [ -49.532643224, -0.94534137300001 ], [ -49.532260379999933, -0.945317491999988 ], [ -49.532018033999954, -0.945345609 ], [ -49.531863210999937, -0.945474002999971 ], [ -49.531892081999928, -0.945677644999945 ], [ -49.532003193999969, -0.945951504999956 ], [ -49.532055116, -0.946197332999956 ], [ -49.531969500999935, -0.946452572999936 ], [ -49.531781222999903, -0.946610442999942 ], [ -49.531526888, -0.946702967999959 ], [ -49.531230245999964, -0.946733524 ], [ -49.530876775999943, -0.946751133999948 ], [ -49.530618793, -0.946697183000014 ], [ -49.530442192999956, -0.946535468999956 ], [ -49.530250176999964, -0.94635314499997 ], [ -49.530206794999927, -0.946049791 ], [ -49.530142967999979, -0.945694511999919 ], [ -49.529927944999947, -0.945610990000025 ], [ -49.52971645899995, -0.945671314000043 ], [ -49.529462618, -0.945805756999976 ], [ -49.529280724999957, -0.946216011 ], [ -49.529251208999909, -0.946299020000021 ], [ -49.529239478999919, -0.946789408 ], [ -49.529204174000014, -0.946840100000026 ], [ -49.529027704999983, -0.94709348600003 ], [ -49.528795614999964, -0.947345627999931 ], [ -49.528471999000011, -0.947458917999979 ], [ -49.528222682999989, -0.947614291999956 ], [ -49.527525900999976, -0.94803190299996 ], [ -49.527051964999934, -0.948294934999963 ], [ -49.526708867999965, -0.948546950000031 ], [ -49.526269572999944, -0.948828168000029 ], [ -49.526007051999983, -0.949043546 ], [ -49.525753705999897, -0.949313545999955 ], [ -49.525682005, -0.94953964000001 ], [ -49.525765669, -0.949760123000045 ], [ -49.52587421999992, -0.949931286 ], [ -49.526066442999927, -0.950132053 ], [ -49.526127775999939, -0.950412124 ], [ -49.52597894899997, -0.950677042999972 ], [ -49.525896717, -0.951094188999937 ], [ -49.525963181, -0.951405736999957 ], [ -49.525954214999963, -0.951919287 ], [ -49.525955336999971, -0.952363077000031 ], [ -49.525753684999984, -0.952665238999986 ], [ -49.525445412999964, -0.952742857000013 ], [ -49.525109802, -0.952792186 ], [ -49.524891792, -0.952632022 ], [ -49.524711714000013, -0.952498082000011 ], [ -49.524539337999961, -0.952162591999963 ], [ -49.524433354999985, -0.951702964999948 ], [ -49.524224907999965, -0.951416865 ], [ -49.524032955999985, -0.951217092999981 ], [ -49.523610355999921, -0.951159404 ], [ -49.523291351, -0.951306068999971 ], [ -49.523031778999922, -0.951598049999971 ], [ -49.522903535999973, -0.951877532 ], [ -49.522943814000016, -0.952337432000041 ], [ -49.522862147999923, -0.952640674 ], [ -49.522726053000028, -0.952639692 ], [ -49.522589958999959, -0.952638710000011 ], [ -49.52223999399996, -0.952582816 ], [ -49.52201568399996, -0.952470279999931 ], [ -49.521796159, -0.952288703 ], [ -49.521596961999954, -0.952409453999961 ], [ -49.521704151999941, -0.952628185000028 ], [ -49.521742857999946, -0.952841920000038 ], [ -49.521806945, -0.953101746999954 ], [ -49.521905452999903, -0.953270427999966 ], [ -49.521957533999945, -0.953464257000016 ], [ -49.52217260099998, -0.953527108999976 ], [ -49.522366896999976, -0.953475236000036 ], [ -49.522661526000022, -0.953320694999951 ], [ -49.522852751999942, -0.953274493000036 ], [ -49.523062717, -0.953321527999931 ], [ -49.523247896999955, -0.953468248 ], [ -49.523340491999974, -0.953631421 ], [ -49.523409564, -0.953840964999921 ], [ -49.52340902199996, -0.954073944000013 ], [ -49.523279067999958, -0.954234896 ], [ -49.523150177999952, -0.95434272999996 ], [ -49.522941322999898, -0.954359103999982 ], [ -49.522731659999963, -0.95431212 ], [ -49.522532241999983, -0.954263288999959 ], [ -49.522096828000016, -0.954256868999961 ], [ -49.521646416999964, -0.954168637999944 ], [ -49.521378329999983, -0.954037217 ], [ -49.521062871, -0.953765852000013 ], [ -49.521064221999929, -0.953542986999958 ], [ -49.521060696, -0.953235718000025 ], [ -49.520858969999914, -0.953123121000035 ], [ -49.520562658, -0.953070099 ], [ -49.520326271999977, -0.953112637999967 ], [ -49.520045957999969, -0.953205574000018 ], [ -49.519698978999948, -0.953459182999952 ], [ -49.519402311999912, -0.953756787999973 ], [ -49.519145686999906, -0.954089374000047 ], [ -49.51906178399998, -0.954485634999971 ], [ -49.519089271999945, -0.954966806 ], [ -49.519146846999917, -0.955284557 ], [ -49.519302307, -0.955616373 ], [ -49.519471904999897, -0.955733993999965 ], [ -49.519750484999946, -0.955927201999964 ], [ -49.520123526999988, -0.956067953999975 ], [ -49.520383299999899, -0.956275273999987 ], [ -49.520571078999986, -0.956611863000036 ], [ -49.520597633999962, -0.956935019999952 ], [ -49.520539486999944, -0.957199299999969 ], [ -49.520342549, -0.957456760999955 ], [ -49.520234882999965, -0.957856713 ], [ -49.520093716999924, -0.958188697000031 ], [ -49.52005683399998, -0.958641454000011 ], [ -49.520024230999944, -0.959128139999956 ], [ -49.520105354, -0.959463194999968 ], [ -49.520212288999964, -0.959645263000022 ], [ -49.520262191, -0.959922273999938 ], [ -49.520231870999986, -0.960224203999962 ], [ -49.520053452999967, -0.960467901999964 ], [ -49.519845513999904, -0.960547483999976 ], [ -49.519600473999965, -0.960538453000028 ], [ -49.519397625999972, -0.960352535000011 ], [ -49.519132433999964, -0.960114287999927 ], [ -49.51904702, -0.95987554499998 ], [ -49.518813551999962, -0.959578652999928 ], [ -49.51863847999995, -0.959546567000027 ], [ -49.518341464999978, -0.959483457000045 ], [ -49.518047123999963, -0.959557542999958 ], [ -49.51788349600001, -0.959777722999968 ], [ -49.517840695999936, -0.960018702000012 ], [ -49.517875700999987, -0.960277586000027 ], [ -49.518003080999961, -0.960636603999978 ], [ -49.518150628999912, -0.960928349999959 ], [ -49.518258100999923, -0.961174351999974 ], [ -49.51848414399997, -0.961366754 ], [ -49.51881273599998, -0.961476452999923 ], [ -49.51936111199997, -0.961566773000024 ], [ -49.51962187999996, -0.961657849000011 ], [ -49.519857747999936, -0.961848718 ], [ -49.520125721999904, -0.962160611999954 ], [ -49.520323867999956, -0.962379099 ], [ -49.52046174, -0.96273523099998 ], [ -49.520611717999969, -0.963099878999953 ], [ -49.520669141000013, -0.96348128099998 ], [ -49.520692752999928, -0.963911453999957 ], [ -49.52062229099996, -0.964231741 ], [ -49.520405373999949, -0.964387767999932 ], [ -49.520064203999965, -0.964385840999951 ], [ -49.519532851999969, -0.964396992999985 ], [ -49.519073649999896, -0.964458783999946 ], [ -49.518756417999938, -0.964601335999928 ], [ -49.518465506000027, -0.964865944999973 ], [ -49.518347585999955, -0.965205628000012 ], [ -49.518409453999922, -0.965725891999982 ], [ -49.518525953999969, -0.966374653000015 ], [ -49.518705505, -0.96678094399997 ], [ -49.518883117999941, -0.967035930999929 ], [ -49.519024202999979, -0.967106428999989 ], [ -49.519339668999969, -0.967081681999984 ], [ -49.519891592999983, -0.967067648999977 ], [ -49.520223696999928, -0.967018602 ], [ -49.520318331999945, -0.966895164999917 ], [ -49.520353774999947, -0.966367764999978 ], [ -49.520360926999913, -0.966047808999972 ], [ -49.520391859999989, -0.96586182899995 ], [ -49.520522578999966, -0.965817366 ], [ -49.520743170999921, -0.965799366999933 ], [ -49.521031674, -0.965864695999921 ], [ -49.521272779999954, -0.966023198999979 ], [ -49.521506362000011, -0.966437527999977 ], [ -49.521612702000013, -0.966917509999989 ], [ -49.521623924999965, -0.967393553999942 ], [ -49.521613699999918, -0.967809746 ], [ -49.521539692999923, -0.968227038999983 ], [ -49.521505533999942, -0.96933849999993 ], [ -49.521577064, -0.969557408000012 ], [ -49.521743975999954, -0.969654983 ], [ -49.521965886999929, -0.969646997999964 ], [ -49.522101050999922, -0.969452857999977 ], [ -49.52227693, -0.96907110800001 ], [ -49.522578606, -0.968741104999973 ], [ -49.522909950999967, -0.968458822999976 ], [ -49.523158758999948, -0.96830800200002 ], [ -49.523331682999959, -0.968266220000027 ], [ -49.523410026999954, -0.968347465 ], [ -49.523446018, -0.968606023999987 ], [ -49.523582070999979, -0.968889194999969 ], [ -49.523762134999956, -0.969239077999964 ], [ -49.523988205, -0.969666198999954 ], [ -49.524082475999904, -0.970011100999981 ], [ -49.524125250999894, -0.970365574 ], [ -49.52423756699995, -0.970633268999945 ], [ -49.524342594999936, -0.97081713399997 ], [ -49.525058369999918, -0.971004112999987 ], [ -49.52529578799993, -0.970554686000016 ], [ -49.525661, -0.970222238999954 ], [ -49.525978089999988, -0.969916205999946 ], [ -49.526030727999988, -0.969716509000031 ], [ -49.526269690999953, -0.969581841 ], [ -49.526509582, -0.969453551999946 ], [ -49.526637520999927, -0.969477012000022 ], [ -49.526823034999907, -0.969606285999971 ], [ -49.52708504, -0.969860932 ], [ -49.527302009000017, -0.970123454999952 ], [ -49.527527092999989, -0.970345732999958 ], [ -49.527659680999946, -0.970418448000023 ], [ -49.527792268, -0.970491163 ], [ -49.528067032999985, -0.970518965 ], [ -49.528264524999983, -0.970460299000022 ], [ -49.528358265999927, -0.970381713999915 ], [ -49.52871986199991, -0.969907896999969 ], [ -49.528900661999948, -0.969628674000047 ], [ -49.529099540999972, -0.969407999 ], [ -49.529208626999939, -0.969322452000023 ], [ -49.529384470999922, -0.969314348999974 ], [ -49.529530963999967, -0.96935770499992 ], [ -49.529644694999959, -0.969476229999957 ], [ -49.529827119999958, -0.96980594199997 ], [ -49.530195535999972, -0.970571994999938 ], [ -49.530272385999936, -0.970743013999966 ], [ -49.530326903999921, -0.97121823899994 ], [ -49.530377611999938, -0.971886449999984 ], [ -49.530264735999928, -0.972114673999949 ], [ -49.530167500999966, -0.972301617999962 ], [ -49.530105827999925, -0.972477687999964 ], [ -49.530095109999927, -0.972718272999975 ], [ -49.530134164999957, -0.97284987999994 ], [ -49.530238298999961, -0.973000594999975 ], [ -49.53036077899997, -0.973124870999955 ], [ -49.530481299, -0.973195555999942 ], [ -49.530628167999978, -0.973284551999933 ], [ -49.530804179999976, -0.973322041000015 ], [ -49.531089791999889, -0.973285802999948 ], [ -49.53130759799997, -0.973215679 ], [ -49.53150520299998, -0.973118566999966 ], [ -49.531804913, -0.972852875999921 ], [ -49.532172389999936, -0.972798546999956 ], [ -49.532404524999961, -0.972909855999928 ], [ -49.532438247, -0.973162813999986 ], [ -49.532464656999963, -0.973440610999967 ], [ -49.532284498999978, -0.973814566 ], [ -49.531824933999964, -0.974145372999926 ], [ -49.53121909799993, -0.974456062999964 ], [ -49.530542988999947, -0.974579065999928 ], [ -49.529594764, -0.974846194 ], [ -49.528973412999932, -0.974959310000036 ], [ -49.528929393999931, -0.974979162 ], [ -49.528473290999941, -0.975156964999959 ], [ -49.528125337999924, -0.975409994000023 ], [ -49.528029964000027, -0.975721445000035 ], [ -49.52810584799991, -0.975933747999926 ], [ -49.528235249999959, -0.976053125000034 ], [ -49.528359019999989, -0.976268368 ], [ -49.528603757999988, -0.97649724500001 ], [ -49.528786633999928, -0.976713220999939 ], [ -49.529022238999971, -0.976895815000036 ], [ -49.529166029999971, -0.976905496999949 ], [ -49.529304789, -0.976951549000029 ], [ -49.529502164999982, -0.976868828000024 ], [ -49.529676675999944, -0.976790206 ], [ -49.529823283, -0.976752070000044 ], [ -49.529944873000019, -0.976706595999923 ], [ -49.53058166699995, -0.976698745999984 ], [ -49.531233644999979, -0.976711725 ], [ -49.531557984, -0.976807032999973 ], [ -49.531823899999971, -0.976841916999929 ], [ -49.532156129000015, -0.97698279799995 ], [ -49.532395770999948, -0.977069425000012 ], [ -49.532424728999942, -0.977229155 ], [ -49.532445249999952, -0.97760205399994 ], [ -49.532404711999973, -0.977832683000015 ], [ -49.532254441999974, -0.977977195999982 ], [ -49.531878432999953, -0.978174023999925 ], [ -49.531449697, -0.978403790000018 ], [ -49.531115256999954, -0.97856960599997 ], [ -49.530706220999953, -0.978713628999985 ], [ -49.530399423999967, -0.978710159999965 ], [ -49.530005116999938, -0.978616724999961 ], [ -49.529700959, -0.978565709 ], [ -49.529429283, -0.978626328999956 ], [ -49.529391345999962, -0.978738894999944 ], [ -49.529427421000015, -0.978932039000027 ], [ -49.529497668999966, -0.979118897000033 ], [ -49.529624843, -0.979295365999979 ], [ -49.530006257999943, -0.979636683999976 ], [ -49.530405957999974, -0.980079258 ], [ -49.530703581, -0.980342417000015 ], [ -49.530878455999989, -0.980334282999964 ], [ -49.53108815300002, -0.980448389 ], [ -49.531313343, -0.980582956000022 ], [ -49.531719655999957, -0.980684977999937 ], [ -49.53210923699995, -0.980767175999988 ], [ -49.532546226999962, -0.980852564000037 ], [ -49.532772924999975, -0.980940577999947 ], [ -49.532903701999963, -0.981080883999921 ], [ -49.533148959, -0.981142164000017 ], [ -49.533527304999957, -0.98109769999998 ], [ -49.533825341999922, -0.980997460000035 ], [ -49.534080261999968, -0.98078796200002 ], [ -49.534429153999966, -0.980514771999976 ], [ -49.534659238999907, -0.980426687999971 ], [ -49.534833029, -0.980515589999955 ], [ -49.53497907, -0.980676703999963 ], [ -49.535044478999986, -0.980910812999971 ], [ -49.535103119999953, -0.98136846 ], [ -49.535026210999987, -0.981721969000029 ], [ -49.534889486999951, -0.982004043 ], [ -49.534633774000021, -0.982471190999936 ], [ -49.534351751999957, -0.982661469999959 ], [ -49.534169117999944, -0.98275249200003 ], [ -49.533982751999979, -0.982692394000031 ], [ -49.533852189999926, -0.982552130999972 ], [ -49.533649247, -0.982530075999923 ], [ -49.532354310999978, -0.982423320999972 ], [ -49.531848655999973, -0.98228018100003 ], [ -49.531291344999957, -0.982239867999981 ], [ -49.530818451999913, -0.982277968999936 ], [ -49.530523678999948, -0.982459514000036 ], [ -49.530405074, -0.982644496999976 ], [ -49.530349289, -0.982853254000018 ], [ -49.530356872, -0.98366995 ], [ -49.530336456, -0.983944339999967 ], [ -49.530373407999946, -0.984148236999962 ], [ -49.530475249999938, -0.984258579000032 ], [ -49.530743732999944, -0.984514359999968 ], [ -49.530944333000022, -0.98465369099995 ], [ -49.531125398, -0.984749756 ], [ -49.531410405999949, -0.98483883 ], [ -49.531661564999951, -0.984805398999979 ], [ -49.532098968, -0.984832027999962 ], [ -49.533063793999972, -0.984997979000015 ], [ -49.533424390999969, -0.985120961999977 ], [ -49.533736040999905, -0.985229455999983 ], [ -49.534219422000021, -0.985248976 ], [ -49.53469422699996, -0.985281917999972 ], [ -49.535124429999939, -0.98519375699996 ], [ -49.535474059999913, -0.984842144 ], [ -49.53572246699995, -0.984527399999982 ], [ -49.536043725999974, -0.984422449 ], [ -49.536349504999961, -0.984425986999939 ], [ -49.536550786999918, -0.984565967999975 ], [ -49.536670173999937, -0.984838421999958 ], [ -49.536694415999904, -0.985104610999956 ], [ -49.536574378999916, -0.985549698999924 ], [ -49.5364163899999, -0.985848588999962 ], [ -49.5364744, -0.986697886999979 ], [ -49.536602232999911, -0.98688658899996 ], [ -49.536643885999986, -0.987184920999953 ], [ -49.536679433, -0.987449180999969 ], [ -49.536751562999925, -0.987589182 ], [ -49.536871372999975, -0.987732403999955 ], [ -49.536970712999938, -0.988221192999985 ], [ -49.536963065999927, -0.988835702999937 ], [ -49.536962322999955, -0.989354271000034 ], [ -49.536786841, -0.989620953999983 ], [ -49.536540337999945, -0.989688274999958 ], [ -49.53612246499992, -0.989715466999987 ], [ -49.535548357999936, -0.989523776999937 ], [ -49.535188428, -0.989411733 ], [ -49.534911271999889, -0.989496424999983 ], [ -49.534616947999965, -0.989678013 ], [ -49.534439166, -0.989920778999922 ], [ -49.53441679299992, -0.990311544000013 ], [ -49.534471546999924, -0.99080552299994 ], [ -49.534672112, -0.991203375 ], [ -49.534927255999968, -0.991342766999983 ], [ -49.535268185999932, -0.991550802999965 ], [ -49.53577694200002, -0.991846075999971 ], [ -49.535847216999969, -0.992232783 ], [ -49.535774718999924, -0.992668501999985 ], [ -49.53566827799991, -0.992980922999989 ], [ -49.535755016999978, -0.993457786 ], [ -49.536030381999936, -0.993689931999944 ], [ -49.536341705000027, -0.993669633999952 ], [ -49.53668519699994, -0.993502845 ], [ -49.537247746999945, -0.992991296999959 ], [ -49.537662568999984, -0.992611003000023 ], [ -49.538069217999968, -0.992443910999965 ], [ -49.53834359499993, -0.992593992999948 ], [ -49.538669446999982, -0.99284038 ], [ -49.539053231999937, -0.993017730000014 ], [ -49.539495892999973, -0.993196251000041 ], [ -49.539733664000018, -0.993083236000016 ], [ -49.539918125, -0.992803848 ], [ -49.53995218999998, -0.992340215 ], [ -49.539930610999967, -0.992285424 ], [ -49.53970545, -0.991750835 ], [ -49.539398572, -0.99121903699996 ], [ -49.53939613999998, -0.990878906999972 ], [ -49.539397795999939, -0.990561448 ], [ -49.539552327999935, -0.990310363999916 ], [ -49.539774900999966, -0.990176233 ], [ -49.540230971999954, -0.990164537999929 ], [ -49.540694984999973, -0.990327723999931 ], [ -49.541082232999955, -0.99058701499998 ], [ -49.541663869999937, -0.990881807999946 ], [ -49.541975949999916, -0.991048851 ], [ -49.542294596999987, -0.991120737 ], [ -49.542835159999953, -0.991117475 ], [ -49.543322588999956, -0.991276588000014 ], [ -49.543662669999939, -0.991532753999982 ], [ -49.543887479999981, -0.991868394999953 ], [ -49.544047471999896, -0.99236836300002 ], [ -49.544024517999951, -0.993030160999977 ], [ -49.543938898999969, -0.993538558999942 ], [ -49.543701490999958, -0.993921339 ], [ -49.543401516999914, -0.994150909999982 ], [ -49.543097980999939, -0.994228570000013 ], [ -49.542620473999953, -0.994384193000011 ], [ -49.542193145999946, -0.994425303999948 ], [ -49.541915928, -0.994451348999972 ], [ -49.541534859999921, -0.994683488 ], [ -49.541305702999971, -0.99495297 ], [ -49.541275927, -0.99543938500001 ], [ -49.541515134999976, -0.995595722999978 ], [ -49.541870024999945, -0.995742985 ], [ -49.542415002, -0.995903015 ], [ -49.542443861, -0.99593302 ], [ -49.542926904, -0.996139463999937 ], [ -49.54296917899994, -0.996178795 ], [ -49.543330993999945, -0.99655959099997 ], [ -49.543620819999944, -0.996800831999947 ], [ -49.543990642999987, -0.996898718999963 ], [ -49.544297882999921, -0.996843619999934 ], [ -49.544526718000022, -0.996743912999944 ], [ -49.544699045999984, -0.99652523999997 ], [ -49.544961319, -0.996349062000048 ], [ -49.545223283000013, -0.996302038999977 ], [ -49.54550484199995, -0.996298462999947 ], [ -49.54576, -0.996475746999961 ], [ -49.545961038999948, -0.996744926000028 ], [ -49.546064377999976, -0.997125497999987 ], [ -49.546025671999971, -0.997566620999981 ], [ -49.545848916999908, -0.998108920999909 ], [ -49.545728531999984, -0.998682693000044 ], [ -49.545735173, -0.999316378999984 ], [ -49.545867701999953, -0.999797129999971 ], [ -49.546086957999975, -1.000026617999952 ], [ -49.546642669999947, -1.00023139400002 ], [ -49.547118518999973, -1.00032191299996 ], [ -49.547443346999941, -1.000663215999955 ], [ -49.547682056999975, -1.001103837 ], [ -49.547923087999934, -1.001735662999961 ], [ -49.548094578, -1.00231186099994 ], [ -49.548274026999927, -1.002890620999954 ], [ -49.547385491999947, -1.006720865999968 ], [ -49.548694296999969, -1.009544764999939 ], [ -49.54766445899994, -1.012986677999974 ], [ -49.546564473999965, -1.012528035999951 ], [ -49.54497061699989, -1.011864045 ], [ -49.542385817999985, -1.009842648999983 ], [ -49.540601503999966, -1.007188524000027 ], [ -49.536990961999926, -1.00560663799997 ], [ -49.533498430999963, -1.005114975999968 ], [ -49.530325557999987, -1.006084359999972 ], [ -49.526801422999895, -1.007683469999945 ], [ -49.52300003899996, -1.009004486 ], [ -49.520972913000016, -1.012427759 ], [ -49.517521882999937, -1.013117201999938 ], [ -49.514026920999953, -1.013086203999949 ], [ -49.511244993999988, -1.010692236000024 ], [ -49.508083085999942, -1.010209111999929 ], [ -49.504829441999938, -1.010447123 ], [ -49.501494987999912, -1.011949925 ], [ -49.49722227499997, -1.016236344999912 ], [ -49.495967841, -1.018955520000011 ], [ -49.493826936999973, -1.021443538 ], [ -49.490328893, -1.023610473999961 ], [ -49.48738106, -1.024237403999964 ], [ -49.483498712000014, -1.02558514700001 ], [ -49.48168949799998, -1.027934728 ], [ -49.481521857999965, -1.030856408999972 ], [ -49.481940802999986, -1.033849246999976 ], [ -49.48279837499998, -1.036710189 ], [ -49.483216361999922, -1.04036026400002 ], [ -49.48226797099997, -1.043235747 ], [ -49.47768945199995, -1.047574592 ], [ -49.469942332999949, -1.049186130999926 ], [ -49.467149874, -1.05044331599994 ], [ -49.466887785, -1.052747245999965 ], [ -49.469914155999923, -1.05376588399996 ], [ -49.473275493999957, -1.054897708 ], [ -49.477801762999917, -1.057535914999965 ], [ -49.481463014999981, -1.05940837 ], [ -49.485191029999974, -1.061090708999926 ], [ -49.491549489999919, -1.062968045 ], [ -49.496139330999895, -1.063902473999958 ], [ -49.500165538999958, -1.063799275999946 ], [ -49.503440866999981, -1.066004812 ], [ -49.506212379999965, -1.068668529000041 ], [ -49.507795029, -1.072683789 ], [ -49.510323487999948, -1.08177548099996 ], [ -49.51055526599994, -1.086059253000018 ], [ -49.509244505999938, -1.090222613999972 ], [ -49.508356038999963, -1.095568565999985 ], [ -49.506802909999976, -1.106718774999917 ], [ -49.507106039999925, -1.113624439000018 ], [ -49.508771201999942, -1.118181777999974 ], [ -49.510525984999916, -1.122285778 ], [ -49.511661203999964, -1.126119265 ], [ -49.514827789999956, -1.134692863 ], [ -49.515935659999961, -1.139326961 ], [ -49.517777740999968, -1.144432854999957 ], [ -49.519521948999952, -1.150630450999914 ], [ -49.519857934999955, -1.153535020999987 ], [ -49.523132914999941, -1.167829647999943 ], [ -49.524884690999933, -1.173116735999971 ], [ -49.525531996000026, -1.177386863999965 ], [ -49.524770538, -1.183821271999976 ], [ -49.526630850999908, -1.18804379099994 ], [ -49.533194789999975, -1.190639363999937 ], [ -49.53574393899995, -1.192268216999972 ], [ -49.548761639999945, -1.201142475999974 ], [ -49.562692000999959, -1.207937479999979 ], [ -49.565714942999968, -1.211052228000034 ], [ -49.566742753999925, -1.214968893 ], [ -49.568333016999965, -1.219984712999969 ], [ -49.570187420999922, -1.223359975 ], [ -49.572742191, -1.227566844 ], [ -49.574355314999892, -1.230671242 ], [ -49.575660697999986, -1.233495623 ], [ -49.577192634, -1.23624014399998 ], [ -49.579027504999935, -1.240524328999983 ], [ -49.580443364999937, -1.243357944999959 ], [ -49.583301758999916, -1.247566345 ], [ -49.5864941, -1.251412862999937 ], [ -49.589774754999922, -1.256170257999925 ], [ -49.593971422999971, -1.261209670999976 ], [ -49.600134299999986, -1.267179423 ], [ -49.604074814999976, -1.269585552999954 ], [ -49.607142487999951, -1.270611510000021 ], [ -49.616002368999922, -1.270975569999946 ], [ -49.622106038000013, -1.271040059000041 ], [ -49.628675437, -1.270934897999956 ], [ -49.631361547000026, -1.270388462000041 ], [ -49.632495535999972, -1.27015777499996 ], [ -49.637634937999948, -1.270301742999971 ], [ -49.640716883999957, -1.269792065999988 ], [ -49.647663095999945, -1.268953454999968 ], [ -49.65495737499996, -1.268449948999963 ], [ -49.664549364999928, -1.267316328999959 ], [ -49.670431424999983, -1.266097074999974 ], [ -49.674131976999924, -1.265330443999959 ], [ -49.677026724999983, -1.264450633 ], [ -49.682186485999956, -1.262602457000019 ], [ -49.684581795, -1.25944836 ], [ -49.685971793999983, -1.255645085 ], [ -49.687800394999933, -1.252853436999937 ], [ -49.689637378999961, -1.250421605999987 ], [ -49.692104789000012, -1.246538892999984 ], [ -49.694212493999963, -1.243927111999978 ], [ -49.695969595999955, -1.240862034000036 ], [ -49.701135138999959, -1.236470505999945 ], [ -49.708140529999966, -1.232820474999921 ], [ -49.711581801999948, -1.232311995999948 ], [ -49.714447504, -1.233245507999916 ], [ -49.723468133999944, -1.239770455999958 ], [ -49.727084250999916, -1.24173422 ], [ -49.729327316999971, -1.243758898 ], [ -49.731832579999953, -1.245333086999958 ], [ -49.735234897999909, -1.247822320999949 ], [ -49.741607895, -1.250785376999977 ], [ -49.744668603999926, -1.252820457999961 ], [ -49.747809414999921, -1.254218060999959 ], [ -49.758747552999978, -1.259599363999966 ], [ -49.763693964999973, -1.261835099999944 ], [ -49.769192042999961, -1.262430308999987 ], [ -49.772443477999957, -1.262101912 ], [ -49.776048449999983, -1.260961469999957 ], [ -49.781410358999985, -1.25683944999996 ], [ -49.790243427999954, -1.251488231999955 ], [ -49.793139127, -1.249967742 ], [ -49.795694081999926, -1.248004748000033 ], [ -49.807745269999977, -1.24113232799993 ], [ -49.818916062000014, -1.234078763000026 ], [ -49.82239041499998, -1.230206729000018 ], [ -49.825078171999969, -1.224248094999938 ], [ -49.828474333999949, -1.218011810999977 ], [ -49.829583965000012, -1.215118227000014 ], [ -49.831251698999978, -1.212135298999941 ], [ -49.833915303, -1.208350236999935 ], [ -49.83857970199994, -1.202313274999947 ], [ -49.840301811999964, -1.198979493999976 ], [ -49.845331824999946, -1.194124568 ], [ -49.84880457899996, -1.190530904000022 ], [ -49.851081989999919, -1.187738175999966 ], [ -49.854555464, -1.184234650999985 ], [ -49.857191024999921, -1.182265037 ], [ -49.860298137999969, -1.179186650000021 ], [ -49.862751749999944, -1.177507172999972 ], [ -49.873506608999939, -1.167895960000012 ], [ -49.875412978000021, -1.164374585999974 ], [ -49.876594911000026, -1.161626065999934 ], [ -49.876957952999952, -1.156008821999945 ], [ -49.878789537999978, -1.138772961 ], [ -49.880050802999975, -1.119814251000042 ], [ -49.880398801999988, -1.107980197000016 ], [ -49.885307361999963, -1.100053698 ], [ -49.899572431999957, -1.089602465 ], [ -49.901271919999978, -1.088597198999954 ], [ -49.910640644999944, -1.083055092999965 ], [ -49.918056502999981, -1.083863453999969 ], [ -49.92182084199996, -1.087426307999975 ], [ -49.926384135999967, -1.089496439000017 ], [ -49.928664638, -1.09271634199998 ], [ -49.932064178999909, -1.095613038000023 ], [ -49.9320876849999, -1.095505721999936 ], [ -50.000412363999942, -1.090392585 ], [ -50.149408829999963, -1.07792715299996 ], [ -50.19377664299995, -1.074213061999965 ], [ -50.195306642999981, -1.071391467 ], [ -50.19760977499994, -1.068929062999926 ], [ -50.19977779, -1.066739893999982 ], [ -50.202385164, -1.065272254999963 ], [ -50.205448422999964, -1.065709184999966 ], [ -50.208717998999951, -1.066417084 ], [ -50.210810908000013, -1.065891452999947 ], [ -50.2112206749999, -1.065518123999967 ], [ -50.212353349999916, -1.064992217999974 ], [ -50.212932743999978, -1.064776560999983 ], [ -50.213161858000021, -1.064574531999964 ], [ -50.213485036999934, -1.064574433999956 ], [ -50.213794801999896, -1.064520489999934 ], [ -50.21387894799993, -1.064589788999983 ], [ -50.213864607999902, -1.064745472999986 ], [ -50.213883186000018, -1.065077584999932 ], [ -50.213997661999898, -1.065213318999971 ], [ -50.214193562999938, -1.065355972999962 ], [ -50.21436982799996, -1.065362783 ], [ -50.214505861999932, -1.065247278999939 ], [ -50.214594441999978, -1.065111467999982 ], [ -50.214696238999963, -1.065070736999987 ], [ -50.214852218, -1.06504357599996 ], [ -50.215075793000018, -1.065125021000037 ], [ -50.215252075999949, -1.065172555999974 ], [ -50.215353896999936, -1.065125006999947 ], [ -50.215442186999958, -1.065016367999929 ], [ -50.215564230999931, -1.06484677299993 ], [ -50.215686295, -1.064806054000025 ], [ -50.216046180000014, -1.064751662999965 ], [ -50.216134593999961, -1.064656507 ], [ -50.216345260999979, -1.06441860400003 ], [ -50.216447014999964, -1.064343952999982 ], [ -50.216732162999932, -1.064323612999987 ], [ -50.217038154999933, -1.064316629000031 ], [ -50.217276263999921, -1.064316479000018 ], [ -50.217517324999967, -1.064213119 ], [ -50.217571687999936, -1.064083990999967 ], [ -50.217646427, -1.06394126399997 ], [ -50.217816252000013, -1.063866396 ], [ -50.217917747999969, -1.06381149699998 ], [ -50.218114594, -1.063708709 ], [ -50.218257521999931, -1.063633715000014 ], [ -50.218373254, -1.063606391999974 ], [ -50.218502618999956, -1.063572246 ], [ -50.2191159609999, -1.063591752 ], [ -50.219231761999893, -1.063557732999945 ], [ -50.219449748999985, -1.063366952999969 ], [ -50.219551994, -1.063148783999948 ], [ -50.219599657999957, -1.063138603 ], [ -50.219647322, -1.063128422000039 ], [ -50.220014828999936, -1.063108366999979 ], [ -50.220103343999973, -1.063026635999966 ], [ -50.220219151999963, -1.062863100000024 ], [ -50.220226096, -1.062728446999985 ], [ -50.220158194999982, -1.062605855999967 ], [ -50.220097139, -1.062421887000022 ], [ -50.220165428999962, -1.062196948999974 ], [ -50.220281300999957, -1.062040158999968 ], [ -50.220356353999946, -1.061876528000019 ], [ -50.220390489999929, -1.061787881999967 ], [ -50.220472273999945, -1.061692436999975 ], [ -50.22056770399994, -1.061569714000035 ], [ -50.22060197499993, -1.061392353000015 ], [ -50.220588592999981, -1.061228554999962 ], [ -50.220507113999986, -1.061078281999963 ], [ -50.220336992999947, -1.060989302999973 ], [ -50.220153215000018, -1.060852440000017 ], [ -50.220017092999946, -1.060667725000011 ], [ -50.219874110000013, -1.060432407 ], [ -50.219737881999933, -1.060166487999927 ], [ -50.219635794999924, -1.059729632000019 ], [ -50.219601889999964, -1.059333377 ], [ -50.219595363999957, -1.058806891999966 ], [ -50.219615952999973, -1.058649551 ], [ -50.219732178, -1.058533281999976 ], [ -50.219793777999939, -1.058375923000012 ], [ -50.219759902999982, -1.057971970999985 ], [ -50.219712267999945, -1.05765679900002 ], [ -50.219739757999911, -1.057451237999976 ], [ -50.21980822899998, -1.057321101999955 ], [ -50.219913901999931, -1.057201635000018 ], [ -50.219968701999939, -1.056975723999978 ], [ -50.219927697999921, -1.056811376999969 ], [ -50.219852449, -1.056674368 ], [ -50.219695005999938, -1.056537274999938 ], [ -50.219566500999967, -1.056473820999928 ], [ -50.219401720999919, -1.056465951999987 ], [ -50.219113927999913, -1.056450498999952 ], [ -50.218956610999953, -1.056340285999982 ], [ -50.218819982999925, -1.056223502 ], [ -50.218669887999944, -1.056134072999972 ], [ -50.218519969999974, -1.055983421999942 ], [ -50.21838362999997, -1.055819774 ], [ -50.218233649, -1.05562212599998 ], [ -50.218219990999934, -1.055526719 ], [ -50.218179033999917, -1.055301830999946 ], [ -50.218117643, -1.055097388 ], [ -50.218008604999937, -1.055022447999923 ], [ -50.217831426999936, -1.054858945999984 ], [ -50.217722388999974, -1.054709070999928 ], [ -50.217627115, -1.05457287599994 ], [ -50.217586393, -1.054395847999947 ], [ -50.217647762999924, -1.054266457999988 ], [ -50.217729529999943, -1.054164297999973 ], [ -50.217865766999935, -1.054048494999984 ], [ -50.217967953999953, -1.053932723 ], [ -50.217981655999928, -1.053742202999954 ], [ -50.217940955999936, -1.053436197999948 ], [ -50.217866235999971, -1.053180768999953 ], [ -50.217852776000015, -1.05291524400001 ], [ -50.217846156999911, -1.052588606999985 ], [ -50.217900694999983, -1.052330123 ], [ -50.217955179999962, -1.052139714999969 ], [ -50.216911552999939, -1.049441475 ], [ -50.216702253999941, -1.049227684999989 ], [ -50.21659448, -1.04917497399998 ], [ -50.216473443999931, -1.049122503 ], [ -50.216298000999977, -1.049082250999946 ], [ -50.216095609999932, -1.049008303999956 ], [ -50.215802509999925, -1.048774681999989 ], [ -50.215485210999965, -1.048599209000036 ], [ -50.215296236999961, -1.048444050999988 ], [ -50.215228734999968, -1.048295672999968 ], [ -50.215221953999944, -1.048160791 ], [ -50.21530961, -1.047998912000017 ], [ -50.215424259999985, -1.047830267999919 ], [ -50.215511941999956, -1.047702083999971 ], [ -50.215498284999981, -1.047149066999955 ], [ -50.21541053, -1.046994042999918 ], [ -50.215241872, -1.046676754999956 ], [ -50.215181144999939, -1.046568558999974 ], [ -50.215187860999961, -1.046203340999954 ], [ -50.21522834599994, -1.045686374 ], [ -50.215268882, -1.044902959 ], [ -50.215282201999955, -1.044477135000035 ], [ -50.215200997999986, -1.044240768999929 ], [ -50.215052261999936, -1.043903338999987 ], [ -50.214971179999978, -1.043653858999951 ], [ -50.214991418999965, -1.043411537999974 ], [ -50.215072360999912, -1.043243381 ], [ -50.215193714999913, -1.043088764 ], [ -50.215470050999954, -1.042883076999948 ], [ -50.215760060999969, -1.042727967 ], [ -50.216050187999905, -1.042572794000032 ], [ -50.216272913999944, -1.042410843999955 ], [ -50.216510487999976, -1.042153886999921 ], [ -50.21669436699991, -1.041984328000014 ], [ -50.216823263, -1.041902970000033 ], [ -50.216985541000021, -1.041889407999976 ], [ -50.217032495999909, -1.041860292999965 ], [ -50.217194736999922, -1.041772372999974 ], [ -50.217478822999979, -1.041556017000014 ], [ -50.217708407999972, -1.041400767999958 ], [ -50.217998789000013, -1.041157509 ], [ -50.218289443999907, -1.040934291 ], [ -50.218607291999916, -1.040609571999953 ], [ -50.218830340999986, -1.040508127 ], [ -50.219039876999915, -1.040366124999972 ], [ -50.219276461999947, -1.040156510000037 ], [ -50.219472707999934, -1.040007553999969 ], [ -50.219580762, -1.039913978999953 ], [ -50.219702512999937, -1.039751881000042 ], [ -50.219837892999948, -1.039643863999986 ], [ -50.220068201999908, -1.039420822 ], [ -50.220285225999923, -1.039292369999947 ], [ -50.220502443999955, -1.039136685999944 ], [ -50.220706380999957, -1.039102860999987 ], [ -50.220849184999956, -1.039001184000012 ], [ -50.220978348999985, -1.038797717999964 ], [ -50.221019014999975, -1.038607813999972 ], [ -50.221107375, -1.038417832999974 ], [ -50.221263799999981, -1.038112367999924 ], [ -50.221386362, -1.0379425 ], [ -50.221556898999985, -1.037867389 ], [ -50.221699364999957, -1.037742110000019 ], [ -50.221855739999931, -1.037606081999956 ], [ -50.22191014, -1.037531283999984 ], [ -50.222052957999907, -1.037279673999949 ], [ -50.222182250999943, -1.037075537000023 ], [ -50.222318446999935, -1.036905254999967 ], [ -50.222482031999967, -1.036761963999924 ], [ -50.222686799999948, -1.036713596 ], [ -50.222782367999947, -1.036631609999974 ], [ -50.222966798999934, -1.036481176999962 ], [ -50.223089792999986, -1.036344529999935 ], [ -50.223116997000012, -1.036207453999962 ], [ -50.223129311999969, -1.035070334999935 ], [ -50.223163199999931, -1.034811704999941 ], [ -50.223275649999906, -1.034679572000021 ], [ -50.223371070999988, -1.034468544999969 ], [ -50.223425537999965, -1.034264272000032 ], [ -50.223548248, -1.033964613000018 ], [ -50.223677859999967, -1.03369208399994 ], [ -50.224176717999946, -1.032975664 ], [ -50.224388927999918, -1.032688631999958 ], [ -50.224450935999982, -1.032463005999942 ], [ -50.224458085999956, -1.032223864999962 ], [ -50.224389704999979, -1.032004758999951 ], [ -50.224250193999985, -1.031784394999926 ], [ -50.224067024999925, -1.031630686 ], [ -50.223825983999966, -1.031601623 ], [ -50.223681551999917, -1.031486442999965 ], [ -50.223489145999984, -1.031246704000024 ], [ -50.223373854999949, -1.030968756999942 ], [ -50.223248954, -1.030700445000035 ], [ -50.223297272000011, -1.030441615000024 ], [ -50.223364933999925, -1.030096332999966 ], [ -50.223422979999931, -1.029779661999966 ], [ -50.223575890999967, -1.029386686999958 ], [ -50.223775361999955, -1.028793493 ], [ -50.224510357000014, -1.027058187999943 ], [ -50.224527948999963, -1.026484249999973 ], [ -50.224535597999974, -1.025767747000019 ], [ -50.224582426999937, -1.02544327 ], [ -50.224695933, -1.025109496 ], [ -50.22483794099994, -1.02477598699994 ], [ -50.224989626999971, -1.024528430999974 ], [ -50.225217484, -1.024309626999989 ], [ -50.225562715999956, -1.024089062000035 ], [ -50.225828961999959, -1.023858690999981 ], [ -50.22601071, -1.023658203 ], [ -50.226192795999957, -1.02339052499997 ], [ -50.22626038599995, -1.023055452999957 ], [ -50.226299375999979, -1.022700651 ], [ -50.226204505999945, -1.022133831 ], [ -50.226099542999968, -1.021719945000035 ], [ -50.22594562699993, -1.021433172999933 ], [ -50.225782286, -1.021165816000016 ], [ -50.225676616999969, -1.020900068999966 ], [ -50.225628523999987, -1.020621916999955 ], [ -50.225628379999975, -1.020372732999943 ], [ -50.225647380999945, -1.020114133999952 ], [ -50.225685537999908, -1.019884401999951 ], [ -50.22579073, -1.019721717 ], [ -50.226106350999906, -1.019405960999977 ], [ -50.226355066999972, -1.019233711000025 ], [ -50.226565492999974, -1.01908061899997 ], [ -50.22684278899991, -1.018851043999982 ], [ -50.227350634999922, -1.018247465999957 ], [ -50.227862315999978, -1.017630590999987 ], [ -50.228298299999906, -1.017098648999939 ], [ -50.22853668899991, -1.016801809999981 ], [ -50.228932231999956, -1.016379470999942 ], [ -50.2292267569999, -1.016131177 ], [ -50.229538931999969, -1.015900717999942 ], [ -50.229886736999973, -1.01568877 ], [ -50.230424647999982, -1.015266385999949 ], [ -50.230914414, -1.014781778 ], [ -50.231169103999939, -1.014617491 ], [ -50.231654713999973, -1.01394951199997 ], [ -50.232021539999948, -1.013381811999983 ], [ -50.232205213999954, -1.013016460999951 ], [ -50.232433494999924, -1.012732290999976 ], [ -50.23264336999997, -1.012567325 ], [ -50.23284398499996, -1.012439066999962 ], [ -50.232980722, -1.01238406499994 ], [ -50.233747785999959, -1.012292658000016 ], [ -50.233940548999918, -1.012201645999946 ], [ -50.234133411999977, -1.01214706399996 ], [ -50.23429909, -1.012028453 ], [ -50.23449277399996, -1.011836571999938 ], [ -50.235011331999964, -1.01113102 ], [ -50.235222323999928, -1.010800865999952 ], [ -50.235386927999954, -1.010461700999956 ], [ -50.235451791999907, -1.010082786999957 ], [ -50.235394179999936, -1.009562625 ], [ -50.235406019999935, -1.009193353 ], [ -50.235341341, -1.008817373999973 ], [ -50.235212276999981, -1.008303993000039 ], [ -50.235147552999955, -1.007845736000048 ], [ -50.235064494000014, -1.007387611999979 ], [ -50.23490819899996, -1.007067080000015 ], [ -50.234907910999937, -1.00678041200001 ], [ -50.234870719999968, -1.006276320999957 ], [ -50.234814940999968, -1.005506704999961 ], [ -50.234704529999895, -1.005112893999973 ], [ -50.234603291999953, -1.004691717999942 ], [ -50.234437676999931, -1.003986959999983 ], [ -50.234299599999964, -1.003255056 ], [ -50.234281038999939, -1.002971495999985 ], [ -50.234422110999972, -1.002486572 ], [ -50.234583734999937, -1.002060283999908 ], [ -50.234613089999968, -1.001604654999957 ], [ -50.234480820999948, -1.00119320800002 ], [ -50.234172287, -1.000546837 ], [ -50.233907918999975, -0.99978316999997 ], [ -50.233745244000012, -0.999033155 ], [ -50.233788574999956, -0.998547335999946 ], [ -50.234022772999971, -0.997839949000037 ], [ -50.234390035999986, -0.99692704 ], [ -50.234880182999952, -0.995915225000035 ], [ -50.235278230999931, -0.995268156999964 ], [ -50.235764270999915, -0.994709491000014 ], [ -50.23669131799997, -0.993959870999985 ], [ -50.237603326999931, -0.993048960999934 ], [ -50.238386840000011, -0.991788674000018 ], [ -50.23883274099996, -0.990788042 ], [ -50.239078310999936, -0.989875385999985 ], [ -50.239135589999968, -0.989434071999975 ], [ -50.239140274999912, -0.986455849000025 ], [ -50.23920165000002, -0.985309260000014 ], [ -50.239349362999981, -0.984515598999982 ], [ -50.239715369999978, -0.983880681000029 ], [ -50.240011709999983, -0.983545902999952 ], [ -50.240631794999956, -0.983241075999954 ], [ -50.241175333999898, -0.983020399 ], [ -50.242071170999942, -0.98282894199996 ], [ -50.242790615999965, -0.982432054999984 ], [ -50.243274987999897, -0.982152915999981 ], [ -50.243597681999951, -0.981742229000018 ], [ -50.243788335, -0.98124332399995 ], [ -50.243861372, -0.98039220099996 ], [ -50.24402287599996, -0.979555347 ], [ -50.244462876999947, -0.977822258999952 ], [ -50.245109383999974, -0.975909684999978 ], [ -50.245206802999952, -0.974963315000013 ], [ -50.245426796999944, -0.974244225999934 ], [ -50.245881504999907, -0.973686445999968 ], [ -50.246483182999953, -0.973231276999966 ], [ -50.247055594999978, -0.972952267999974 ], [ -50.24780404499991, -0.972878852999939 ], [ -50.248921119999963, -0.972921792999939 ], [ -50.250945233000017, -0.973053216999977 ], [ -50.252897002999951, -0.973143105999954 ], [ -50.255387905999989, -0.973053731999931 ], [ -50.257904149999909, -0.972903174 ], [ -50.259941597, -0.972662846999919 ], [ -50.261470004999985, -0.972362706999954 ], [ -50.263358523999919, -0.971792643999949 ], [ -50.264497867999957, -0.971582400999962 ], [ -50.265336691, -0.971522360999968 ], [ -50.265875526999899, -0.971582334999956 ], [ -50.266787737999969, -0.971902169999952 ], [ -50.268374879999932, -0.972682730999965 ], [ -50.270080815999947, -0.973313035999981 ], [ -50.271368497, -0.973612108999946 ], [ -50.272662722999968, -0.973636905000044 ], [ -50.276239518999972, -0.973390492 ], [ -50.278183229999946, -0.973874246999964 ], [ -50.280595699999893, -0.974255618999988 ], [ -50.281327937, -0.974345514999966 ], [ -50.285253922999935, -0.974299568999983 ], [ -50.287351751999964, -0.974253200999966 ], [ -50.290083392000028, -0.974229140000018 ], [ -50.291257905999949, -0.974070492999948 ], [ -50.292455130999976, -0.973866736999964 ], [ -50.293787499, -0.973505074999972 ], [ -50.295775638999913, -0.972894495 ], [ -50.297080337999951, -0.972475067000014 ], [ -50.297688045999962, -0.972227125000016 ], [ -50.29833919799993, -0.971754346999978 ], [ -50.298813501, -0.971257906999936 ], [ -50.299130057, -0.970671102999967 ], [ -50.29937907, -0.969948695999969 ], [ -50.299356866000018, -0.969384427 ], [ -50.298972708999941, -0.968595467 ], [ -50.298565071999967, -0.967762934999952 ], [ -50.297923592, -0.966763436999942 ], [ -50.2972535769999, -0.965722121999937 ], [ -50.296923345999929, -0.965024588999954 ], [ -50.296855187999974, -0.964325208 ], [ -50.296787185999946, -0.963851481999969 ], [ -50.296967207, -0.963174758000021 ], [ -50.2973052, -0.962633427 ], [ -50.297643231999984, -0.96222748199998 ], [ -50.298297031999901, -0.961844092999966 ], [ -50.298973346, -0.961528399999958 ], [ -50.299838627, -0.961355828999979 ], [ -50.302071715999936, -0.961310382999949 ], [ -50.307870244999918, -0.961623992999963 ], [ -50.309734397999968, -0.961535030999974 ], [ -50.311836029999952, -0.961110876999962 ], [ -50.31389734699998, -0.96041059399993 ], [ -50.316293387999984, -0.960683012 ], [ -50.323241571999965, -0.962627099 ], [ -50.328378508999911, -0.963645444999974 ], [ -50.334387252999967, -0.964291933 ], [ -50.339331429999952, -0.965538121999989 ], [ -50.34495649699997, -0.967106827999933 ], [ -50.349744641999926, -0.967566656999965 ], [ -50.354356067999916, -0.966919586999984 ], [ -50.361468879000014, -0.966086244999955 ], [ -50.367291728999959, -0.966084481999987 ], [ -50.371492385999979, -0.967284116000036 ], [ -50.375074723999909, -0.970187403 ], [ -50.378275, -0.973385870999968 ], [ -50.380504727999948, -0.975005428000033 ], [ -50.382818896999936, -0.97565208299998 ], [ -50.384397795000012, -0.975560296000024 ], [ -50.386753075999934, -0.975005927999986 ], [ -50.390121752999946, -0.973108983999973 ], [ -50.393124644999986, -0.970799428000015 ], [ -50.396651413999933, -0.969161389000019 ], [ -50.39910875299995, -0.968742063999963 ], [ -50.401011247999982, -0.968785965999954 ], [ -50.402820301999917, -0.969340851000036 ], [ -50.406229709999927, -0.971154876000027 ], [ -50.411491682999916, -0.975303223999981 ], [ -50.415197582999944, -0.978365844999987 ], [ -50.417127513999937, -0.980734994 ], [ -50.417447001, -0.981591390999972 ], [ -50.417766487999955, -0.982447788999954 ], [ -50.418205609999966, -0.982986990999981 ], [ -50.418773110999936, -0.985229970000026 ], [ -50.418923410999938, -0.987028856 ], [ -50.418951784999976, -0.990725334999967 ], [ -50.41871070900001, -0.993726335000025 ], [ -50.418805813999974, -0.996318383 ], [ -50.419283484999973, -0.998533245000024 ], [ -50.42003486699997, -1.000757076 ], [ -50.420826656999935, -1.002306234 ], [ -50.421640318999934, -1.003205483999983 ], [ -50.427253499999942, -1.007383922000029 ], [ -50.429254695999965, -1.010372846999976 ], [ -50.432168740999934, -1.017436266999985 ], [ -50.433278543999926, -1.020514496000038 ], [ -50.434999888999975, -1.023866002999965 ], [ -50.438000556999917, -1.024853202000022 ], [ -50.441505689999943, -1.023828130000028 ], [ -50.443913983999984, -1.021817969999974 ], [ -50.44834211099991, -1.016434219999942 ], [ -50.452484307999974, -1.013651888999947 ], [ -50.454181049999946, -1.013074101000013 ], [ -50.455056650999914, -1.013071974000015 ], [ -50.45660925199995, -1.013068142999964 ], [ -50.457842468999935, -1.013159469999971 ], [ -50.460025782999928, -1.014017582 ], [ -50.463030823999965, -1.01744240899996 ], [ -50.464948378, -1.020515303000016 ], [ -50.466418484999949, -1.023594032999933 ], [ -50.469416176, -1.026485813000013 ], [ -50.472669136999947, -1.026823396999967 ], [ -50.475446489999975, -1.025815503999974 ], [ -50.478340549999977, -1.024067554999943 ], [ -50.481476784999941, -1.022689948999913 ], [ -50.484444218999975, -1.022032466999958 ], [ -50.487507184, -1.021930220999936 ], [ -50.493472326999921, -1.02334402600003 ], [ -50.497172917999954, -1.023501541 ], [ -50.500416722999937, -1.023170203999948 ], [ -50.505056483999965, -1.018914634999915 ], [ -50.507333202999959, -1.016390507999967 ], [ -50.510246814999981, -1.01396454599997 ], [ -50.513061099999952, -1.011992510999962 ], [ -50.515253402999981, -1.011577423 ], [ -50.516058109999946, -1.011687340000025 ], [ -50.516936335999958, -1.011826627 ], [ -50.518040772999946, -1.011994725999967 ], [ -50.520080785999895, -1.01244775199997 ], [ -50.522514525999917, -1.012647506999977 ], [ -50.524371711999926, -1.01258479099994 ], [ -50.52627778399998, -1.012526583 ], [ -50.526715554999967, -1.01239049399994 ], [ -50.527531859, -1.012032285999966 ], [ -50.528313015999977, -1.011385480999918 ], [ -50.529268457999898, -1.010590737999975 ], [ -50.530045921999921, -1.009757748999975 ], [ -50.530791047999934, -1.008821214000024 ], [ -50.531578663999909, -1.007661086999958 ], [ -50.532010084999989, -1.006565161999964 ], [ -50.532593740999964, -1.005348083999982 ], [ -50.532992308, -1.00438815199996 ], [ -50.533314499, -1.00309954200001 ], [ -50.533483355999941, -1.001742965999943 ], [ -50.533561469999917, -1.000148158999972 ], [ -50.53355026399997, -0.998421511999927 ], [ -50.533278884999987, -0.997135570999932 ], [ -50.532817521, -0.994766715999953 ], [ -50.53241025999997, -0.992580447999982 ], [ -50.531941070999963, -0.990692687000019 ], [ -50.531775992999982, -0.989335997999943 ], [ -50.531472333999901, -0.987766327 ], [ -50.530747260999952, -0.985821571999947 ], [ -50.529919407999934, -0.983750142999975 ], [ -50.529298836999921, -0.982313527999947 ], [ -50.52874363, -0.980030024000014 ], [ -50.528176473999963, -0.978501706000037 ], [ -50.527927863999906, -0.977663651999974 ], [ -50.527818930999956, -0.976616254 ], [ -50.527806205999966, -0.97538300400001 ], [ -50.527905203999985, -0.97409008899997 ], [ -50.528206323999946, -0.97286646499998 ], [ -50.528570468999966, -0.971482588999963 ], [ -50.529115731999958, -0.970105661999989 ], [ -50.529798509999964, -0.968853516000037 ], [ -50.530930924999957, -0.967460893 ], [ -50.53244257599998, -0.965860330999915 ], [ -50.532635617999965, -0.965555715999935 ], [ -50.533206963999895, -0.96503944699994 ], [ -50.533623305999974, -0.964241194999973 ], [ -50.533918604999982, -0.963441895 ], [ -50.533800270999961, -0.962834980999974 ], [ -50.533490588999918, -0.961620244 ], [ -50.53307757799994, -0.960484 ], [ -50.532449758999952, -0.959249898 ], [ -50.531630901999968, -0.958035244000035 ], [ -50.530973761999952, -0.957460033999959 ], [ -50.53034581199995, -0.957239916999955 ], [ -50.528168482999924, -0.957014349000032 ], [ -50.526860244999945, -0.956912810999979 ], [ -50.524604719999928, -0.956735401999955 ], [ -50.522980557000018, -0.956730200999969 ], [ -50.521792820999977, -0.956992894999944 ], [ -50.520701134999975, -0.957570675999966 ], [ -50.519535682999916, -0.958462963999986 ], [ -50.518393118999967, -0.959621817999947 ], [ -50.518047040999932, -0.960106269999974 ], [ -50.517291613999959, -0.961386939999977 ], [ -50.516681441999921, -0.962791732000037 ], [ -50.515608029999925, -0.964967312999923 ], [ -50.514453932, -0.967145466000021 ], [ -50.513673458, -0.968114261999977 ], [ -50.512357175999973, -0.969905994999989 ], [ -50.511006046, -0.971151817999951 ], [ -50.50971545199998, -0.972288694999959 ], [ -50.508326297999972, -0.973280024 ], [ -50.507304079999948, -0.973980729999981 ], [ -50.506207906999933, -0.974437778999961 ], [ -50.505405939999925, -0.974847381000012 ], [ -50.504410303999968, -0.975039955999959 ], [ -50.503364768999965, -0.975182388999931 ], [ -50.502028099999947, -0.975202133999966 ], [ -50.500959078999962, -0.975004240000024 ], [ -50.499628258999984, -0.974739309000041 ], [ -50.498269995999955, -0.974200944 ], [ -50.496788433999939, -0.973587418000035 ], [ -50.495454652999982, -0.97287888700003 ], [ -50.493949260999948, -0.972265310999978 ], [ -50.49229943499995, -0.971505751999926 ], [ -50.490333968999956, -0.970915817999964 ], [ -50.488564222999983, -0.970278000999949 ], [ -50.487698484999939, -0.969657756999966 ], [ -50.487124546999972, -0.969109160999961 ], [ -50.486435875000012, -0.968474127 ], [ -50.486035312, -0.967723294999958 ], [ -50.485577265999936, -0.966856407 ], [ -50.485351371999982, -0.965970119000028 ], [ -50.485212270999931, -0.964785122000036 ], [ -50.485102856999937, -0.963404613000032 ], [ -50.484857387999966, -0.960247083 ], [ -50.484748305, -0.960048822000017 ], [ -50.484637991999932, -0.958815910999968 ], [ -50.484527161, -0.957755990999933 ], [ -50.484215114999941, -0.956867570999966 ], [ -50.483846489, -0.955662179999974 ], [ -50.483421844999938, -0.95487313699997 ], [ -50.482835099999889, -0.953766501999977 ], [ -50.482789870999966, -0.95372097400003 ], [ -50.481917358999979, -0.952372083999977 ], [ -50.480757348999923, -0.950991955 ], [ -50.479719345999925, -0.949946005999971 ], [ -50.47870881099989, -0.949110834999969 ], [ -50.477395723999962, -0.948273964 ], [ -50.476033298999944, -0.947489942999971 ], [ -50.474548895999959, -0.946606072999936 ], [ -50.473290936999966, -0.945974627999915 ], [ -50.472241553999915, -0.945373101999971 ], [ -50.471315983999986, -0.944800617999944 ], [ -50.470645147999988, -0.944141637000042 ], [ -50.470218577999958, -0.943682549999982 ], [ -50.469792687999977, -0.942889579999919 ], [ -50.469322765, -0.941962595999959 ], [ -50.469021186, -0.941100434999944 ], [ -50.468751025999943, -0.940241751000039 ], [ -50.468701950999971, -0.939661807999927 ], [ -50.468692553, -0.939094935 ], [ -50.468796852, -0.93841544800001 ], [ -50.468934257999919, -0.937985507999963 ], [ -50.469196290999925, -0.937544726 ], [ -50.469596477, -0.936919692999973 ], [ -50.470461392999972, -0.935872736000034 ], [ -50.472000606999963, -0.934374213999947 ], [ -50.473407905999963, -0.93304473 ], [ -50.474909101, -0.931681732000014 ], [ -50.475675314999897, -0.931074469999951 ], [ -50.476387735999957, -0.930426232999961 ], [ -50.476727672000017, -0.929954903999954 ], [ -50.476977782999931, -0.929460412999985 ], [ -50.477160980999898, -0.928841419000017 ], [ -50.477306847999976, -0.928071224999973 ], [ -50.477325863999951, -0.927197632 ], [ -50.477228425999975, -0.926675306999938 ], [ -50.477072560999957, -0.92603914299997 ], [ -50.476780450999946, -0.925265071999961 ], [ -50.476373377999927, -0.924557520999949 ], [ -50.475850362, -0.924076587999947 ], [ -50.475280940999951, -0.923526048999959 ], [ -50.473945508999947, -0.922445567 ], [ -50.473066821999986, -0.921641381999985 ], [ -50.472220900999986, -0.920870270999954 ], [ -50.472172916000012, -0.920703879000042 ], [ -50.471149186999952, -0.91972794799994 ], [ -50.470673606999945, -0.919130466999976 ], [ -50.470276132, -0.918330035999917 ], [ -50.470078387999905, -0.917614290999937 ], [ -50.469899397999924, -0.916742354 ], [ -50.469901389, -0.915799415999965 ], [ -50.469831469, -0.914497309999964 ], [ -50.469871678999944, -0.91300147100001 ], [ -50.470059865999971, -0.911337746999932 ], [ -50.470194705000026, -0.909601084000036 ], [ -50.470111873999919, -0.907628468999979 ], [ -50.470067733999912, -0.905017565999957 ], [ -50.470072028999908, -0.903927839999943 ], [ -50.470155397999967, -0.900906594999986 ], [ -50.470394811999974, -0.89996439300001 ], [ -50.470669566999966, -0.898842784000022 ], [ -50.471012001999966, -0.897624539999944 ], [ -50.471592055, -0.896113383999966 ], [ -50.472226394, -0.894587170999985 ], [ -50.473057116999897, -0.89256627600002 ], [ -50.473910069999945, -0.890427583999989 ], [ -50.474401081999986, -0.888864030000027 ], [ -50.474401278999913, -0.888810031 ], [ -50.474784962999948, -0.887275332999939 ], [ -50.475222725000023, -0.885639098 ], [ -50.475658893999963, -0.884290748 ], [ -50.476075022999929, -0.883590378999957 ], [ -50.47661712599993, -0.882908463000023 ], [ -50.477230723999988, -0.882388731999919 ], [ -50.477888687999979, -0.881943259 ], [ -50.478699793999944, -0.881568139999969 ], [ -50.479744146999934, -0.881409722999917 ], [ -50.480842207999927, -0.88135944300002 ], [ -50.482066133999943, -0.881381562999985 ], [ -50.483037545999942, -0.881618782999984 ], [ -50.484325449000011, -0.881911106000013 ], [ -50.485476835999975, -0.882113005999932 ], [ -50.486664946999959, -0.882153045999958 ], [ -50.487295470999989, -0.882047179 ], [ -50.487836766000015, -0.88168898700002 ], [ -50.488288068999964, -0.881312504999956 ], [ -50.488685637999907, -0.880845857999981 ], [ -50.488885091999975, -0.880396565999932 ], [ -50.488948888000017, -0.880144819999975 ], [ -50.489012682999963, -0.879893073999929 ], [ -50.48900747499998, -0.879039723999933 ], [ -50.489091339, -0.878077823000014 ], [ -50.488877298999952, -0.877168035999967 ], [ -50.488387746999948, -0.875968879999958 ], [ -50.487632299999973, -0.874237942 ], [ -50.487292251999989, -0.873321271 ], [ -50.487162312999899, -0.872389291999989 ], [ -50.487137659, -0.8716669 ], [ -50.487326010999944, -0.871055458999939 ], [ -50.487648791, -0.870392431999969 ], [ -50.488236402999952, -0.869808104999938 ], [ -50.48879528199992, -0.869357479999957 ], [ -50.489328903999926, -0.869013341 ], [ -50.489943238999956, -0.868802154000017 ], [ -50.490662577999963, -0.868671481999952 ], [ -50.491702636999953, -0.868541631999955 ], [ -50.493458255999911, -0.868601144 ], [ -50.495821849999984, -0.868688910999973 ], [ -50.497580163999899, -0.868667332999964 ], [ -50.498860400999952, -0.868591414999988 ], [ -50.499870904999987, -0.868409517000037 ], [ -50.50048554199995, -0.868144826999986 ], [ -50.501124731999901, -0.86798744700002 ], [ -50.501957828999906, -0.867322142999951 ], [ -50.502460615999944, -0.866979596999942 ], [ -50.502907939999915, -0.86647875499998 ], [ -50.502989423, -0.865867355000018 ], [ -50.503018353999906, -0.865335016000026 ], [ -50.502523375999985, -0.864129826999962 ], [ -50.501758369999926, -0.862950505 ], [ -50.500963401999961, -0.861932499999964 ], [ -50.499170326999931, -0.860078114 ], [ -50.497309064999939, -0.858179844999976 ], [ -50.496724823, -0.857273518999948 ], [ -50.496276068, -0.856310371999927 ], [ -50.496145016999904, -0.855617461999971 ], [ -50.495960946999951, -0.854949223999926 ], [ -50.496043564999944, -0.854228618999988 ], [ -50.496285072999946, -0.853750041 ], [ -50.496744819999968, -0.852928360999963 ], [ -50.497519433999933, -0.852186883999986 ], [ -50.499017298999966, -0.850672441 ], [ -50.499630955000029, -0.849926262 ], [ -50.49998118299996, -0.849343126999971 ], [ -50.500330120999969, -0.848678108000014 ], [ -50.500519208999982, -0.847932529999964 ], [ -50.500596873999925, -0.84714373999998 ], [ -50.500436922999924, -0.845874587999953 ], [ -50.500289911999928, -0.844552147999957 ], [ -50.500124742999937, -0.843532147000028 ], [ -50.499651973, -0.842523673999986 ], [ -50.499356032000016, -0.841217025999965 ], [ -50.49898008199991, -0.839898205999914 ], [ -50.49876002099991, -0.838758517000029 ], [ -50.498389181999954, -0.837210858999962 ], [ -50.497878290999964, -0.835464550999978 ], [ -50.497456158999938, -0.833647827999942 ], [ -50.497098986999966, -0.832165428999945 ], [ -50.497265932999923, -0.831410128999979 ], [ -50.497531371999948, -0.830883695999942 ], [ -50.498888430999962, -0.829207713 ], [ -50.500110626999927, -0.828388006999949 ], [ -50.501927448999972, -0.827339288999953 ], [ -50.503739094999943, -0.826096378999965 ], [ -50.504967727999905, -0.824878085999972 ], [ -50.506023973999987, -0.823434161999961 ], [ -50.507197327, -0.821697033000026 ], [ -50.508326692999916, -0.819758409000029 ], [ -50.508954350999979, -0.818409075000028 ], [ -50.509413244999934, -0.817192104999966 ], [ -50.509493169999971, -0.816104521999952 ], [ -50.509393726, -0.815116698999931 ], [ -50.508835943999948, -0.814225819999939 ], [ -50.50723174199991, -0.812438574999943 ], [ -50.505752129999969, -0.811083868999942 ], [ -50.504635316999931, -0.809731826999984 ], [ -50.503901937999913, -0.808503690999975 ], [ -50.503248519999943, -0.806424704999911 ], [ -50.50262922899995, -0.803523191 ], [ -50.501815872999977, -0.800621543 ], [ -50.501125235999943, -0.798164262999981 ], [ -50.500668634, -0.796712396000023 ], [ -50.499950181999971, -0.794599891000027 ], [ -50.499330390999937, -0.792223382999948 ], [ -50.498677283999903, -0.790904478999979 ], [ -50.497954826, -0.790012061000036 ], [ -50.497133347999963, -0.789350326 ], [ -50.495816928999936, -0.788818548999961 ], [ -50.494893919999946, -0.788848366999941 ], [ -50.494135512999904, -0.789076547 ], [ -50.492649627999974, -0.789664706999984 ], [ -50.491031450999934, -0.79077961799995 ], [ -50.489214584999971, -0.792124438000021 ], [ -50.487892273999897, -0.792779765999976 ], [ -50.486771334999965, -0.793105197 ], [ -50.485618520999971, -0.793265572999937 ], [ -50.484631312, -0.792932587999919 ], [ -50.483543477999966, -0.792468039000029 ], [ -50.482853184999961, -0.79147723699994 ], [ -50.482494433999946, -0.790256505999922 ], [ -50.481794265999923, -0.787662786 ], [ -50.481144888999928, -0.78469325699996 ], [ -50.480428163999953, -0.782152324999954 ], [ -50.479842659, -0.779776239 ], [ -50.478074823000014, -0.777166112000041 ], [ -50.475649817999923, -0.776121257 ], [ -50.47538882, -0.775460661999974 ], [ -50.475164771000024, -0.774860266999946 ], [ -50.475336845999962, -0.772486706999933 ], [ -50.475047285999985, -0.770341981999936 ], [ -50.474328787999951, -0.76822877099997 ], [ -50.472995395999938, -0.765483133 ], [ -50.470356358999901, -0.761624699999954 ], [ -50.468326157999961, -0.75707308999994 ], [ -50.467313958999966, -0.753887430999969 ], [ -50.466472340999964, -0.750588464000037 ], [ -50.466877807999943, -0.748372966999957 ], [ -50.467566742999921, -0.746385865000034 ], [ -50.470994086, -0.741452947 ], [ -50.472253488999925, -0.738186427 ], [ -50.473582768999954, -0.732568502999955 ], [ -50.475075306, -0.728310318999972 ], [ -50.475875247000012, -0.727119317000016 ], [ -50.476762136999938, -0.723834630999933 ], [ -50.473062633, -0.720636762000018 ], [ -50.473011396999929, -0.720512369999939 ], [ -50.472164242999916, -0.718455637000028 ], [ -50.469845115999966, -0.712311466999962 ], [ -50.468528692999932, -0.708158263999961 ], [ -50.468072134999908, -0.702477977 ], [ -50.46793835199994, -0.701501698999953 ], [ -50.467451059999945, -0.696925017 ], [ -50.467289016999949, -0.694301355999984 ], [ -50.467010671999923, -0.692465786999987 ], [ -50.466601655, -0.690925566 ], [ -50.46562426699996, -0.689300417 ], [ -50.464791153999954, -0.687747762999971 ], [ -50.46381104499995, -0.68578106799996 ], [ -50.463570432999937, -0.685096615 ], [ -50.463239753999929, -0.684592105 ], [ -50.462975527999916, -0.68444534700002 ], [ -50.462711301, -0.684298589000045 ], [ -50.461575534999987, -0.68417923999994 ], [ -50.460325799999971, -0.684415592999956 ], [ -50.457016430999978, -0.685406229999943 ], [ -50.454977303999925, -0.685842778 ], [ -50.452270010999918, -0.686269778999984 ], [ -50.449436432999946, -0.68709856 ], [ -50.447977981999976, -0.688138503999971 ], [ -50.441191150999941, -0.692554814999982 ], [ -50.440910658999911, -0.692915188999956 ], [ -50.440630166999973, -0.69327556400002 ], [ -50.438919487999918, -0.696681485999919 ], [ -50.438269523999963, -0.697780338999978 ], [ -50.437462501999981, -0.698918263999984 ], [ -50.436514165999945, -0.699820217 ], [ -50.43490811500002, -0.700677583999978 ], [ -50.432179221999917, -0.701867026999983 ], [ -50.431099235, -0.702096823999989 ], [ -50.42856106199995, -0.702333536999946 ], [ -50.426035127999945, -0.702731072999976 ], [ -50.423699955, -0.703253275999929 ], [ -50.418535149999961, -0.704634309999976 ], [ -50.41771023599992, -0.704873167000022 ], [ -50.416670617999969, -0.704823046999961 ], [ -50.415725162999898, -0.704490758 ], [ -50.413790821999989, -0.703330072999977 ], [ -50.41178001899997, -0.702360304999941 ], [ -50.411141040999951, -0.702169135000021 ], [ -50.41019890499998, -0.702078659 ], [ -50.408203961999938, -0.702011087 ], [ -50.407300929, -0.70180138799997 ], [ -50.405854418999958, -0.700865854000012 ], [ -50.405345149999924, -0.699783160999958 ], [ -50.404562734999935, -0.697026277000026 ], [ -50.404492081999948, -0.69623613399993 ], [ -50.404685883, -0.695563150999936 ], [ -50.406300539000014, -0.690992512000035 ], [ -50.406410550999965, -0.689295777999979 ], [ -50.406138772999952, -0.688320092999986 ], [ -50.405435398999927, -0.686713513000017 ], [ -50.40503773899998, -0.685954180999984 ], [ -50.404879720999958, -0.685023117999952 ], [ -50.404772457999968, -0.683595539999962 ], [ -50.404931688, -0.682009712000022 ], [ -50.404866048999985, -0.680386998999962 ], [ -50.404172041999935, -0.677580539000013 ], [ -50.404146362999946, -0.675465541999989 ], [ -50.404355234, -0.673744633999975 ], [ -50.404689632999954, -0.671784229999952 ], [ -50.405619012999935, -0.669490837 ], [ -50.406066503000012, -0.668490773000032 ], [ -50.406120553999955, -0.668369977999985 ], [ -50.406513992, -0.667490709999976 ], [ -50.406532053999982, -0.665941108000014 ], [ -50.406293661999975, -0.664894900999959 ], [ -50.405332809999969, -0.66320851699996 ], [ -50.403746630999912, -0.660657747000029 ], [ -50.403461364999934, -0.658966617 ], [ -50.403330376000021, -0.657098679999981 ], [ -50.403054408999921, -0.656362796999934 ], [ -50.401749165999931, -0.653924843000011 ], [ -50.399759155999945, -0.650087679999958 ], [ -50.399137066999984, -0.648308952999956 ], [ -50.398265464999987, -0.647452282999952 ], [ -50.396414609999972, -0.646614109999968 ], [ -50.392921916, -0.645553058000017 ], [ -50.391231057999981, -0.644443300000033 ], [ -50.389776376999968, -0.642796009999982 ], [ -50.38895372799994, -0.641491752999981 ], [ -50.387036756999954, -0.639315306999935 ], [ -50.385097141999964, -0.63841617999997 ], [ -50.381104649999941, -0.638462477999981 ], [ -50.379135757999926, -0.639147271999976 ], [ -50.375969333999947, -0.64024271499993 ], [ -50.372115021999981, -0.641578998 ], [ -50.370151978999921, -0.641898148999944 ], [ -50.364613184999939, -0.642069386 ], [ -50.363320438999914, -0.642309726999981 ], [ -50.362324469000015, -0.641981992999954 ], [ -50.360667121999931, -0.640740569 ], [ -50.359182954999966, -0.638725282999966 ], [ -50.358656763999953, -0.637645688 ], [ -50.358448130999918, -0.636369181999976 ], [ -50.358103410999909, -0.634267553 ], [ -50.358639459999942, -0.631521729 ], [ -50.358574573999903, -0.630374175 ], [ -50.3580260539999, -0.629428247999977 ], [ -50.356586920999931, -0.628550038999967 ], [ -50.354456234999944, -0.628034673999958 ], [ -50.352755387999899, -0.627656126999989 ], [ -50.351578467999957, -0.627441748000015 ], [ -50.350357937999952, -0.627381035999965 ], [ -50.349583051999964, -0.62739445700001 ], [ -50.348837833999944, -0.627702682999933 ], [ -50.347454979999924, -0.628222061 ], [ -50.34587469199991, -0.628403291 ], [ -50.344172740999959, -0.628858249999977 ], [ -50.342803483999909, -0.629409832999963 ], [ -50.342108270999937, -0.630155814999958 ], [ -50.341487841999943, -0.63131946499996 ], [ -50.340198098999984, -0.634204289 ], [ -50.339581399999943, -0.635210522000031 ], [ -50.338979755, -0.636125327999961 ], [ -50.337963606999935, -0.636988173999944 ], [ -50.336892303999932, -0.637643040999949 ], [ -50.335581128999891, -0.638055111000027 ], [ -50.334452105999915, -0.638202234999943 ], [ -50.331481425999968, -0.63638318699998 ], [ -50.32739593899997, -0.633144342999961 ], [ -50.326508587, -0.627798898999989 ], [ -50.325268711, -0.620779948000019 ], [ -50.321118111999951, -0.617256474999985 ], [ -50.318305732999953, -0.613684690999952 ], [ -50.318794468999982, -0.611903141999983 ], [ -50.320512008999984, -0.609181216000012 ], [ -50.323499663999911, -0.60578942699995 ], [ -50.323599297999984, -0.605661907999968 ], [ -50.323778607999898, -0.605222571999944 ], [ -50.323911691999989, -0.604859184999986 ], [ -50.324377663999904, -0.603889645999969 ], [ -50.324476396, -0.603095633 ], [ -50.324495270999954, -0.602065496999939 ], [ -50.324405154999958, -0.601068670999974 ], [ -50.32425465699994, -0.600095091999977 ], [ -50.324101785, -0.599316819999975 ], [ -50.323915662999958, -0.598011709 ], [ -50.323676332999966, -0.597341655999974 ], [ -50.322474766999932, -0.596160710999962 ], [ -50.321979111999958, -0.595637040999977 ], [ -50.32173669899997, -0.595152476999941 ], [ -50.321617283999949, -0.594650242999952 ], [ -50.321382021999938, -0.594041162999916 ], [ -50.321057899999943, -0.593381566999964 ], [ -50.320636330999967, -0.592159906999958 ], [ -50.320243631999979, -0.591061891999969 ], [ -50.319936733, -0.590254494999956 ], [ -50.319691216999928, -0.589431503999984 ], [ -50.319452035999944, -0.588737051 ], [ -50.319125925999963, -0.588031514999967 ], [ -50.319099668, -0.587697577999959 ], [ -50.319067273, -0.587512901999956 ], [ -50.318995335, -0.587268106999952 ], [ -50.318832080999982, -0.586903864000012 ], [ -50.318767785, -0.586249336000035 ], [ -50.318728147999913, -0.585279779000016 ], [ -50.318809020999943, -0.584509375999955 ], [ -50.318827913999904, -0.584051461 ], [ -50.31893279199997, -0.583269865999982 ], [ -50.318959086999925, -0.582691722999931 ], [ -50.319087240999956, -0.582193496999919 ], [ -50.319260382999985, -0.581900221999989 ], [ -50.319775192999948, -0.580010916999987 ], [ -50.321096529999942, -0.579235061 ], [ -50.321270821999974, -0.57917605200001 ], [ -50.32224921200001, -0.578558233999962 ], [ -50.322884561, -0.577940301 ], [ -50.323054907999975, -0.577237513999931 ], [ -50.323125431999948, -0.576338932999922 ], [ -50.323108374999954, -0.574986592000029 ], [ -50.323359218999926, -0.573956603999983 ], [ -50.323494071999981, -0.573273829999978 ], [ -50.323595483999938, -0.57188229299995 ], [ -50.323854789999984, -0.570964689999967 ], [ -50.324134046, -0.570601969999975 ], [ -50.324494745, -0.570302793999913 ], [ -50.325461331999954, -0.570265382000015 ], [ -50.325918608999949, -0.570209842999949 ], [ -50.327531159999971, -0.569779100999925 ], [ -50.328421812999942, -0.569298479999949 ], [ -50.329313284999984, -0.568870251999956 ], [ -50.33037662499995, -0.567773376999972 ], [ -50.331278464999961, -0.566969523999985 ], [ -50.332202175, -0.566315791999985 ], [ -50.333003267999942, -0.56563181999997 ], [ -50.33336573, -0.565232811 ], [ -50.333808261999934, -0.564688153999962 ], [ -50.333877390999966, -0.564264891999935 ], [ -50.333518840999965, -0.563847591999957 ], [ -50.333354767999893, -0.562825723999962 ], [ -50.333299476999933, -0.56184205499993 ], [ -50.333288191999976, -0.561641275999927 ], [ -50.333317062999967, -0.56124903699998 ], [ -50.333380166999952, -0.56039171300001 ], [ -50.333403293999908, -0.560203764 ], [ -50.333586833, -0.558712154000043 ], [ -50.333531504999947, -0.557985279000031 ], [ -50.333282447999949, -0.55746332900001 ], [ -50.332880411999987, -0.557121524999973 ], [ -50.332419700999971, -0.557058968000037 ], [ -50.332232857999969, -0.557033597999981 ], [ -50.330999606999981, -0.556930804 ], [ -50.329814899000013, -0.556601112 ], [ -50.329164194, -0.55607153499996 ], [ -50.328881925, -0.555549061999985 ], [ -50.32898940199992, -0.554895612999919 ], [ -50.329482536999954, -0.553914008999969 ], [ -50.329839620000016, -0.553299668999943 ], [ -50.32984765399997, -0.553285848000042 ], [ -50.329955883999951, -0.552456085999955 ], [ -50.329993626999965, -0.55170245999995 ], [ -50.33003968099996, -0.550782917999983 ], [ -50.330018492999983, -0.549143316000036 ], [ -50.329719376999925, -0.546421706 ], [ -50.329539754999985, -0.545479403999929 ], [ -50.329535618, -0.545469150999969 ], [ -50.329531479999922, -0.54545889799992 ], [ -50.329437511999963, -0.545226041000015 ], [ -50.329213035999949, -0.544669782 ], [ -50.328949257999973, -0.544015078 ], [ -50.328520963999978, -0.543468770000013 ], [ -50.328023114, -0.543027849999946 ], [ -50.327710041999936, -0.542750579 ], [ -50.325381572999923, -0.541281376000038 ], [ -50.322550123999953, -0.539194943999979 ], [ -50.32149683599993, -0.538369317999967 ], [ -50.32123730199995, -0.538072165999983 ], [ -50.321212711999962, -0.538044011999963 ], [ -50.32091967399996, -0.5377085 ], [ -50.320554695999959, -0.537290620999977 ], [ -50.320195093999963, -0.536542433999978 ], [ -50.320195229999975, -0.535754505999977 ], [ -50.320402143999949, -0.534884131 ], [ -50.32064936099998, -0.534273966999956 ], [ -50.320716341000015, -0.534108651999956 ], [ -50.321064615999965, -0.533345888 ], [ -50.321406882999952, -0.532399981999978 ], [ -50.32162552399992, -0.531556173999972 ], [ -50.32185941999991, -0.53087355199998 ], [ -50.322316307999969, -0.529600170999958 ], [ -50.32255311399993, -0.52866976399998 ], [ -50.322618885999958, -0.528411348 ], [ -50.323294641, -0.52692896 ], [ -50.323800338999924, -0.526204812999955 ], [ -50.324450705999908, -0.525646072 ], [ -50.325200130000013, -0.524894047000037 ], [ -50.325623003, -0.524139474000043 ], [ -50.32615342099993, -0.522889787999938 ], [ -50.326176069000027, -0.522532844999981 ], [ -50.326205594999983, -0.522067492000025 ], [ -50.326113213999975, -0.52046570499992 ], [ -50.32605144199993, -0.51939464399994 ], [ -50.325793037999951, -0.518110578000011 ], [ -50.325452153999905, -0.517048818 ], [ -50.324759229999948, -0.515866091000019 ], [ -50.323619798, -0.513921237000039 ], [ -50.32326362500001, -0.513370392999937 ], [ -50.32276754, -0.512171606999958 ], [ -50.322277013, -0.510829946999971 ], [ -50.321639853999955, -0.50908723299993 ], [ -50.321197555999952, -0.507610643999969 ], [ -50.321145332999983, -0.506847514999977 ], [ -50.32112833, -0.506599045000025 ], [ -50.321106550999971, -0.506280794999983 ], [ -50.321096304, -0.506131065000028 ], [ -50.320889594999962, -0.504948080000025 ], [ -50.320306848999969, -0.503705656999989 ], [ -50.31956974699991, -0.502230535999972 ], [ -50.319260583999913, -0.500772728999967 ], [ -50.319294407999955, -0.500131703999953 ], [ -50.319979073999939, -0.499187785000013 ], [ -50.321607436999933, -0.498347877999974 ], [ -50.322259576999983, -0.497782304999985 ], [ -50.322588004999979, -0.49722392199997 ], [ -50.322808887999955, -0.496848383999984 ], [ -50.322946864999913, -0.495631258 ], [ -50.322570136999921, -0.494671033999952 ], [ -50.321987435000025, -0.493779241999972 ], [ -50.321078942, -0.492372674000032 ], [ -50.320872946999913, -0.492099173999963 ], [ -50.320253561999913, -0.491276812999955 ], [ -50.32007828299998, -0.490930725 ], [ -50.31949908999993, -0.489787114999976 ], [ -50.318856268999944, -0.488590459 ], [ -50.318849359999902, -0.488577598 ], [ -50.318800668999963, -0.488486955999958 ], [ -50.317934920999917, -0.487018106999928 ], [ -50.315232795999982, -0.48402368199997 ], [ -50.314536758999949, -0.48325235100001 ], [ -50.314505698999952, -0.483217932 ], [ -50.312970652999951, -0.482062328999957 ], [ -50.311237278999975, -0.480448974999961 ], [ -50.310181164999989, -0.479083320000031 ], [ -50.309307726000014, -0.477276877999957 ], [ -50.308261906, -0.475046769 ], [ -50.307979257999968, -0.474123251999972 ], [ -50.307768193999912, -0.473253467999948 ], [ -50.307738075, -0.473129348999981 ], [ -50.307638505999925, -0.47271903099996 ], [ -50.306668136999932, -0.472105306999984 ], [ -50.305216015999953, -0.47141705999997 ], [ -50.304082105999925, -0.471348199000046 ], [ -50.304055273999921, -0.471346569 ], [ -50.303607461, -0.47131937399997 ], [ -50.301986371999895, -0.470859188 ], [ -50.296176253999931, -0.470728058999983 ], [ -50.292963238, -0.471260557999988 ], [ -50.290207804000019, -0.472032230999977 ], [ -50.289742291999957, -0.472006606999988 ], [ -50.289311728999948, -0.471980716999978 ], [ -50.289310336999925, -0.471980633999971 ], [ -50.288717160999958, -0.471944965999951 ], [ -50.288298402999949, -0.471919365999964 ], [ -50.2881765, -0.471044838 ], [ -50.288012498999919, -0.468475531000037 ], [ -50.287889070999924, -0.467680759 ], [ -50.287668640999982, -0.466763436999953 ], [ -50.28749531199994, -0.465397734000019 ], [ -50.287500884999957, -0.464606255 ], [ -50.287516020999966, -0.462456727999951 ], [ -50.287517422999905, -0.462257572 ], [ -50.287523173999936, -0.461635856999978 ], [ -50.287529913999961, -0.460907127 ], [ -50.287532820999935, -0.460592909000015 ], [ -50.287497363999933, -0.460423850999971 ], [ -50.287496334999936, -0.46041894600001 ], [ -50.287488909999944, -0.460383545000012 ], [ -50.287346192999948, -0.459703067000019 ], [ -50.287310327999911, -0.459532062 ], [ -50.287257380999968, -0.459279612999977 ], [ -50.28722802099994, -0.459205230999951 ], [ -50.286679986999978, -0.457816823 ], [ -50.286621822999962, -0.457731113000017 ], [ -50.286451203999967, -0.457479688 ], [ -50.285307618999937, -0.45579450299992 ], [ -50.285233554999941, -0.455084403999964 ], [ -50.285287952, -0.454325277999947 ], [ -50.286125333999919, -0.45243998000001 ], [ -50.286621561999944, -0.450744111999937 ], [ -50.286621223999916, -0.448654446999965 ], [ -50.286466865999934, -0.447532532999952 ], [ -50.286353616999975, -0.445779322000019 ], [ -50.286419839999951, -0.444280687000012 ], [ -50.287297152999976, -0.442007742999975 ], [ -50.28698744099993, -0.438931876000028 ], [ -50.286896836999979, -0.43687162 ], [ -50.286983442999954, -0.43345259 ], [ -50.287040516999966, -0.429249021 ], [ -50.286638746999941, -0.427537954 ], [ -50.286514185999941, -0.427007468999987 ], [ -50.285490342999957, -0.425317628999968 ], [ -50.285341693, -0.425072284 ], [ -50.284750717999955, -0.423574519999983 ], [ -50.284610379999982, -0.420862158 ], [ -50.284606872999959, -0.420794384 ], [ -50.284592452999917, -0.420515689999936 ], [ -50.284541461999964, -0.419530170000018 ], [ -50.28450996399993, -0.418921388 ], [ -50.283704305999976, -0.417785256999972 ], [ -50.281690753, -0.417466785 ], [ -50.28091974699997, -0.417344839999947 ], [ -50.280827231999957, -0.41733020799998 ], [ -50.280823249999983, -0.417329578000016 ], [ -50.279819188999952, -0.417265393000035 ], [ -50.278209375999978, -0.417162484999958 ], [ -50.277060080999924, -0.416254321999956 ], [ -50.276596880999968, -0.41362762799996 ], [ -50.276459249999945, -0.411971851 ], [ -50.276401175999936, -0.411789963999967 ], [ -50.276040552999945, -0.41066048499995 ], [ -50.275908288000011, -0.409013992999965 ], [ -50.276371663999981, -0.407348312 ], [ -50.276412561, -0.406498445000016 ], [ -50.276463688999961, -0.405436 ], [ -50.276466569000021, -0.405376161999973 ], [ -50.275820977999985, -0.403735570000032 ], [ -50.274284649999963, -0.403063356000013 ], [ -50.274197694999962, -0.403025308999974 ], [ -50.273950047, -0.402971529999965 ], [ -50.272777011999921, -0.402716793000026 ], [ -50.271329634999979, -0.401021416 ], [ -50.270876627999982, -0.397309047999963 ], [ -50.270995889, -0.394919251000028 ], [ -50.27225276399998, -0.392073111 ], [ -50.272734255999936, -0.388825774999981 ], [ -50.272591064, -0.38532821499996 ], [ -50.272172878999939, -0.382134434999939 ], [ -50.272082241999989, -0.377616268999938 ], [ -50.270782642999933, -0.375395837999983 ], [ -50.270769655, -0.374336868999938 ], [ -50.272346687999935, -0.372320057999955 ], [ -50.272674329999951, -0.370605037999985 ], [ -50.271241712, -0.369450066 ], [ -50.2713662479999, -0.368192602999953 ], [ -50.271754098999928, -0.366466049999916 ], [ -50.271201946999987, -0.364520222999944 ], [ -50.270107391999929, -0.362346172 ], [ -50.270250173999926, -0.361211817999942 ], [ -50.271668757999976, -0.359511836999973 ], [ -50.271761749999939, -0.359400397999989 ], [ -50.272208552999963, -0.358856293 ], [ -50.27275884700002, -0.358186159999976 ], [ -50.272690551999965, -0.357597207 ], [ -50.272549679999941, -0.356382369999944 ], [ -50.267518677999966, -0.354379657999973 ], [ -50.265537630000011, -0.354340546999934 ], [ -50.264320671999947, -0.353653211 ], [ -50.263889428999974, -0.35287262699998 ], [ -50.263913064999976, -0.35267646 ], [ -50.264344947, -0.349092106 ], [ -50.267051147999915, -0.348243827999974 ], [ -50.267202951999955, -0.348196243999945 ], [ -50.268934353999946, -0.347090541999941 ], [ -50.268484494999939, -0.345488426999987 ], [ -50.268396947999982, -0.345176641000036 ], [ -50.267120936, -0.34310225 ], [ -50.267095374999933, -0.343060696999933 ], [ -50.265578736999949, -0.341636664999969 ], [ -50.263191153000015, -0.341266483999982 ], [ -50.26135651, -0.339867666999973 ], [ -50.259728157000012, -0.338251361 ], [ -50.258021941999971, -0.33690489299997 ], [ -50.255377625999941, -0.33570035899996 ], [ -50.252439887999962, -0.334434868999969 ], [ -50.25045529299998, -0.333216191000032 ], [ -50.248903114999983, -0.331782521999981 ], [ -50.249136922999966, -0.330354226999932 ], [ -50.2489141, -0.328941307 ], [ -50.247037597, -0.32666489000003 ], [ -50.245803789999961, -0.325252148999935 ], [ -50.244621736999946, -0.322559806000013 ], [ -50.242840620999928, -0.320148656 ], [ -50.240631629999939, -0.317943446999971 ], [ -50.239153705999961, -0.315932400999932 ], [ -50.237934798, -0.314432649 ], [ -50.235242728999928, -0.314249750999975 ], [ -50.234005474999961, -0.313858348 ], [ -50.233640675999979, -0.312785947 ], [ -50.114524226, -0.464767202999985 ], [ -50.107219091999973, -0.470861645999934 ] ] ] ] } },
{ "type": "Feature", "properties": { "CD_MUN": "1501105", "NM_MUN": "Bagre", "SIGLA": "PA", "AREA_KM2": 4397.321 }, "geometry": { "type": "MultiPolygon", "coordinates": [ [ [ [ -50.253720820999902, -1.806061707999964 ], [ -50.250553305000011, -1.807508051 ], [ -50.247227521, -1.807680737999986 ], [ -50.243974580999961, -1.807395141999981 ], [ -50.23746793, -1.807199339000034 ], [ -50.226559010999971, -1.80662797000001 ], [ -50.217814226999934, -1.806969774999958 ], [ -50.212941445, -1.80768329800002 ], [ -50.209171404999985, -1.808847593999987 ], [ -50.204474718999954, -1.811743384999955 ], [ -50.201386922, -1.818450526999973 ], [ -50.199835540999977, -1.821073142999987 ], [ -50.196413169999964, -1.824423599999916 ], [ -50.19333474899998, -1.827042940000014 ], [ -50.188277214999943, -1.829658036999939 ], [ -50.185030722999912, -1.830561587 ], [ -50.179528899999966, -1.831181474999957 ], [ -50.17733660199994, -1.830441822999953 ], [ -50.17439067999991, -1.829447907999961 ], [ -50.169722029999981, -1.827524055000032 ], [ -50.163669641999959, -1.825426708999958 ], [ -50.159806351999968, -1.82432752099996 ], [ -50.154220266999978, -1.822312397000028 ], [ -50.149086216999912, -1.820745798 ], [ -50.143136617999957, -1.818931123999947 ], [ -50.131496032999955, -1.814999177999956 ], [ -50.131334233999979, -1.818805618999955 ], [ -50.130144548999951, -1.821618220999968 ], [ -50.128058767999946, -1.825692990999963 ], [ -50.124806347999957, -1.829767014999986 ], [ -50.118387115999958, -1.839010507999985 ], [ -50.115304856999927, -1.842899822 ], [ -50.111223818999946, -1.851416481 ], [ -50.111027935, -1.85468498999998 ], [ -50.110470641999981, -1.858401129999967 ], [ -50.108139311999906, -1.860389997000036 ], [ -50.102359517999972, -1.860647874999968 ], [ -50.098658323999977, -1.859817705999935 ], [ -50.092367714999959, -1.859804645 ], [ -50.088022273999954, -1.861337833999945 ], [ -50.085748515999938, -1.865319801999989 ], [ -50.085557096999906, -1.870581279999941 ], [ -50.089053723999939, -1.878934924000033 ], [ -50.086528007999952, -1.882197190999948 ], [ -50.082276593, -1.882635126000034 ], [ -50.077973089999901, -1.881446192999983 ], [ -50.07461134699993, -1.882348961999982 ], [ -50.072084371999921, -1.886151576000019 ], [ -50.070998235999937, -1.890317425 ], [ -50.072613335999989, -1.89512908999995 ], [ -50.072859336999919, -1.898036645 ], [ -50.070612285999978, -1.902019384000022 ], [ -50.06644228999992, -1.905365232999925 ], [ -50.060139088999932, -1.906074360999979 ], [ -50.056904220999975, -1.908455098999964 ], [ -50.056692643999966, -1.908610694999959 ], [ -50.055524616999953, -1.911962441 ], [ -50.054969765999964, -1.915227176000025 ], [ -50.055140728, -1.918674930000011 ], [ -50.056342480999945, -1.920621081 ], [ -50.057551394999962, -1.922578983 ], [ -50.062251837999945, -1.925494116999973 ], [ -50.062136947999946, -1.928941239 ], [ -50.057997628999935, -1.931375729999987 ], [ -50.057610822999905, -1.935011664 ], [ -50.061950077999938, -1.940191503999946 ], [ -50.065276264, -1.943466225 ], [ -50.069945642999976, -1.944659053000022 ], [ -50.070839390999943, -1.948016537 ], [ -50.071722203999975, -1.954912555000012 ], [ -50.070361839999954, -1.959718248 ], [ -50.068719795999982, -1.962349790999953 ], [ -50.0673598509999, -1.967335899000036 ], [ -50.066711477999903, -1.968001766999974 ], [ -50.064107164999982, -1.970676355000025 ], [ -50.061583349999971, -1.97366574200001 ], [ -50.064196002999957, -1.978751464999986 ], [ -50.066971883999955, -1.982844252999962 ], [ -50.068940986999984, -1.986387485999943 ], [ -50.073166920999967, -1.986216217999983 ], [ -50.07533294699995, -1.990488953000016 ], [ -50.075503006999988, -1.994207472000022 ], [ -50.075942963999971, -1.99819731 ], [ -50.076221003999976, -2.002230971999976 ], [ -50.076582116999923, -2.005722593000039 ], [ -50.078474908999944, -2.011087344 ], [ -50.07785857699993, -2.016221396999986 ], [ -50.078723851999939, -2.019361474999917 ], [ -50.075468895999919, -2.023152907 ], [ -50.072860013999971, -2.027766906999942 ], [ -50.073608235999977, -2.030969851000011 ], [ -50.070219519, -2.03131345799993 ], [ -50.069770165999934, -2.034246410999954 ], [ -50.072246128999986, -2.036291502999967 ], [ -50.073218643999979, -2.040029123999956 ], [ -50.071611750999985, -2.04248737699996 ], [ -50.071972318999975, -2.045395250999951 ], [ -50.073160952, -2.048592072999957 ], [ -50.072748965999935, -2.051658650000023 ], [ -50.073108828999956, -2.054843515000018 ], [ -50.075446313, -2.058738813 ], [ -50.077170892999966, -2.062938473000022 ], [ -50.075382071000014, -2.066237129999928 ], [ -50.074942767, -2.069420025999937 ], [ -50.07121617699994, -2.071864837999984 ], [ -50.061936976, -2.078680556999926 ], [ -50.056410818999915, -2.089730576 ], [ -50.05672135799994, -2.095315163999958 ], [ -50.058696510999944, -2.099886268999986 ], [ -50.060523165999911, -2.102732876999971 ], [ -50.066268076999982, -2.108501800999987 ], [ -50.069168565999988, -2.110784569000037 ], [ -50.083886785999908, -2.12041357599996 ], [ -50.088207141999973, -2.123595948000014 ], [ -50.092527496999949, -2.12677831999998 ], [ -50.097753001999941, -2.129282718999983 ], [ -50.104027069000011, -2.133060182999982 ], [ -50.107305131, -2.134279349999959 ], [ -50.115301243999987, -2.139623069999965 ], [ -50.116162935999959, -2.143701752000018 ], [ -50.114886558999956, -2.147209262999974 ], [ -50.112799243, -2.15074266099994 ], [ -50.110473438999946, -2.154371069000041 ], [ -50.107470626999913, -2.158026587999986 ], [ -50.105025937999969, -2.161368620000017 ], [ -50.101948452999977, -2.169237454999964 ], [ -50.102333360999936, -2.176880619999979 ], [ -50.103359660999942, -2.179799398999984 ], [ -50.103998232000023, -2.18282184000004 ], [ -50.107384678999907, -2.19117030699997 ], [ -50.108699761999915, -2.193996035 ], [ -50.109271679999985, -2.198095640000011 ], [ -50.10958636799991, -2.201543136999975 ], [ -50.10833826999994, -2.205121879999963 ], [ -50.105389892999973, -2.208117789999955 ], [ -50.102090092999973, -2.211073949000033 ], [ -50.101362006999949, -2.211726171 ], [ -50.097418779999913, -2.213890217 ], [ -50.091778741, -2.218603113000031 ], [ -50.088192662000019, -2.221336439999968 ], [ -50.086252814, -2.224336667999962 ], [ -50.084191242999964, -2.228825256999913 ], [ -50.082669958999944, -2.233304437999974 ], [ -50.081084172000011, -2.237010209 ], [ -50.079776284999973, -2.242690806999983 ], [ -50.079275002999978, -2.248617163999969 ], [ -50.079220355999986, -2.258948544 ], [ -50.08011278599993, -2.264743332000032 ], [ -50.083476019999935, -2.277410912999924 ], [ -50.084466517999914, -2.286787920999958 ], [ -50.086388922999987, -2.290991327000027 ], [ -50.088026125999917, -2.29394525800001 ], [ -50.091051844999974, -2.298402547999947 ], [ -50.100244728999961, -2.310209470999949 ], [ -50.103994249999957, -2.316609622999968 ], [ -50.10525212799994, -2.320184257999971 ], [ -50.106194680999948, -2.327596272999957 ], [ -50.10727579399996, -2.333318741000037 ], [ -50.108661721999965, -2.339018611000023 ], [ -50.110194905, -2.353865225 ], [ -50.110996711999988, -2.359426361999963 ], [ -50.111636601, -2.365329014999942 ], [ -50.111637353999967, -2.374713546999976 ], [ -50.111914974999934, -2.378314396000016 ], [ -50.11162660899997, -2.385272803999952 ], [ -50.111110896999932, -2.392802601 ], [ -50.109528241999989, -2.405278291 ], [ -50.109530154999966, -2.410619732 ], [ -50.107276112999983, -2.416605225 ], [ -50.10466137199991, -2.421679258999978 ], [ -50.093781739999898, -2.434909161999945 ], [ -50.089471282999938, -2.438966668000022 ], [ -50.083582505999956, -2.444984587000034 ], [ -50.081052504999967, -2.448947935000048 ], [ -50.07954946499995, -2.452542550000016 ], [ -50.077473511999955, -2.455875620000016 ], [ -50.075857214999985, -2.460670740999928 ], [ -50.074411082999966, -2.463536470999985 ], [ -50.072855901999986, -2.472292523999977 ], [ -50.072612069999977, -2.476009886999977 ], [ -50.073528134999918, -2.479422136999956 ], [ -50.072920694999929, -2.486892594999981 ], [ -50.068333424999899, -2.49467772799993 ], [ -50.065274611999939, -2.50035796499998 ], [ -50.061610872999935, -2.502334532 ], [ -50.059444828999951, -2.504717073999965 ], [ -50.058337544, -2.510850590999949 ], [ -50.054140094999973, -2.516258364000015 ], [ -50.048609455999959, -2.516477052 ], [ -50.035918498999905, -2.514652103999984 ], [ -50.031274271999955, -2.513149349 ], [ -50.025023212999926, -2.510756659 ], [ -50.019860867, -2.508432251999961 ], [ -50.015420854, -2.507796208 ], [ -50.000900185999981, -2.508336395999935 ], [ -49.993217893999926, -2.511190666999932 ], [ -49.989584831999977, -2.514255785999966 ], [ -49.983502255999944, -2.51882167 ], [ -49.976720360999956, -2.528245029999967 ], [ -49.974831143999964, -2.533779990999987 ], [ -49.970412896999967, -2.541190641999949 ], [ -49.968777, -2.545898173999985 ], [ -49.967630476999965, -2.558277366 ], [ -49.966993955999968, -2.56514998999994 ], [ -49.966415376999969, -2.574711454999958 ], [ -49.966860227, -2.581640190000014 ], [ -49.968299927999936, -2.589594199 ], [ -49.971945519999949, -2.605718553 ], [ -49.97397117799995, -2.613447195999976 ], [ -49.975330301999961, -2.621499393 ], [ -49.974309794, -2.629028811000014 ], [ -49.974361178999978, -2.634866599999954 ], [ -49.972941509999934, -2.640086171 ], [ -49.971218786999948, -2.644734598000023 ], [ -49.968225973999942, -2.648633713999962 ], [ -49.967163039999924, -2.650017695999987 ], [ -49.961219448999934, -2.655356789999965 ], [ -49.955438661, -2.660108143999986 ], [ -49.949863332999932, -2.66608241599994 ], [ -49.945749700999919, -2.66973132299996 ], [ -49.943632118999943, -2.67621843999998 ], [ -49.941751879999984, -2.684883036999954 ], [ -49.941025828999948, -2.700442457999932 ], [ -49.940800379999949, -2.708731844999948 ], [ -49.940884608999987, -2.727101239999987 ], [ -49.941003134999939, -2.729439654000023 ], [ -49.941136695999973, -2.73207467999991 ], [ -49.941136902, -2.732078736999979 ], [ -49.941532304999932, -2.739879637999989 ], [ -49.942942260999978, -2.750327862000015 ], [ -49.94237848399996, -2.757536359000037 ], [ -49.942377826, -2.757544769999933 ], [ -49.942221199999913, -2.759547409999987 ], [ -49.939995591999974, -2.764745709999952 ], [ -49.936057717999937, -2.774891397 ], [ -49.929252050999935, -2.785931820999989 ], [ -49.926409540999934, -2.791028569999989 ], [ -49.922361548999937, -2.79671643999996 ], [ -49.919526252, -2.800215570000022 ], [ -49.914361052999929, -2.808497321999939 ], [ -49.91049631, -2.812892986000017 ], [ -49.907165832999944, -2.816238692 ], [ -49.902188993, -2.820217195999932 ], [ -49.899830734000012, -2.823041265 ], [ -49.893190628999946, -2.828853903 ], [ -49.888550465999977, -2.83346571499993 ], [ -49.88624610899992, -2.836785972000024 ], [ -49.88108022499997, -2.840483854000011 ], [ -49.87489081899998, -2.843149709999961 ], [ -49.868640344, -2.845274973999947 ], [ -49.857054493, -2.84839028999996 ], [ -49.852940765999975, -2.849322543 ], [ -49.849447938, -2.857681200999975 ], [ -49.848611092999938, -2.862529006999983 ], [ -49.848582837, -2.868365601999914 ], [ -49.849470095999955, -2.874224472 ], [ -49.849449575999948, -2.885094141 ], [ -49.849271484999953, -2.89152459500003 ], [ -49.84866411099997, -2.89529263599996 ], [ -49.848053155999956, -2.902497187999922 ], [ -49.846886328999958, -2.906488645999952 ], [ -49.846334310999936, -2.915002155000037 ], [ -49.846910916999953, -2.919396906999951 ], [ -49.846808925999952, -2.927794819999976 ], [ -49.847580456999928, -2.931026757999957 ], [ -49.849329213999937, -2.934642068999951 ], [ -49.851136810999925, -2.936938916000011 ], [ -49.855723358, -2.944722962999959 ], [ -49.858638335999949, -2.949181525 ], [ -49.86366569499998, -2.954764661000011 ], [ -49.869525091999932, -2.960839834999964 ], [ -49.871355559999948, -2.964247217999985 ], [ -49.877585575999923, -2.970323864999971 ], [ -49.880835188999946, -2.974782933999967 ], [ -49.884251449, -2.977002043 ], [ -49.894600676, -2.984963225999939 ], [ -49.895628493999951, -2.986026054000037 ], [ -49.896340079999945, -2.987222102999967 ], [ -49.896708347999947, -2.988819174999948 ], [ -49.894746448999982, -2.995338006999928 ], [ -49.895607559, -2.998165495000018 ], [ -49.899167172, -3.003680365999974 ], [ -49.903615675999923, -3.004826437999943 ], [ -49.907503479999988, -3.006772315 ], [ -49.907552604999971, -3.010478995000012 ], [ -49.902973093999954, -3.015487014999954 ], [ -49.903659841000021, -3.019224045999982 ], [ -49.905026547999952, -3.024424956999985 ], [ -49.906393013999946, -3.029445474999983 ], [ -49.909049988999961, -3.038144025999925 ], [ -49.908196883999985, -3.044896193999937 ], [ -49.906695621999937, -3.049374534000018 ], [ -49.906025504999917, -3.053152434999964 ], [ -49.902718047999905, -3.054482942999917 ], [ -49.900945150999938, -3.059399477999927 ], [ -49.902110884999935, -3.064872987999925 ], [ -49.907137217999974, -3.070475888999971 ], [ -49.91113411100001, -3.074505321999945 ], [ -49.911810143, -3.081229071999916 ], [ -49.908720365999955, -3.086998385999964 ], [ -49.910025430999937, -3.091298054999916 ], [ -49.915540641999918, -3.095155750999981 ], [ -49.91724805799997, -3.096349440999981 ], [ -49.924915684999966, -3.095622171999937 ], [ -49.931133959999947, -3.09772987899998 ], [ -49.934416819999967, -3.102642563000026 ], [ -49.938083154000012, -3.110548941999971 ], [ -49.939890130999949, -3.113235984999987 ], [ -49.943083680999955, -3.120320625999975 ], [ -49.946471532999958, -3.123426964000044 ], [ -49.95463758599989, -3.129313087999988 ], [ -49.958330951999947, -3.132523489999963 ], [ -49.962919291999981, -3.13484879499998 ], [ -49.969412192999947, -3.140232398 ], [ -49.969860464, -3.145322038999945 ], [ -49.972335547999975, -3.149743853999967 ], [ -49.974472855999984, -3.15543546299998 ], [ -49.970882656999933, -3.162549126999972 ], [ -49.975778813999945, -3.159734606999978 ], [ -49.980637863, -3.159537847999951 ], [ -49.983307764999928, -3.157994734 ], [ -49.985188299999912, -3.154900495999948 ], [ -49.984391463999977, -3.149438641999938 ], [ -49.983914051999911, -3.144898197999959 ], [ -49.989663763999935, -3.137857547999969 ], [ -49.991753796999937, -3.134761324999937 ], [ -49.994885232999948, -3.132237417999919 ], [ -50.000419698999927, -3.131827373 ], [ -50.006832462999924, -3.127320363999955 ], [ -50.006083570999955, -3.120527014 ], [ -50.003525458999952, -3.10991522499994 ], [ -50.006831764999959, -3.09671844699996 ], [ -50.014556723999902, -3.085446208999967 ], [ -50.021083917999952, -3.074434467999945 ], [ -50.030416246999927, -3.068415661999948 ], [ -50.040634199, -3.059061815999966 ], [ -50.052309190999921, -3.049711193999984 ], [ -50.062967504, -3.042794248999927 ], [ -50.069308199, -3.036222186999984 ], [ -50.077971474999948, -3.035631182000023 ], [ -50.085917643999984, -3.032329875999986 ], [ -50.093447674999965, -3.022134677999935 ], [ -50.105220375999977, -3.010248278000018 ], [ -50.110471262999944, -3.000557783999982 ], [ -50.110863167999952, -2.994026774999972 ], [ -50.105170929999971, -2.986110841999947 ], [ -50.101918161999954, -2.982553416999947 ], [ -50.09901413999993, -2.980350626999941 ], [ -50.093833282999988, -2.977164429000014 ], [ -50.088306916999969, -2.972733728999968 ], [ -50.086022919999905, -2.969956641999962 ], [ -50.084610508999923, -2.964896386999962 ], [ -50.08574829599992, -2.961346498999964 ], [ -50.088609947999906, -2.960752122 ], [ -50.09169569799996, -2.960635812999959 ], [ -50.09599893499994, -2.959623346999942 ], [ -50.103419856999949, -2.956816414999954 ], [ -50.107916519999947, -2.95475521699994 ], [ -50.112054342999919, -2.952152261999954 ], [ -50.115747592999966, -2.947790987999968 ], [ -50.114638909999897, -2.941192414999962 ], [ -50.110448509000015, -2.933036635999988 ], [ -50.107912622999983, -2.926595561999958 ], [ -50.099668287999961, -2.923365653999968 ], [ -50.095444712999914, -2.919866448999988 ], [ -50.094494313999967, -2.916380457999947 ], [ -50.095002634999929, -2.912438492000016 ], [ -50.09711070199991, -2.908872892999961 ], [ -50.099637486999903, -2.906734285000026 ], [ -50.101857939999945, -2.904216551999985 ], [ -50.101196761999951, -2.900566442999954 ], [ -50.097163580999933, -2.89872183699992 ], [ -50.094778747999968, -2.896988493000032 ], [ -50.09402394599995, -2.893360648999979 ], [ -50.093616843999932, -2.889055519000019 ], [ -50.093800446999936, -2.885340690999962 ], [ -50.097029006, -2.88284895200003 ], [ -50.100530363999972, -2.882121127999939 ], [ -50.106220097999916, -2.880596871999943 ], [ -50.110387607999947, -2.879965117999985 ], [ -50.116141952999911, -2.875291166999974 ], [ -50.118661852999956, -2.87220495299997 ], [ -50.120553010000023, -2.868321672 ], [ -50.122089218999939, -2.863796547999966 ], [ -50.12275203399998, -2.859540937000018 ], [ -50.122941816999962, -2.856328559999968 ], [ -50.124696069999985, -2.85085764 ], [ -50.127112493999988, -2.846120675999932 ], [ -50.12947301, -2.842491500999946 ], [ -50.131665487999939, -2.837726655999964 ], [ -50.136031422999956, -2.831451392999975 ], [ -50.138142010999971, -2.829382258999926 ], [ -50.14024567999995, -2.826953973 ], [ -50.141692741999954, -2.823988421999948 ], [ -50.143053694999935, -2.814942862999983 ], [ -50.142887187000014, -2.808689360000018 ], [ -50.143305883999929, -2.804159383999929 ], [ -50.143059167999944, -2.799854588 ], [ -50.143276829999927, -2.796553782 ], [ -50.143970612999951, -2.790663126000039 ], [ -50.144942513999986, -2.784693067 ], [ -50.14444423399997, -2.777509095999955 ], [ -50.144530838999941, -2.773547362999986 ], [ -50.145223429999959, -2.767413954000011 ], [ -50.145188377, -2.759053988000018 ], [ -50.14461562999994, -2.750072396999927 ], [ -50.143693863999971, -2.745572332 ], [ -50.143497355999962, -2.739543410999969 ], [ -50.144302867999912, -2.732327578999962 ], [ -50.146250667999958, -2.721938377999935 ], [ -50.14864092600002, -2.711786038999966 ], [ -50.148557489999952, -2.70603716500001 ], [ -50.148894538999954, -2.702681648000018 ], [ -50.148440416999946, -2.695253302000014 ], [ -50.14819603799998, -2.687167844 ], [ -50.14827712599994, -2.681095564000016 ], [ -50.147885180999928, -2.677311851999944 ], [ -50.146892919999985, -2.672527400000027 ], [ -50.144888350999949, -2.669660785999985 ], [ -50.138893880999923, -2.66844186699994 ], [ -50.13677760099997, -2.663625964 ], [ -50.138136674999977, -2.660372037999972 ], [ -50.141078083999986, -2.656952521999925 ], [ -50.140838175999946, -2.653414750999952 ], [ -50.131191954999927, -2.652721354999956 ], [ -50.132445271999977, -2.645574618999982 ], [ -50.134280460999946, -2.642457515 ], [ -50.137969832999936, -2.63878764700002 ], [ -50.141336744999897, -2.634691749999964 ], [ -50.143967113999928, -2.629720098999924 ], [ -50.144806653999936, -2.626328226999943 ], [ -50.150499170999936, -2.622447836999955 ], [ -50.153359597999909, -2.619543081999955 ], [ -50.155362800999924, -2.614938409 ], [ -50.157330175999988, -2.600498328 ], [ -50.160275741999989, -2.592880891999974 ], [ -50.162667486, -2.589973657000035 ], [ -50.170163929999951, -2.584744822999943 ], [ -50.173528666, -2.581506584999973 ], [ -50.180109625999968, -2.572936123999972 ], [ -50.181835002, -2.570295628999988 ], [ -50.183941543999943, -2.566170998999953 ], [ -50.186273031999939, -2.556213326000014 ], [ -50.188004114, -2.551609270000013 ], [ -50.189412040999954, -2.547108907999975 ], [ -50.191473246999969, -2.543359416999982 ], [ -50.196721257999961, -2.535283469999952 ], [ -50.199633804999984, -2.532494719999958 ], [ -50.201969036999934, -2.530018273999959 ], [ -50.205694899000015, -2.526752701999948 ], [ -50.21024967399994, -2.52476456899994 ], [ -50.214137657000023, -2.523250909999932 ], [ -50.221857906999929, -2.521756509 ], [ -50.229307103999972, -2.520081671999987 ], [ -50.234254632999971, -2.519384035 ], [ -50.237469469999958, -2.517732026 ], [ -50.241363106999977, -2.514537037999967 ], [ -50.244555610999981, -2.514394649 ], [ -50.249772965999924, -2.513659784999946 ], [ -50.252922188, -2.51261392499992 ], [ -50.257195681, -2.512092879999974 ], [ -50.262148415999981, -2.510811212999977 ], [ -50.272269452999936, -2.50736761399998 ], [ -50.275969185999898, -2.505595851000022 ], [ -50.280974364999963, -2.500367792 ], [ -50.285387504999974, -2.494611846999986 ], [ -50.287942583999907, -2.488004082000019 ], [ -50.291894654999965, -2.475345602 ], [ -50.298371807999963, -2.468019486 ], [ -50.303300934999946, -2.46477170699996 ], [ -50.311695063999927, -2.456716958 ], [ -50.314447517999938, -2.45271755399993 ], [ -50.317330409, -2.447695962999932 ], [ -50.319613851, -2.442556265999931 ], [ -50.321533227999922, -2.429747984999944 ], [ -50.324110794999939, -2.424178522 ], [ -50.325643664999937, -2.418893177000028 ], [ -50.330527124999968, -2.410727985999985 ], [ -50.33338950800001, -2.407515594000023 ], [ -50.340886563999931, -2.398303124999925 ], [ -50.345169769999941, -2.393268649999927 ], [ -50.349805903999929, -2.384283826999924 ], [ -50.35219634500001, -2.374468945999988 ], [ -50.355311473, -2.36596638399992 ], [ -50.357112015999945, -2.361611022999979 ], [ -50.358764467999983, -2.356452906999964 ], [ -50.361414964999902, -2.346044650999959 ], [ -50.364223969999976, -2.337214366999953 ], [ -50.366719435999947, -2.331399487999954 ], [ -50.371782309999986, -2.324272582999933 ], [ -50.377389532999949, -2.317997175999933 ], [ -50.386276921999972, -2.312576645999966 ], [ -50.389196851999984, -2.309804221 ], [ -50.390947522999973, -2.306866335 ], [ -50.392470728999967, -2.302138979999926 ], [ -50.396026295999903, -2.293241483999955 ], [ -50.401111376999914, -2.287430934999959 ], [ -50.404004584999939, -2.284495822999935 ], [ -50.406359835999943, -2.280602606999951 ], [ -50.408306075999953, -2.272321814999936 ], [ -50.41058570300001, -2.266251329999927 ], [ -50.412746140999971, -2.261464890000022 ], [ -50.41311439499998, -2.257944827 ], [ -50.417612896999948, -2.252505232999971 ], [ -50.422971891999978, -2.248825032999937 ], [ -50.429887183999895, -2.244338953000016 ], [ -50.433834518999916, -2.240341057999986 ], [ -50.436812863999968, -2.23552750799997 ], [ -50.438692957999919, -2.23130787899998 ], [ -50.440417695999983, -2.22812675699994 ], [ -50.443978023999954, -2.224253243999987 ], [ -50.44769136999998, -2.219909798999966 ], [ -50.450611052999967, -2.21775054700001 ], [ -50.45577863599997, -2.214271620000021 ], [ -50.45922669199998, -2.212573017999988 ], [ -50.462277941999929, -2.210639664999983 ], [ -50.473362653999949, -2.207118742999983 ], [ -50.47669741, -2.206937119999965 ], [ -50.480142920999981, -2.205915383999981 ], [ -50.485700863999945, -2.204582709999938 ], [ -50.488941423999933, -2.202396925 ], [ -50.492867133999937, -2.200150450000029 ], [ -50.497142172999986, -2.198056416999963 ], [ -50.500446365, -2.195934796000012 ], [ -50.505865305, -2.192878427 ], [ -50.508897265999963, -2.188345062999977 ], [ -50.510108416999984, -2.185133455 ], [ -50.511423502, -2.180505775999988 ], [ -50.512783790999926, -2.174189271999962 ], [ -50.514446748999937, -2.170717798999968 ], [ -50.51503276899993, -2.166052283999944 ], [ -50.517366857999967, -2.159973570999965 ], [ -50.517589498999911, -2.156948282000029 ], [ -50.51869293, -2.153602751999975 ], [ -50.519473021999971, -2.146951733999982 ], [ -50.520696227000016, -2.142297558999919 ], [ -50.519608952999938, -2.137717551999954 ], [ -50.519361030999939, -2.128445486999988 ], [ -50.519476404999985, -2.125502083999988 ], [ -50.520664429999961, -2.120847801 ], [ -50.521642947999922, -2.11781606899998 ], [ -50.524063011999964, -2.11291087400002 ], [ -50.526162823999975, -2.110117235999978 ], [ -50.530285714999955, -2.10343657700002 ], [ -50.531058490999946, -2.099908749999981 ], [ -50.530921749999912, -2.096288623999945 ], [ -50.531120309999906, -2.092251292999938 ], [ -50.532034409999959, -2.089022558999956 ], [ -50.534417476999955, -2.084489049999929 ], [ -50.534972987999915, -2.080797321 ], [ -50.533586561999954, -2.074348074000012 ], [ -50.533641845, -2.069184742999921 ], [ -50.537338412999965, -2.068226951999987 ], [ -50.541724861999988, -2.064580579999911 ], [ -50.542970212999911, -2.061912177999927 ], [ -50.544891020999948, -2.059476332 ], [ -50.546418678999956, -2.055518548 ], [ -50.54800635999996, -2.052062788999978 ], [ -50.548204368, -2.049012039999978 ], [ -50.551004279999944, -2.04655457499995 ], [ -50.553335254999986, -2.04480020300001 ], [ -50.556167013999982, -2.040461497000026 ], [ -50.557277710999955, -2.037657314 ], [ -50.557194056999961, -2.034722377999989 ], [ -50.557697644999976, -2.030806535 ], [ -50.56078222599993, -2.030136080000036 ], [ -50.564220741999954, -2.027867634000016 ], [ -50.564497236, -2.024203134999949 ], [ -50.563391537, -2.020399387 ], [ -50.566535480999981, -2.017129138000042 ], [ -50.571311022999964, -2.016353863999933 ], [ -50.571696979999921, -2.011895153999967 ], [ -50.566922973999979, -2.008075542000034 ], [ -50.564421903999985, -2.005263676 ], [ -50.56094517, -1.994873169999947 ], [ -50.559672417999941, -1.988795147999936 ], [ -50.558277296999975, -1.985804207 ], [ -50.552987015999946, -1.982147054 ], [ -50.550747658999938, -1.980126603 ], [ -50.548308376, -1.977421481999988 ], [ -50.545138258999977, -1.975619365999917 ], [ -50.543140886999915, -1.972637152 ], [ -50.542474771999956, -1.969187407999931 ], [ -50.539417375999939, -1.969388661999973 ], [ -50.535918745999915, -1.970410449999962 ], [ -50.532311128999936, -1.971972712 ], [ -50.529219810999955, -1.971624122000017 ], [ -50.525976236, -1.971012525999951 ], [ -50.523363051999958, -1.969392136 ], [ -50.522525795999961, -1.966130762999976 ], [ -50.521498499999957, -1.963051343 ], [ -50.518976106999979, -1.961428456000016 ], [ -50.51600109799994, -1.961350027000011 ], [ -50.512943677999921, -1.962002594 ], [ -50.50977989499998, -1.961931880999925 ], [ -50.506534651999964, -1.962132697999932 ], [ -50.503361649999889, -1.962605362999961 ], [ -50.500418879999941, -1.963446792999948 ], [ -50.494694917999915, -1.963073689999986 ], [ -50.491361159999947, -1.962616242999973 ], [ -50.488113185999971, -1.963692590999946 ], [ -50.485333815999951, -1.965049736999971 ], [ -50.484085874999906, -1.96005542199992 ], [ -50.480560641999901, -1.956598959000013 ], [ -50.477228423999975, -1.955410373 ], [ -50.473003380999977, -1.951772839999935 ], [ -50.47111175499996, -1.949412960999988 ], [ -50.467411846999894, -1.947399511000016 ], [ -50.464086016999964, -1.943584294 ], [ -50.462392698, -1.940954070999981 ], [ -50.458247285999946, -1.937497316999961 ], [ -50.45608640599994, -1.934947372 ], [ -50.454473847999921, -1.931946368999951 ], [ -50.450423115999961, -1.930944092999978 ], [ -50.446359118999972, -1.931568306000022 ], [ -50.443114553, -1.931471230999984 ], [ -50.439121731999954, -1.932012528 ], [ -50.431210122000024, -1.935511504999967 ], [ -50.425057835999908, -1.935414557999939 ], [ -50.41633253799997, -1.934302138 ], [ -50.413080495000017, -1.933484720999958 ], [ -50.409665028999946, -1.933018059999982 ], [ -50.405051313999948, -1.930469312999952 ], [ -50.401193832999986, -1.926914912000024 ], [ -50.398143502000025, -1.924642988999983 ], [ -50.39460722, -1.921367294999934 ], [ -50.390390725, -1.917999922000027 ], [ -50.386611479999942, -1.915718370999988 ], [ -50.383111799999924, -1.912994268000014 ], [ -50.379136292999966, -1.910440656999937 ], [ -50.375277493999903, -1.907525383999955 ], [ -50.372475539999968, -1.90597610600002 ], [ -50.370142810999958, -1.903977455999941 ], [ -50.363669248999905, -1.900694777999936 ], [ -50.359693239, -1.89796252899991 ], [ -50.355477255999958, -1.895227981999961 ], [ -50.35115536299994, -1.891995946999971 ], [ -50.346833470000014, -1.888763911999982 ], [ -50.344393799999949, -1.886764201 ], [ -50.339967370999901, -1.883668266999985 ], [ -50.335115775999938, -1.879298922000041 ], [ -50.330081334999939, -1.875117847999954 ], [ -50.326749709999973, -1.873288688999954 ], [ -50.323699248, -1.871107251999939 ], [ -50.319552742000013, -1.867830602999989 ], [ -50.315945036999942, -1.865647116999982 ], [ -50.312364919999929, -1.862733588999967 ], [ -50.307859432, -1.859637638999958 ], [ -50.302525373, -1.857353099000028 ], [ -50.293999351999936, -1.851794033999967 ], [ -50.29127910499993, -1.849883223999962 ], [ -50.28849783499993, -1.847062614 ], [ -50.286971375999933, -1.842889151 ], [ -50.285722152999952, -1.838076437999971 ], [ -50.285191694999938, -1.833813927999985 ], [ -50.285669712999969, -1.828645645999929 ], [ -50.285786196999922, -1.82838237 ], [ -50.287115360999941, -1.825381745999968 ], [ -50.288191673, -1.82120377999996 ], [ -50.290024328999934, -1.817218684000013 ], [ -50.294719984999965, -1.811245001000019 ], [ -50.29725029199998, -1.80889474599998 ], [ -50.300411765, -1.805534994 ], [ -50.296080255999982, -1.805716563 ], [ -50.292554937999974, -1.806340173 ], [ -50.283558167999963, -1.806411072 ], [ -50.275882055999972, -1.806297834999961 ], [ -50.270389157999972, -1.807008481999963 ], [ -50.256413567999942, -1.807790912999954 ], [ -50.253720820999902, -1.806061707999964 ] ] ] ] } },
{ "type": "Feature", "properties": { "CD_MUN": "1501808", "NM_MUN": "Breves", "SIGLA": "PA", "AREA_KM2": 9566.572 }, "geometry": { "type": "MultiPolygon", "coordinates": [ [ [ [ -50.476762136999938, -0.723834630999933 ], [ -50.475875247000012, -0.727119317000016 ], [ -50.475075306, -0.728310318999972 ], [ -50.473582768999954, -0.732568502999955 ], [ -50.472253488999925, -0.738186427 ], [ -50.470994086, -0.741452947 ], [ -50.467566742999921, -0.746385865000034 ], [ -50.466877807999943, -0.748372966999957 ], [ -50.466472340999964, -0.750588464000037 ], [ -50.467313958999966, -0.753887430999969 ], [ -50.468326157999961, -0.75707308999994 ], [ -50.470356358999901, -0.761624699999954 ], [ -50.472995395999938, -0.765483133 ], [ -50.474328787999951, -0.76822877099997 ], [ -50.475047285999985, -0.770341981999936 ], [ -50.475336845999962, -0.772486706999933 ], [ -50.475164771000024, -0.774860266999946 ], [ -50.47538882, -0.775460661999974 ], [ -50.475649817999923, -0.776121257 ], [ -50.478074823000014, -0.777166112000041 ], [ -50.479842659, -0.779776239 ], [ -50.480428163999953, -0.782152324999954 ], [ -50.481144888999928, -0.78469325699996 ], [ -50.481794265999923, -0.787662786 ], [ -50.482494433999946, -0.790256505999922 ], [ -50.482853184999961, -0.79147723699994 ], [ -50.483543477999966, -0.792468039000029 ], [ -50.484631312, -0.792932587999919 ], [ -50.485618520999971, -0.793265572999937 ], [ -50.486771334999965, -0.793105197 ], [ -50.487892273999897, -0.792779765999976 ], [ -50.489214584999971, -0.792124438000021 ], [ -50.491031450999934, -0.79077961799995 ], [ -50.492649627999974, -0.789664706999984 ], [ -50.494135512999904, -0.789076547 ], [ -50.494893919999946, -0.788848366999941 ], [ -50.495816928999936, -0.788818548999961 ], [ -50.497133347999963, -0.789350326 ], [ -50.497954826, -0.790012061000036 ], [ -50.498677283999903, -0.790904478999979 ], [ -50.499330390999937, -0.792223382999948 ], [ -50.499950181999971, -0.794599891000027 ], [ -50.500668634, -0.796712396000023 ], [ -50.501125235999943, -0.798164262999981 ], [ -50.501815872999977, -0.800621543 ], [ -50.50262922899995, -0.803523191 ], [ -50.503248519999943, -0.806424704999911 ], [ -50.503901937999913, -0.808503690999975 ], [ -50.504635316999931, -0.809731826999984 ], [ -50.505752129999969, -0.811083868999942 ], [ -50.50723174199991, -0.812438574999943 ], [ -50.508835943999948, -0.814225819999939 ], [ -50.509393726, -0.815116698999931 ], [ -50.509493169999971, -0.816104521999952 ], [ -50.509413244999934, -0.817192104999966 ], [ -50.508954350999979, -0.818409075000028 ], [ -50.508326692999916, -0.819758409000029 ], [ -50.507197327, -0.821697033000026 ], [ -50.506023973999987, -0.823434161999961 ], [ -50.504967727999905, -0.824878085999972 ], [ -50.503739094999943, -0.826096378999965 ], [ -50.501927448999972, -0.827339288999953 ], [ -50.500110626999927, -0.828388006999949 ], [ -50.498888430999962, -0.829207713 ], [ -50.497531371999948, -0.830883695999942 ], [ -50.497265932999923, -0.831410128999979 ], [ -50.497098986999966, -0.832165428999945 ], [ -50.497456158999938, -0.833647827999942 ], [ -50.497878290999964, -0.835464550999978 ], [ -50.498389181999954, -0.837210858999962 ], [ -50.49876002099991, -0.838758517000029 ], [ -50.49898008199991, -0.839898205999914 ], [ -50.499356032000016, -0.841217025999965 ], [ -50.499651973, -0.842523673999986 ], [ -50.500124742999937, -0.843532147000028 ], [ -50.500289911999928, -0.844552147999957 ], [ -50.500436922999924, -0.845874587999953 ], [ -50.500596873999925, -0.84714373999998 ], [ -50.500519208999982, -0.847932529999964 ], [ -50.500330120999969, -0.848678108000014 ], [ -50.49998118299996, -0.849343126999971 ], [ -50.499630955000029, -0.849926262 ], [ -50.499017298999966, -0.850672441 ], [ -50.497519433999933, -0.852186883999986 ], [ -50.496744819999968, -0.852928360999963 ], [ -50.496285072999946, -0.853750041 ], [ -50.496043564999944, -0.854228618999988 ], [ -50.495960946999951, -0.854949223999926 ], [ -50.496145016999904, -0.855617461999971 ], [ -50.496276068, -0.856310371999927 ], [ -50.496724823, -0.857273518999948 ], [ -50.497309064999939, -0.858179844999976 ], [ -50.499170326999931, -0.860078114 ], [ -50.500963401999961, -0.861932499999964 ], [ -50.501758369999926, -0.862950505 ], [ -50.502523375999985, -0.864129826999962 ], [ -50.503018353999906, -0.865335016000026 ], [ -50.502989423, -0.865867355000018 ], [ -50.502907939999915, -0.86647875499998 ], [ -50.502460615999944, -0.866979596999942 ], [ -50.501957828999906, -0.867322142999951 ], [ -50.501124731999901, -0.86798744700002 ], [ -50.50048554199995, -0.868144826999986 ], [ -50.499870904999987, -0.868409517000037 ], [ -50.498860400999952, -0.868591414999988 ], [ -50.497580163999899, -0.868667332999964 ], [ -50.495821849999984, -0.868688910999973 ], [ -50.493458255999911, -0.868601144 ], [ -50.491702636999953, -0.868541631999955 ], [ -50.490662577999963, -0.868671481999952 ], [ -50.489943238999956, -0.868802154000017 ], [ -50.489328903999926, -0.869013341 ], [ -50.48879528199992, -0.869357479999957 ], [ -50.488236402999952, -0.869808104999938 ], [ -50.487648791, -0.870392431999969 ], [ -50.487326010999944, -0.871055458999939 ], [ -50.487137659, -0.8716669 ], [ -50.487162312999899, -0.872389291999989 ], [ -50.487292251999989, -0.873321271 ], [ -50.487632299999973, -0.874237942 ], [ -50.488387746999948, -0.875968879999958 ], [ -50.488877298999952, -0.877168035999967 ], [ -50.489091339, -0.878077823000014 ], [ -50.48900747499998, -0.879039723999933 ], [ -50.489012682999963, -0.879893073999929 ], [ -50.488948888000017, -0.880144819999975 ], [ -50.488885091999975, -0.880396565999932 ], [ -50.488685637999907, -0.880845857999981 ], [ -50.488288068999964, -0.881312504999956 ], [ -50.487836766000015, -0.88168898700002 ], [ -50.487295470999989, -0.882047179 ], [ -50.486664946999959, -0.882153045999958 ], [ -50.485476835999975, -0.882113005999932 ], [ -50.484325449000011, -0.881911106000013 ], [ -50.483037545999942, -0.881618782999984 ], [ -50.482066133999943, -0.881381562999985 ], [ -50.480842207999927, -0.88135944300002 ], [ -50.479744146999934, -0.881409722999917 ], [ -50.478699793999944, -0.881568139999969 ], [ -50.477888687999979, -0.881943259 ], [ -50.477230723999988, -0.882388731999919 ], [ -50.47661712599993, -0.882908463000023 ], [ -50.476075022999929, -0.883590378999957 ], [ -50.475658893999963, -0.884290748 ], [ -50.475222725000023, -0.885639098 ], [ -50.474784962999948, -0.887275332999939 ], [ -50.474401278999913, -0.888810031 ], [ -50.474401081999986, -0.888864030000027 ], [ -50.473910069999945, -0.890427583999989 ], [ -50.473057116999897, -0.89256627600002 ], [ -50.472226394, -0.894587170999985 ], [ -50.471592055, -0.896113383999966 ], [ -50.471012001999966, -0.897624539999944 ], [ -50.470669566999966, -0.898842784000022 ], [ -50.470394811999974, -0.89996439300001 ], [ -50.470155397999967, -0.900906594999986 ], [ -50.470072028999908, -0.903927839999943 ], [ -50.470067733999912, -0.905017565999957 ], [ -50.470111873999919, -0.907628468999979 ], [ -50.470194705000026, -0.909601084000036 ], [ -50.470059865999971, -0.911337746999932 ], [ -50.469871678999944, -0.91300147100001 ], [ -50.469831469, -0.914497309999964 ], [ -50.469901389, -0.915799415999965 ], [ -50.469899397999924, -0.916742354 ], [ -50.470078387999905, -0.917614290999937 ], [ -50.470276132, -0.918330035999917 ], [ -50.470673606999945, -0.919130466999976 ], [ -50.471149186999952, -0.91972794799994 ], [ -50.472172916000012, -0.920703879000042 ], [ -50.472220900999986, -0.920870270999954 ], [ -50.473066821999986, -0.921641381999985 ], [ -50.473945508999947, -0.922445567 ], [ -50.475280940999951, -0.923526048999959 ], [ -50.475850362, -0.924076587999947 ], [ -50.476373377999927, -0.924557520999949 ], [ -50.476780450999946, -0.925265071999961 ], [ -50.477072560999957, -0.92603914299997 ], [ -50.477228425999975, -0.926675306999938 ], [ -50.477325863999951, -0.927197632 ], [ -50.477306847999976, -0.928071224999973 ], [ -50.477160980999898, -0.928841419000017 ], [ -50.476977782999931, -0.929460412999985 ], [ -50.476727672000017, -0.929954903999954 ], [ -50.476387735999957, -0.930426232999961 ], [ -50.475675314999897, -0.931074469999951 ], [ -50.474909101, -0.931681732000014 ], [ -50.473407905999963, -0.93304473 ], [ -50.472000606999963, -0.934374213999947 ], [ -50.470461392999972, -0.935872736000034 ], [ -50.469596477, -0.936919692999973 ], [ -50.469196290999925, -0.937544726 ], [ -50.468934257999919, -0.937985507999963 ], [ -50.468796852, -0.93841544800001 ], [ -50.468692553, -0.939094935 ], [ -50.468701950999971, -0.939661807999927 ], [ -50.468751025999943, -0.940241751000039 ], [ -50.469021186, -0.941100434999944 ], [ -50.469322765, -0.941962595999959 ], [ -50.469792687999977, -0.942889579999919 ], [ -50.470218577999958, -0.943682549999982 ], [ -50.470645147999988, -0.944141637000042 ], [ -50.471315983999986, -0.944800617999944 ], [ -50.472241553999915, -0.945373101999971 ], [ -50.473290936999966, -0.945974627999915 ], [ -50.474548895999959, -0.946606072999936 ], [ -50.476033298999944, -0.947489942999971 ], [ -50.477395723999962, -0.948273964 ], [ -50.47870881099989, -0.949110834999969 ], [ -50.479719345999925, -0.949946005999971 ], [ -50.480757348999923, -0.950991955 ], [ -50.481917358999979, -0.952372083999977 ], [ -50.482789870999966, -0.95372097400003 ], [ -50.482835099999889, -0.953766501999977 ], [ -50.483421844999938, -0.95487313699997 ], [ -50.483846489, -0.955662179999974 ], [ -50.484215114999941, -0.956867570999966 ], [ -50.484527161, -0.957755990999933 ], [ -50.484637991999932, -0.958815910999968 ], [ -50.484748305, -0.960048822000017 ], [ -50.484857387999966, -0.960247083 ], [ -50.485102856999937, -0.963404613000032 ], [ -50.485212270999931, -0.964785122000036 ], [ -50.485351371999982, -0.965970119000028 ], [ -50.485577265999936, -0.966856407 ], [ -50.486035312, -0.967723294999958 ], [ -50.486435875000012, -0.968474127 ], [ -50.487124546999972, -0.969109160999961 ], [ -50.487698484999939, -0.969657756999966 ], [ -50.488564222999983, -0.970278000999949 ], [ -50.490333968999956, -0.970915817999964 ], [ -50.49229943499995, -0.971505751999926 ], [ -50.493949260999948, -0.972265310999978 ], [ -50.495454652999982, -0.97287888700003 ], [ -50.496788433999939, -0.973587418000035 ], [ -50.498269995999955, -0.974200944 ], [ -50.499628258999984, -0.974739309000041 ], [ -50.500959078999962, -0.975004240000024 ], [ -50.502028099999947, -0.975202133999966 ], [ -50.503364768999965, -0.975182388999931 ], [ -50.504410303999968, -0.975039955999959 ], [ -50.505405939999925, -0.974847381000012 ], [ -50.506207906999933, -0.974437778999961 ], [ -50.507304079999948, -0.973980729999981 ], [ -50.508326297999972, -0.973280024 ], [ -50.50971545199998, -0.972288694999959 ], [ -50.511006046, -0.971151817999951 ], [ -50.512357175999973, -0.969905994999989 ], [ -50.513673458, -0.968114261999977 ], [ -50.514453932, -0.967145466000021 ], [ -50.515608029999925, -0.964967312999923 ], [ -50.516681441999921, -0.962791732000037 ], [ -50.517291613999959, -0.961386939999977 ], [ -50.518047040999932, -0.960106269999974 ], [ -50.518393118999967, -0.959621817999947 ], [ -50.519535682999916, -0.958462963999986 ], [ -50.520701134999975, -0.957570675999966 ], [ -50.521792820999977, -0.956992894999944 ], [ -50.522980557000018, -0.956730200999969 ], [ -50.524604719999928, -0.956735401999955 ], [ -50.526860244999945, -0.956912810999979 ], [ -50.528168482999924, -0.957014349000032 ], [ -50.53034581199995, -0.957239916999955 ], [ -50.530973761999952, -0.957460033999959 ], [ -50.531630901999968, -0.958035244000035 ], [ -50.532449758999952, -0.959249898 ], [ -50.53307757799994, -0.960484 ], [ -50.533490588999918, -0.961620244 ], [ -50.533800270999961, -0.962834980999974 ], [ -50.533918604999982, -0.963441895 ], [ -50.533623305999974, -0.964241194999973 ], [ -50.533206963999895, -0.96503944699994 ], [ -50.532635617999965, -0.965555715999935 ], [ -50.53244257599998, -0.965860330999915 ], [ -50.530930924999957, -0.967460893 ], [ -50.529798509999964, -0.968853516000037 ], [ -50.529115731999958, -0.970105661999989 ], [ -50.528570468999966, -0.971482588999963 ], [ -50.528206323999946, -0.97286646499998 ], [ -50.527905203999985, -0.97409008899997 ], [ -50.527806205999966, -0.97538300400001 ], [ -50.527818930999956, -0.976616254 ], [ -50.527927863999906, -0.977663651999974 ], [ -50.528176473999963, -0.978501706000037 ], [ -50.52874363, -0.980030024000014 ], [ -50.529298836999921, -0.982313527999947 ], [ -50.529919407999934, -0.983750142999975 ], [ -50.530747260999952, -0.985821571999947 ], [ -50.531472333999901, -0.987766327 ], [ -50.531775992999982, -0.989335997999943 ], [ -50.531941070999963, -0.990692687000019 ], [ -50.53241025999997, -0.992580447999982 ], [ -50.532817521, -0.994766715999953 ], [ -50.533278884999987, -0.997135570999932 ], [ -50.53355026399997, -0.998421511999927 ], [ -50.533561469999917, -1.000148158999972 ], [ -50.533483355999941, -1.001742965999943 ], [ -50.533314499, -1.00309954200001 ], [ -50.532992308, -1.00438815199996 ], [ -50.532593740999964, -1.005348083999982 ], [ -50.532010084999989, -1.006565161999964 ], [ -50.531578663999909, -1.007661086999958 ], [ -50.530791047999934, -1.008821214000024 ], [ -50.530045921999921, -1.009757748999975 ], [ -50.529268457999898, -1.010590737999975 ], [ -50.528313015999977, -1.011385480999918 ], [ -50.527531859, -1.012032285999966 ], [ -50.526715554999967, -1.01239049399994 ], [ -50.52627778399998, -1.012526583 ], [ -50.524371711999926, -1.01258479099994 ], [ -50.522514525999917, -1.012647506999977 ], [ -50.520080785999895, -1.01244775199997 ], [ -50.518040772999946, -1.011994725999967 ], [ -50.516936335999958, -1.011826627 ], [ -50.516058109999946, -1.011687340000025 ], [ -50.515253402999981, -1.011577423 ], [ -50.513061099999952, -1.011992510999962 ], [ -50.510246814999981, -1.01396454599997 ], [ -50.507333202999959, -1.016390507999967 ], [ -50.505056483999965, -1.018914634999915 ], [ -50.500416722999937, -1.023170203999948 ], [ -50.497172917999954, -1.023501541 ], [ -50.493472326999921, -1.02334402600003 ], [ -50.487507184, -1.021930220999936 ], [ -50.484444218999975, -1.022032466999958 ], [ -50.481476784999941, -1.022689948999913 ], [ -50.478340549999977, -1.024067554999943 ], [ -50.475446489999975, -1.025815503999974 ], [ -50.472669136999947, -1.026823396999967 ], [ -50.469416176, -1.026485813000013 ], [ -50.466418484999949, -1.023594032999933 ], [ -50.464948378, -1.020515303000016 ], [ -50.463030823999965, -1.01744240899996 ], [ -50.460025782999928, -1.014017582 ], [ -50.457842468999935, -1.013159469999971 ], [ -50.45660925199995, -1.013068142999964 ], [ -50.455056650999914, -1.013071974000015 ], [ -50.454181049999946, -1.013074101000013 ], [ -50.452484307999974, -1.013651888999947 ], [ -50.44834211099991, -1.016434219999942 ], [ -50.443913983999984, -1.021817969999974 ], [ -50.441505689999943, -1.023828130000028 ], [ -50.438000556999917, -1.024853202000022 ], [ -50.434999888999975, -1.023866002999965 ], [ -50.433278543999926, -1.020514496000038 ], [ -50.432168740999934, -1.017436266999985 ], [ -50.429254695999965, -1.010372846999976 ], [ -50.427253499999942, -1.007383922000029 ], [ -50.421640318999934, -1.003205483999983 ], [ -50.420826656999935, -1.002306234 ], [ -50.42003486699997, -1.000757076 ], [ -50.419283484999973, -0.998533245000024 ], [ -50.418805813999974, -0.996318383 ], [ -50.41871070900001, -0.993726335000025 ], [ -50.418951784999976, -0.990725334999967 ], [ -50.418923410999938, -0.987028856 ], [ -50.418773110999936, -0.985229970000026 ], [ -50.418205609999966, -0.982986990999981 ], [ -50.417766487999955, -0.982447788999954 ], [ -50.417447001, -0.981591390999972 ], [ -50.417127513999937, -0.980734994 ], [ -50.415197582999944, -0.978365844999987 ], [ -50.411491682999916, -0.975303223999981 ], [ -50.406229709999927, -0.971154876000027 ], [ -50.402820301999917, -0.969340851000036 ], [ -50.401011247999982, -0.968785965999954 ], [ -50.39910875299995, -0.968742063999963 ], [ -50.396651413999933, -0.969161389000019 ], [ -50.393124644999986, -0.970799428000015 ], [ -50.390121752999946, -0.973108983999973 ], [ -50.386753075999934, -0.975005927999986 ], [ -50.384397795000012, -0.975560296000024 ], [ -50.382818896999936, -0.97565208299998 ], [ -50.380504727999948, -0.975005428000033 ], [ -50.378275, -0.973385870999968 ], [ -50.375074723999909, -0.970187403 ], [ -50.371492385999979, -0.967284116000036 ], [ -50.367291728999959, -0.966084481999987 ], [ -50.361468879000014, -0.966086244999955 ], [ -50.354356067999916, -0.966919586999984 ], [ -50.349744641999926, -0.967566656999965 ], [ -50.34495649699997, -0.967106827999933 ], [ -50.339331429999952, -0.965538121999989 ], [ -50.334387252999967, -0.964291933 ], [ -50.328378508999911, -0.963645444999974 ], [ -50.323241571999965, -0.962627099 ], [ -50.316293387999984, -0.960683012 ], [ -50.31389734699998, -0.96041059399993 ], [ -50.311836029999952, -0.961110876999962 ], [ -50.309734397999968, -0.961535030999974 ], [ -50.307870244999918, -0.961623992999963 ], [ -50.302071715999936, -0.961310382999949 ], [ -50.299838627, -0.961355828999979 ], [ -50.298973346, -0.961528399999958 ], [ -50.298297031999901, -0.961844092999966 ], [ -50.297643231999984, -0.96222748199998 ], [ -50.2973052, -0.962633427 ], [ -50.296967207, -0.963174758000021 ], [ -50.296787185999946, -0.963851481999969 ], [ -50.296855187999974, -0.964325208 ], [ -50.296923345999929, -0.965024588999954 ], [ -50.2972535769999, -0.965722121999937 ], [ -50.297923592, -0.966763436999942 ], [ -50.298565071999967, -0.967762934999952 ], [ -50.298972708999941, -0.968595467 ], [ -50.299356866000018, -0.969384427 ], [ -50.29937907, -0.969948695999969 ], [ -50.299130057, -0.970671102999967 ], [ -50.298813501, -0.971257906999936 ], [ -50.29833919799993, -0.971754346999978 ], [ -50.297688045999962, -0.972227125000016 ], [ -50.297080337999951, -0.972475067000014 ], [ -50.295775638999913, -0.972894495 ], [ -50.293787499, -0.973505074999972 ], [ -50.292455130999976, -0.973866736999964 ], [ -50.291257905999949, -0.974070492999948 ], [ -50.290083392000028, -0.974229140000018 ], [ -50.287351751999964, -0.974253200999966 ], [ -50.285253922999935, -0.974299568999983 ], [ -50.281327937, -0.974345514999966 ], [ -50.280595699999893, -0.974255618999988 ], [ -50.278183229999946, -0.973874246999964 ], [ -50.276239518999972, -0.973390492 ], [ -50.272662722999968, -0.973636905000044 ], [ -50.271368497, -0.973612108999946 ], [ -50.270080815999947, -0.973313035999981 ], [ -50.268374879999932, -0.972682730999965 ], [ -50.266787737999969, -0.971902169999952 ], [ -50.265875526999899, -0.971582334999956 ], [ -50.265336691, -0.971522360999968 ], [ -50.264497867999957, -0.971582400999962 ], [ -50.263358523999919, -0.971792643999949 ], [ -50.261470004999985, -0.972362706999954 ], [ -50.259941597, -0.972662846999919 ], [ -50.257904149999909, -0.972903174 ], [ -50.255387905999989, -0.973053731999931 ], [ -50.252897002999951, -0.973143105999954 ], [ -50.250945233000017, -0.973053216999977 ], [ -50.248921119999963, -0.972921792999939 ], [ -50.24780404499991, -0.972878852999939 ], [ -50.247055594999978, -0.972952267999974 ], [ -50.246483182999953, -0.973231276999966 ], [ -50.245881504999907, -0.973686445999968 ], [ -50.245426796999944, -0.974244225999934 ], [ -50.245206802999952, -0.974963315000013 ], [ -50.245109383999974, -0.975909684999978 ], [ -50.244462876999947, -0.977822258999952 ], [ -50.24402287599996, -0.979555347 ], [ -50.243861372, -0.98039220099996 ], [ -50.243788335, -0.98124332399995 ], [ -50.243597681999951, -0.981742229000018 ], [ -50.243274987999897, -0.982152915999981 ], [ -50.242790615999965, -0.982432054999984 ], [ -50.242071170999942, -0.98282894199996 ], [ -50.241175333999898, -0.983020399 ], [ -50.240631794999956, -0.983241075999954 ], [ -50.240011709999983, -0.983545902999952 ], [ -50.239715369999978, -0.983880681000029 ], [ -50.239349362999981, -0.984515598999982 ], [ -50.23920165000002, -0.985309260000014 ], [ -50.239140274999912, -0.986455849000025 ], [ -50.239135589999968, -0.989434071999975 ], [ -50.239078310999936, -0.989875385999985 ], [ -50.23883274099996, -0.990788042 ], [ -50.238386840000011, -0.991788674000018 ], [ -50.237603326999931, -0.993048960999934 ], [ -50.23669131799997, -0.993959870999985 ], [ -50.235764270999915, -0.994709491000014 ], [ -50.235278230999931, -0.995268156999964 ], [ -50.234880182999952, -0.995915225000035 ], [ -50.234390035999986, -0.99692704 ], [ -50.234022772999971, -0.997839949000037 ], [ -50.233788574999956, -0.998547335999946 ], [ -50.233745244000012, -0.999033155 ], [ -50.233907918999975, -0.99978316999997 ], [ -50.234172287, -1.000546837 ], [ -50.234480820999948, -1.00119320800002 ], [ -50.234613089999968, -1.001604654999957 ], [ -50.234583734999937, -1.002060283999908 ], [ -50.234422110999972, -1.002486572 ], [ -50.234281038999939, -1.002971495999985 ], [ -50.234299599999964, -1.003255056 ], [ -50.234437676999931, -1.003986959999983 ], [ -50.234603291999953, -1.004691717999942 ], [ -50.234704529999895, -1.005112893999973 ], [ -50.234814940999968, -1.005506704999961 ], [ -50.234870719999968, -1.006276320999957 ], [ -50.234907910999937, -1.00678041200001 ], [ -50.23490819899996, -1.007067080000015 ], [ -50.235064494000014, -1.007387611999979 ], [ -50.235147552999955, -1.007845736000048 ], [ -50.235212276999981, -1.008303993000039 ], [ -50.235341341, -1.008817373999973 ], [ -50.235406019999935, -1.009193353 ], [ -50.235394179999936, -1.009562625 ], [ -50.235451791999907, -1.010082786999957 ], [ -50.235386927999954, -1.010461700999956 ], [ -50.235222323999928, -1.010800865999952 ], [ -50.235011331999964, -1.01113102 ], [ -50.23449277399996, -1.011836571999938 ], [ -50.23429909, -1.012028453 ], [ -50.234133411999977, -1.01214706399996 ], [ -50.233940548999918, -1.012201645999946 ], [ -50.233747785999959, -1.012292658000016 ], [ -50.232980722, -1.01238406499994 ], [ -50.23284398499996, -1.012439066999962 ], [ -50.23264336999997, -1.012567325 ], [ -50.232433494999924, -1.012732290999976 ], [ -50.232205213999954, -1.013016460999951 ], [ -50.232021539999948, -1.013381811999983 ], [ -50.231654713999973, -1.01394951199997 ], [ -50.231169103999939, -1.014617491 ], [ -50.230914414, -1.014781778 ], [ -50.230424647999982, -1.015266385999949 ], [ -50.229886736999973, -1.01568877 ], [ -50.229538931999969, -1.015900717999942 ], [ -50.2292267569999, -1.016131177 ], [ -50.228932231999956, -1.016379470999942 ], [ -50.22853668899991, -1.016801809999981 ], [ -50.228298299999906, -1.017098648999939 ], [ -50.227862315999978, -1.017630590999987 ], [ -50.227350634999922, -1.018247465999957 ], [ -50.22684278899991, -1.018851043999982 ], [ -50.226565492999974, -1.01908061899997 ], [ -50.226355066999972, -1.019233711000025 ], [ -50.226106350999906, -1.019405960999977 ], [ -50.22579073, -1.019721717 ], [ -50.225685537999908, -1.019884401999951 ], [ -50.225647380999945, -1.020114133999952 ], [ -50.225628379999975, -1.020372732999943 ], [ -50.225628523999987, -1.020621916999955 ], [ -50.225676616999969, -1.020900068999966 ], [ -50.225782286, -1.021165816000016 ], [ -50.22594562699993, -1.021433172999933 ], [ -50.226099542999968, -1.021719945000035 ], [ -50.226204505999945, -1.022133831 ], [ -50.226299375999979, -1.022700651 ], [ -50.22626038599995, -1.023055452999957 ], [ -50.226192795999957, -1.02339052499997 ], [ -50.22601071, -1.023658203 ], [ -50.225828961999959, -1.023858690999981 ], [ -50.225562715999956, -1.024089062000035 ], [ -50.225217484, -1.024309626999989 ], [ -50.224989626999971, -1.024528430999974 ], [ -50.22483794099994, -1.02477598699994 ], [ -50.224695933, -1.025109496 ], [ -50.224582426999937, -1.02544327 ], [ -50.224535597999974, -1.025767747000019 ], [ -50.224527948999963, -1.026484249999973 ], [ -50.224510357000014, -1.027058187999943 ], [ -50.223775361999955, -1.028793493 ], [ -50.223575890999967, -1.029386686999958 ], [ -50.223422979999931, -1.029779661999966 ], [ -50.223364933999925, -1.030096332999966 ], [ -50.223297272000011, -1.030441615000024 ], [ -50.223248954, -1.030700445000035 ], [ -50.223373854999949, -1.030968756999942 ], [ -50.223489145999984, -1.031246704000024 ], [ -50.223681551999917, -1.031486442999965 ], [ -50.223825983999966, -1.031601623 ], [ -50.224067024999925, -1.031630686 ], [ -50.224250193999985, -1.031784394999926 ], [ -50.224389704999979, -1.032004758999951 ], [ -50.224458085999956, -1.032223864999962 ], [ -50.224450935999982, -1.032463005999942 ], [ -50.224388927999918, -1.032688631999958 ], [ -50.224176717999946, -1.032975664 ], [ -50.223677859999967, -1.03369208399994 ], [ -50.223548248, -1.033964613000018 ], [ -50.223425537999965, -1.034264272000032 ], [ -50.223371070999988, -1.034468544999969 ], [ -50.223275649999906, -1.034679572000021 ], [ -50.223163199999931, -1.034811704999941 ], [ -50.223129311999969, -1.035070334999935 ], [ -50.223116997000012, -1.036207453999962 ], [ -50.223089792999986, -1.036344529999935 ], [ -50.222966798999934, -1.036481176999962 ], [ -50.222782367999947, -1.036631609999974 ], [ -50.222686799999948, -1.036713596 ], [ -50.222482031999967, -1.036761963999924 ], [ -50.222318446999935, -1.036905254999967 ], [ -50.222182250999943, -1.037075537000023 ], [ -50.222052957999907, -1.037279673999949 ], [ -50.22191014, -1.037531283999984 ], [ -50.221855739999931, -1.037606081999956 ], [ -50.221699364999957, -1.037742110000019 ], [ -50.221556898999985, -1.037867389 ], [ -50.221386362, -1.0379425 ], [ -50.221263799999981, -1.038112367999924 ], [ -50.221107375, -1.038417832999974 ], [ -50.221019014999975, -1.038607813999972 ], [ -50.220978348999985, -1.038797717999964 ], [ -50.220849184999956, -1.039001184000012 ], [ -50.220706380999957, -1.039102860999987 ], [ -50.220502443999955, -1.039136685999944 ], [ -50.220285225999923, -1.039292369999947 ], [ -50.220068201999908, -1.039420822 ], [ -50.219837892999948, -1.039643863999986 ], [ -50.219702512999937, -1.039751881000042 ], [ -50.219580762, -1.039913978999953 ], [ -50.219472707999934, -1.040007553999969 ], [ -50.219276461999947, -1.040156510000037 ], [ -50.219039876999915, -1.040366124999972 ], [ -50.218830340999986, -1.040508127 ], [ -50.218607291999916, -1.040609571999953 ], [ -50.218289443999907, -1.040934291 ], [ -50.217998789000013, -1.041157509 ], [ -50.217708407999972, -1.041400767999958 ], [ -50.217478822999979, -1.041556017000014 ], [ -50.217194736999922, -1.041772372999974 ], [ -50.217032495999909, -1.041860292999965 ], [ -50.216985541000021, -1.041889407999976 ], [ -50.216823263, -1.041902970000033 ], [ -50.21669436699991, -1.041984328000014 ], [ -50.216510487999976, -1.042153886999921 ], [ -50.216272913999944, -1.042410843999955 ], [ -50.216050187999905, -1.042572794000032 ], [ -50.215760060999969, -1.042727967 ], [ -50.215470050999954, -1.042883076999948 ], [ -50.215193714999913, -1.043088764 ], [ -50.215072360999912, -1.043243381 ], [ -50.214991418999965, -1.043411537999974 ], [ -50.214971179999978, -1.043653858999951 ], [ -50.215052261999936, -1.043903338999987 ], [ -50.215200997999986, -1.044240768999929 ], [ -50.215282201999955, -1.044477135000035 ], [ -50.215268882, -1.044902959 ], [ -50.21522834599994, -1.045686374 ], [ -50.215187860999961, -1.046203340999954 ], [ -50.215181144999939, -1.046568558999974 ], [ -50.215241872, -1.046676754999956 ], [ -50.21541053, -1.046994042999918 ], [ -50.215498284999981, -1.047149066999955 ], [ -50.215511941999956, -1.047702083999971 ], [ -50.215424259999985, -1.047830267999919 ], [ -50.21530961, -1.047998912000017 ], [ -50.215221953999944, -1.048160791 ], [ -50.215228734999968, -1.048295672999968 ], [ -50.215296236999961, -1.048444050999988 ], [ -50.215485210999965, -1.048599209000036 ], [ -50.215802509999925, -1.048774681999989 ], [ -50.216095609999932, -1.049008303999956 ], [ -50.216298000999977, -1.049082250999946 ], [ -50.216473443999931, -1.049122503 ], [ -50.21659448, -1.04917497399998 ], [ -50.216702253999941, -1.049227684999989 ], [ -50.216911552999939, -1.049441475 ], [ -50.217955179999962, -1.052139714999969 ], [ -50.217900694999983, -1.052330123 ], [ -50.217846156999911, -1.052588606999985 ], [ -50.217852776000015, -1.05291524400001 ], [ -50.217866235999971, -1.053180768999953 ], [ -50.217940955999936, -1.053436197999948 ], [ -50.217981655999928, -1.053742202999954 ], [ -50.217967953999953, -1.053932723 ], [ -50.217865766999935, -1.054048494999984 ], [ -50.217729529999943, -1.054164297999973 ], [ -50.217647762999924, -1.054266457999988 ], [ -50.217586393, -1.054395847999947 ], [ -50.217627115, -1.05457287599994 ], [ -50.217722388999974, -1.054709070999928 ], [ -50.217831426999936, -1.054858945999984 ], [ -50.218008604999937, -1.055022447999923 ], [ -50.218117643, -1.055097388 ], [ -50.218179033999917, -1.055301830999946 ], [ -50.218219990999934, -1.055526719 ], [ -50.218233649, -1.05562212599998 ], [ -50.21838362999997, -1.055819774 ], [ -50.218519969999974, -1.055983421999942 ], [ -50.218669887999944, -1.056134072999972 ], [ -50.218819982999925, -1.056223502 ], [ -50.218956610999953, -1.056340285999982 ], [ -50.219113927999913, -1.056450498999952 ], [ -50.219401720999919, -1.056465951999987 ], [ -50.219566500999967, -1.056473820999928 ], [ -50.219695005999938, -1.056537274999938 ], [ -50.219852449, -1.056674368 ], [ -50.219927697999921, -1.056811376999969 ], [ -50.219968701999939, -1.056975723999978 ], [ -50.219913901999931, -1.057201635000018 ], [ -50.21980822899998, -1.057321101999955 ], [ -50.219739757999911, -1.057451237999976 ], [ -50.219712267999945, -1.05765679900002 ], [ -50.219759902999982, -1.057971970999985 ], [ -50.219793777999939, -1.058375923000012 ], [ -50.219732178, -1.058533281999976 ], [ -50.219615952999973, -1.058649551 ], [ -50.219595363999957, -1.058806891999966 ], [ -50.219601889999964, -1.059333377 ], [ -50.219635794999924, -1.059729632000019 ], [ -50.219737881999933, -1.060166487999927 ], [ -50.219874110000013, -1.060432407 ], [ -50.220017092999946, -1.060667725000011 ], [ -50.220153215000018, -1.060852440000017 ], [ -50.220336992999947, -1.060989302999973 ], [ -50.220507113999986, -1.061078281999963 ], [ -50.220588592999981, -1.061228554999962 ], [ -50.22060197499993, -1.061392353000015 ], [ -50.22056770399994, -1.061569714000035 ], [ -50.220472273999945, -1.061692436999975 ], [ -50.220390489999929, -1.061787881999967 ], [ -50.220356353999946, -1.061876528000019 ], [ -50.220281300999957, -1.062040158999968 ], [ -50.220165428999962, -1.062196948999974 ], [ -50.220097139, -1.062421887000022 ], [ -50.220158194999982, -1.062605855999967 ], [ -50.220226096, -1.062728446999985 ], [ -50.220219151999963, -1.062863100000024 ], [ -50.220103343999973, -1.063026635999966 ], [ -50.220014828999936, -1.063108366999979 ], [ -50.219647322, -1.063128422000039 ], [ -50.219599657999957, -1.063138603 ], [ -50.219551994, -1.063148783999948 ], [ -50.219449748999985, -1.063366952999969 ], [ -50.219231761999893, -1.063557732999945 ], [ -50.2191159609999, -1.063591752 ], [ -50.218502618999956, -1.063572246 ], [ -50.218373254, -1.063606391999974 ], [ -50.218257521999931, -1.063633715000014 ], [ -50.218114594, -1.063708709 ], [ -50.217917747999969, -1.06381149699998 ], [ -50.217816252000013, -1.063866396 ], [ -50.217646427, -1.06394126399997 ], [ -50.217571687999936, -1.064083990999967 ], [ -50.217517324999967, -1.064213119 ], [ -50.217276263999921, -1.064316479000018 ], [ -50.217038154999933, -1.064316629000031 ], [ -50.216732162999932, -1.064323612999987 ], [ -50.216447014999964, -1.064343952999982 ], [ -50.216345260999979, -1.06441860400003 ], [ -50.216134593999961, -1.064656507 ], [ -50.216046180000014, -1.064751662999965 ], [ -50.215686295, -1.064806054000025 ], [ -50.215564230999931, -1.06484677299993 ], [ -50.215442186999958, -1.065016367999929 ], [ -50.215353896999936, -1.065125006999947 ], [ -50.215252075999949, -1.065172555999974 ], [ -50.215075793000018, -1.065125021000037 ], [ -50.214852218, -1.06504357599996 ], [ -50.214696238999963, -1.065070736999987 ], [ -50.214594441999978, -1.065111467999982 ], [ -50.214505861999932, -1.065247278999939 ], [ -50.21436982799996, -1.065362783 ], [ -50.214193562999938, -1.065355972999962 ], [ -50.213997661999898, -1.065213318999971 ], [ -50.213883186000018, -1.065077584999932 ], [ -50.213864607999902, -1.064745472999986 ], [ -50.21387894799993, -1.064589788999983 ], [ -50.213794801999896, -1.064520489999934 ], [ -50.213485036999934, -1.064574433999956 ], [ -50.213161858000021, -1.064574531999964 ], [ -50.212932743999978, -1.064776560999983 ], [ -50.212353349999916, -1.064992217999974 ], [ -50.2112206749999, -1.065518123999967 ], [ -50.210810908000013, -1.065891452999947 ], [ -50.208717998999951, -1.066417084 ], [ -50.205448422999964, -1.065709184999966 ], [ -50.202385164, -1.065272254999963 ], [ -50.19977779, -1.066739893999982 ], [ -50.19760977499994, -1.068929062999926 ], [ -50.195306642999981, -1.071391467 ], [ -50.19377664299995, -1.074213061999965 ], [ -50.149408829999963, -1.07792715299996 ], [ -50.000412363999942, -1.090392585 ], [ -49.9320876849999, -1.095505721999936 ], [ -49.932064178999909, -1.095613038000023 ], [ -49.931578829999985, -1.098395296000012 ], [ -49.932553980999934, -1.101489868 ], [ -49.933959387999955, -1.104664420999937 ], [ -49.932023214999987, -1.108570481 ], [ -49.930385032999979, -1.111372787999967 ], [ -49.930056470999972, -1.115091606 ], [ -49.932586279999946, -1.117294392 ], [ -49.933551521999959, -1.117753991000017 ], [ -49.934246142999967, -1.118342213000014 ], [ -49.935603221999898, -1.11873289800001 ], [ -49.93902422299989, -1.120361412000017 ], [ -49.941078473999951, -1.122746693000023 ], [ -49.943051484999955, -1.125401596999955 ], [ -49.945996733999927, -1.126704725999952 ], [ -49.948998815999985, -1.126545636999934 ], [ -49.95022952299994, -1.126709731999922 ], [ -49.955263219999964, -1.128410005 ], [ -49.96116776400001, -1.13190942 ], [ -49.963718993999983, -1.13291343199994 ], [ -49.965053169999969, -1.133624361999965 ], [ -49.970000911999897, -1.135760288999945 ], [ -49.972413161999917, -1.139146638 ], [ -49.972920492999968, -1.142602495999947 ], [ -49.975693127999961, -1.145269484 ], [ -49.979373277, -1.147269285999988 ], [ -49.980900368999954, -1.148808678 ], [ -49.984054232999959, -1.151281382000038 ], [ -49.986336459999968, -1.154457439999925 ], [ -49.987113028999914, -1.158104099000026 ], [ -49.988607996999974, -1.161389126999959 ], [ -49.990881932, -1.167863463999987 ], [ -49.993556861999906, -1.170338279999941 ], [ -49.99457785, -1.172033080999926 ], [ -49.995390199999989, -1.172594483000013 ], [ -49.997451028999969, -1.17346802 ], [ -49.998317084999954, -1.173541435999939 ], [ -49.999436538999937, -1.174232291 ], [ -49.999111502999959, -1.174706358000046 ], [ -49.997467566999916, -1.175734255 ], [ -49.994397346, -1.177008182999986 ], [ -49.992985597999983, -1.177771170999966 ], [ -49.991359380999896, -1.178969582 ], [ -49.988234834999922, -1.179897881999983 ], [ -49.983851984999923, -1.297842582 ], [ -49.975142422999959, -1.300634308999973 ], [ -49.973358629999986, -1.318175117000022 ], [ -49.976303004999977, -1.321644072999986 ], [ -49.979612677, -1.323139776000017 ], [ -49.982503495999907, -1.324713292 ], [ -49.98507878399991, -1.326928625999981 ], [ -49.987500164999972, -1.329855510999947 ], [ -49.989167044999959, -1.332600747999981 ], [ -49.994742327000026, -1.33666231199995 ], [ -50.000414961999979, -1.3399798 ], [ -50.00355825, -1.340463995 ], [ -50.007248122999947, -1.341897259000016 ], [ -50.008168336999965, -1.345162801000024 ], [ -50.00835981599991, -1.348971156 ], [ -50.009856479999932, -1.355777763 ], [ -50.011497908999942, -1.358673732999973 ], [ -50.012858827999928, -1.36220617999995 ], [ -50.015778466, -1.367550991999957 ], [ -50.017885187999966, -1.369989473000013 ], [ -50.021298902999973, -1.371602849000011 ], [ -50.024190243999932, -1.372312276 ], [ -50.027273579999964, -1.372117132000019 ], [ -50.02927090599993, -1.371154216000017 ], [ -50.030330268999919, -1.370643534999951 ], [ -50.032472454999976, -1.364095381000032 ], [ -50.034942727, -1.357992512 ], [ -50.035837188999928, -1.354999597 ], [ -50.038690470999931, -1.349263589999952 ], [ -50.039751015999933, -1.346340391000025 ], [ -50.041992699999959, -1.343703297999967 ], [ -50.044251780999915, -1.341414467999948 ], [ -50.047220729999893, -1.339678020999981 ], [ -50.050799068999936, -1.33783427799993 ], [ -50.054134212999934, -1.336911282999944 ], [ -50.0573874789999, -1.336616991000019 ], [ -50.060721198999957, -1.337146552000048 ], [ -50.063999244999934, -1.338217358 ], [ -50.06641140899994, -1.340205243 ], [ -50.069860218000017, -1.341816773999929 ], [ -50.074858554999956, -1.345425659999924 ], [ -50.077587201999947, -1.347857093000018 ], [ -50.080918, -1.34965704 ], [ -50.083892756999958, -1.349906357999933 ], [ -50.088420813999974, -1.349796379999981 ], [ -50.091836715999904, -1.348953770999985 ], [ -50.095083489999958, -1.347669672999965 ], [ -50.097862252999924, -1.346292778 ], [ -50.100836623999911, -1.345088517 ], [ -50.106374144999961, -1.339628719999988 ], [ -50.108640464999986, -1.336690919 ], [ -50.111330326999969, -1.334683116999971 ], [ -50.113860819, -1.332303306999973 ], [ -50.116281196999978, -1.329655329 ], [ -50.118773909, -1.327286253 ], [ -50.124080911999975, -1.323172038999934 ], [ -50.127327131999984, -1.321608037000024 ], [ -50.131831239999975, -1.320678494999941 ], [ -50.139863661999961, -1.320533126 ], [ -50.142943436999964, -1.321423993999984 ], [ -50.146528433999933, -1.321582972 ], [ -50.150051136999906, -1.321932239000025 ], [ -50.153303101999946, -1.322458839999987 ], [ -50.156313692, -1.323350506999956 ], [ -50.162437675999989, -1.324313789999989 ], [ -50.169309818999984, -1.326084021 ], [ -50.172655765999892, -1.327437315999971 ], [ -50.181857202999964, -1.329650627000047 ], [ -50.186304541999966, -1.331165365999967 ], [ -50.190083192999978, -1.332785553 ], [ -50.192805150999952, -1.334396889 ], [ -50.19613592799994, -1.335105004999972 ], [ -50.197410223999945, -1.335600578999943 ], [ -50.207188819999899, -1.339403933999952 ], [ -50.209802467999971, -1.340748931999949 ], [ -50.212532089999961, -1.342639156000027 ], [ -50.219852006999965, -1.346586761999982 ], [ -50.222828726999964, -1.348482815 ], [ -50.225838296999932, -1.349472919999952 ], [ -50.228720629999941, -1.350812960999983 ], [ -50.235140476, -1.353414669999955 ], [ -50.238390951, -1.354933077 ], [ -50.240858320999955, -1.356743553999964 ], [ -50.245000235, -1.358807523999941 ], [ -50.247636695, -1.360516308999928 ], [ -50.246751162999921, -1.363700469000042 ], [ -50.245416890999927, -1.36652385299997 ], [ -50.242827632999919, -1.373162473 ], [ -50.242329323999989, -1.375777788999946 ], [ -50.242220601999961, -1.376347040999972 ], [ -50.244417582000018, -1.379239153 ], [ -50.245416943999928, -1.384292474999951 ], [ -50.249052176999975, -1.386843080999958 ], [ -50.252106657999924, -1.38728380999992 ], [ -50.254885974999937, -1.384995157 ], [ -50.256167569999931, -1.38771259999996 ], [ -50.258806280999941, -1.389693117999959 ], [ -50.262165765, -1.391034061999976 ], [ -50.264967041999959, -1.39192470899995 ], [ -50.267831793999939, -1.392450873999964 ], [ -50.270921975999912, -1.393621741999942 ], [ -50.273912861000021, -1.394509989999984 ], [ -50.276082737999971, -1.397491521999941 ], [ -50.279164479999956, -1.397748208999952 ], [ -50.282226638999923, -1.398457895999963 ], [ -50.285583258999921, -1.401623644999974 ], [ -50.286863377999964, -1.404702172999963 ], [ -50.287055586999969, -1.407598477999974 ], [ -50.288525288999985, -1.41067912700005 ], [ -50.288200556999939, -1.417673592999948 ], [ -50.290190806999945, -1.420573706 ], [ -50.290053664999967, -1.427656927999967 ], [ -50.291970538999941, -1.430909813 ], [ -50.289917761, -1.433379231999945 ], [ -50.289667811999927, -1.437919121999967 ], [ -50.289330173999964, -1.441104266999984 ], [ -50.289304354999963, -1.451456382999963 ], [ -50.288301405999931, -1.454270413 ], [ -50.288969119999933, -1.458630411999975 ], [ -50.28907953600001, -1.462529234999979 ], [ -50.288192285999962, -1.465998631999978 ], [ -50.286998429999947, -1.477696148999987 ], [ -50.282873402999968, -1.483849393 ], [ -50.279418209999989, -1.490283466999989 ], [ -50.279970315999932, -1.493280548999989 ], [ -50.283004693999906, -1.50037089 ], [ -50.283834377999902, -1.504471266999987 ], [ -50.282747888999978, -1.508736223 ], [ -50.282830039999936, -1.513267598000025 ], [ -50.284529074, -1.518169965000018 ], [ -50.28694658300001, -1.522264086000016 ], [ -50.289025736, -1.526625671000028 ], [ -50.29098497899993, -1.531207268999948 ], [ -50.406060921999902, -1.582159763999949 ], [ -50.435729210000012, -1.595297182 ], [ -50.43371958999991, -1.598019561 ], [ -50.430749299, -1.600731222 ], [ -50.428586367, -1.604265642999971 ], [ -50.426863606000012, -1.607890176000017 ], [ -50.424412672, -1.605973261999951 ], [ -50.421531104999957, -1.604154884999955 ], [ -50.417747359999971, -1.604869409000012 ], [ -50.414612173999913, -1.603681502999956 ], [ -50.409574734999936, -1.599783404999924 ], [ -50.405940069999943, -1.59849535300002 ], [ -50.403446955999982, -1.596035056999936 ], [ -50.399831595999984, -1.598113652999968 ], [ -50.396583667999927, -1.599741589000017 ], [ -50.393699913999974, -1.599186839000035 ], [ -50.390644188999921, -1.598819519000019 ], [ -50.386300370999955, -1.600164785999949 ], [ -50.383943780000017, -1.602887245999964 ], [ -50.380777353999946, -1.604145208000043 ], [ -50.373024444999913, -1.60775876499998 ], [ -50.369335891999988, -1.610019372999973 ], [ -50.364445050999969, -1.611183021999976 ], [ -50.359941011999986, -1.61162711799995 ], [ -50.354973168, -1.611616394999951 ], [ -50.351114154, -1.613695194 ], [ -50.347229313999904, -1.61513313199996 ], [ -50.344255679999982, -1.614586254 ], [ -50.338218974000014, -1.612752272999964 ], [ -50.334055937999906, -1.614468540999949 ], [ -50.332888745999966, -1.619367040999977 ], [ -50.332865709999929, -1.626161972999975 ], [ -50.330783669999967, -1.630519077999972 ], [ -50.325007060999937, -1.63539824 ], [ -50.321916660999939, -1.638751647 ], [ -50.318500730000011, -1.643185608999955 ], [ -50.316420332999918, -1.64608868 ], [ -50.312778387999941, -1.651704413999946 ], [ -50.309887456999931, -1.655507508000023 ], [ -50.307364960999941, -1.659312164999962 ], [ -50.305560503999942, -1.661664252999975 ], [ -50.303364303999949, -1.664927094999937 ], [ -50.301281653999936, -1.669453595999917 ], [ -50.300470935, -1.677168214999982 ], [ -50.299919799999969, -1.680155257999951 ], [ -50.29936149399996, -1.685505859 ], [ -50.299408200999913, -1.685995087999972 ], [ -50.299810899999926, -1.690226648999973 ], [ -50.302668827999959, -1.699672911999963 ], [ -50.304279111999968, -1.704026848999964 ], [ -50.305887702999925, -1.707848334999964 ], [ -50.306501427999905, -1.711657079999975 ], [ -50.305694267, -1.715463078000026 ], [ -50.303162585999956, -1.718726938999984 ], [ -50.300885535999939, -1.720896573 ], [ -50.297804704000022, -1.724157516999982 ], [ -50.293384072, -1.728229835999953 ], [ -50.291141851999939, -1.730489723999975 ], [ -50.288939590999981, -1.734835266 ], [ -50.287583161000015, -1.739101232 ], [ -50.286335107999953, -1.744000020999961 ], [ -50.284769911999945, -1.747912682999955 ], [ -50.280088512999939, -1.75513744 ], [ -50.276192128999959, -1.759845853000011 ], [ -50.273837409999906, -1.76392018799997 ], [ -50.270112200999968, -1.771077186 ], [ -50.268586591999949, -1.77443298700001 ], [ -50.268113406999966, -1.777338788 ], [ -50.266387510999984, -1.781503649 ], [ -50.263501392999927, -1.782951599999985 ], [ -50.260443255999938, -1.784128457000014 ], [ -50.257804254999904, -1.786477509999953 ], [ -50.25540902999996, -1.788272051000019 ], [ -50.253193633999977, -1.790908910999969 ], [ -50.251915697999934, -1.795715301000014 ], [ -50.252198796999913, -1.798802171999982 ], [ -50.253249535999899, -1.803154023999989 ], [ -50.253720820999902, -1.806061707999964 ], [ -50.256413567999942, -1.807790912999954 ], [ -50.270389157999972, -1.807008481999963 ], [ -50.275882055999972, -1.806297834999961 ], [ -50.283558167999963, -1.806411072 ], [ -50.292554937999974, -1.806340173 ], [ -50.296080255999982, -1.805716563 ], [ -50.300411765, -1.805534994 ], [ -50.308361996000016, -1.805203758999943 ], [ -50.312669900999936, -1.806029280999946 ], [ -50.317890766999902, -1.806501077 ], [ -50.329609160999951, -1.806793819999966 ], [ -50.33405964599995, -1.80644273799996 ], [ -50.33837656, -1.806367540999956 ], [ -50.34783207899995, -1.804755785 ], [ -50.350807510999935, -1.80449192500002 ], [ -50.355699103999925, -1.803325772999989 ], [ -50.359474442999925, -1.802151939999943 ], [ -50.364608859999933, -1.800898680999987 ], [ -50.368863936999929, -1.79936475 ], [ -50.37483473099995, -1.797833313000021 ], [ -50.379060487999915, -1.797028530000047 ], [ -50.382225707999972, -1.796222524999971 ], [ -50.386280339999985, -1.795596981 ], [ -50.390783984999942, -1.795156434999958 ], [ -50.393670403999934, -1.79444009799993 ], [ -50.399172021999945, -1.793357962000011 ], [ -50.404055073999942, -1.791924377999967 ], [ -50.410448587999944, -1.790664321999982 ], [ -50.416302098999942, -1.789321935000023 ], [ -50.421642435999935, -1.788429804000016 ], [ -50.425328358999906, -1.787435129999961 ], [ -50.438058633999923, -1.781203063 ], [ -50.441421162999966, -1.780578657000023 ], [ -50.447448802999979, -1.782132905000013 ], [ -50.451946476999971, -1.784778172999948 ], [ -50.455109901999968, -1.784875462 ], [ -50.460145662999899, -1.783441889999962 ], [ -50.467366350999953, -1.780556538999969 ], [ -50.476672529999988, -1.774129506999946 ], [ -50.480031520999908, -1.77060565399997 ], [ -50.483361652000021, -1.768075537999971 ], [ -50.487053147000012, -1.764543229 ], [ -50.489422318999928, -1.762102410999935 ], [ -50.491142946000011, -1.759469889999989 ], [ -50.493304654999989, -1.756937481999978 ], [ -50.496997135999976, -1.753313903999922 ], [ -50.500442081, -1.751334495000014 ], [ -50.502891221999953, -1.748866658999928 ], [ -50.508639079, -1.746196443999972 ], [ -50.512891193999927, -1.746087018999978 ], [ -50.516779852999981, -1.747151303000019 ], [ -50.520748722999919, -1.748584036 ], [ -50.524199140999947, -1.749466066999963 ], [ -50.527893552, -1.74962549 ], [ -50.532567228, -1.747043410999973 ], [ -50.534697153999915, -1.744142452999933 ], [ -50.538108872999942, -1.741122880000026 ], [ -50.540172443999971, -1.738120658999955 ], [ -50.545837059999975, -1.731731719999976 ], [ -50.551138165999916, -1.727525706999957 ], [ -50.555168267999946, -1.725410741999935 ], [ -50.559314215999969, -1.72383759799998 ], [ -50.562830205999916, -1.722734516000015 ], [ -50.56625551, -1.722082623 ], [ -50.573637197999965, -1.720306724999956 ], [ -50.576335980999971, -1.718840116000022 ], [ -50.576485538, -1.718632754 ], [ -50.579561357999943, -1.714368291999948 ], [ -50.5807255409999, -1.711644078999965 ], [ -50.582859355999972, -1.70845216 ], [ -50.584394032999946, -1.70507770499996 ], [ -50.585530192999983, -1.701402814999922 ], [ -50.586778642999981, -1.698257127999971 ], [ -50.587755895000015, -1.694981858999958 ], [ -50.589452692999899, -1.691881182 ], [ -50.591861272999971, -1.68515716799992 ], [ -50.593367187999959, -1.682235770999965 ], [ -50.595781991999921, -1.679133594999973 ], [ -50.597117424999922, -1.676038546000038 ], [ -50.599360421999968, -1.672485557999961 ], [ -50.600974727999954, -1.669211318999944 ], [ -50.602031517999912, -1.666116654999952 ], [ -50.604363681999963, -1.663466545999972 ], [ -50.605976709999929, -1.660914486000022 ], [ -50.607750439999961, -1.65845206699994 ], [ -50.612170164, -1.654252721000029 ], [ -50.614673474999989, -1.651333806000013 ], [ -50.617724652999939, -1.649134424000023 ], [ -50.621060838999931, -1.647387804000013 ], [ -50.624562232, -1.645191858000041 ], [ -50.627414168999984, -1.642812425999987 ], [ -50.629036536999926, -1.639989429 ], [ -50.630838024999946, -1.637527840999988 ], [ -50.633167624999963, -1.635247692999977 ], [ -50.636139637000021, -1.633048958999952 ], [ -50.638721609999955, -1.630850455999946 ], [ -50.641618243, -1.629113798999962 ], [ -50.643859136999957, -1.627192761 ], [ -50.646558206999899, -1.625358243 ], [ -50.649337096999965, -1.624162132999976 ], [ -50.654474860999983, -1.620322869999926 ], [ -50.656895007999942, -1.618124 ], [ -50.658441712999931, -1.616425643999966 ], [ -50.659389721999943, -1.615383546999984 ], [ -50.661442112999943, -1.612741658999974 ], [ -50.66398024999998, -1.61091219599995 ], [ -50.677615208999981, -1.598483509999928 ], [ -50.680224597999967, -1.597017019 ], [ -50.682833821999935, -1.59508916200001 ], [ -50.685092690999966, -1.593078568 ], [ -50.687861733000013, -1.591792868000033 ], [ -50.691001431999915, -1.589684353999923 ], [ -50.693700428999939, -1.587229321 ], [ -50.696922289999975, -1.584297496999989 ], [ -50.699811086999901, -1.582277908999954 ], [ -50.702419760999916, -1.580087216999972 ], [ -50.704643044999926, -1.577805609999929 ], [ -50.70825581299998, -1.575415144000027 ], [ -50.710666931999988, -1.573682749999952 ], [ -50.717416614999976, -1.569736123 ], [ -50.722446645999959, -1.565525789999969 ], [ -50.728195133999975, -1.561591002 ], [ -50.731255397999959, -1.559032482999969 ], [ -50.737054143999956, -1.551003957000043 ], [ -50.739223384999939, -1.547540194999977 ], [ -50.740919559999952, -1.543723558000023 ], [ -50.742612834999896, -1.540619288999947 ], [ -50.743751757999988, -1.537432899 ], [ -50.745256706999982, -1.529887852999936 ], [ -50.746364026999942, -1.521988243000019 ], [ -50.747262988999985, -1.518769852 ], [ -50.748751040999913, -1.51099538499996 ], [ -50.749890451999953, -1.506795879000036 ], [ -50.75086630899996, -1.503798789000035 ], [ -50.753307862, -1.499549737999919 ], [ -50.755332052999975, -1.497388475999974 ], [ -50.757950347999987, -1.495143211 ], [ -50.763221677999958, -1.491456284000039 ], [ -50.765418766999936, -1.489022549000021 ], [ -50.766777961999949, -1.486225496999962 ], [ -50.76877669899995, -1.48360996 ], [ -50.770443733999947, -1.480443141 ], [ -50.771763597, -1.478408973 ], [ -50.773083459999953, -1.476374804 ], [ -50.776198514999948, -1.472314355000028 ], [ -50.777667010999949, -1.469698891999984 ], [ -50.779504991999964, -1.465711497000024 ], [ -50.781253189000019, -1.462914926999916 ], [ -50.782812038999943, -1.459295499999937 ], [ -50.786120964, -1.452781037999964 ], [ -50.787395429999926, -1.450064107999962 ], [ -50.791258012999947, -1.440839730999945 ], [ -50.794084803999979, -1.437774617 ], [ -50.795393589999911, -1.434246844999967 ], [ -50.797562995999911, -1.432172211 ], [ -50.805782391, -1.432879006999945 ], [ -50.81019433999991, -1.433000759999983 ], [ -50.813575752, -1.434309364999988 ], [ -50.819083301999974, -1.437529818 ], [ -50.821694537000027, -1.439547091999929 ], [ -50.823352303999968, -1.439655962999966 ], [ -50.824921118999917, -1.439759290999989 ], [ -50.827755587999967, -1.437605144000011 ], [ -50.830032501999973, -1.434446998 ], [ -50.832560291999961, -1.432463959999977 ], [ -50.83458497099997, -1.430399846999988 ], [ -50.836584934999983, -1.42668955200004 ], [ -50.839866477999983, -1.424808648000022 ], [ -50.842731255999958, -1.426744084999934 ], [ -50.844867176999941, -1.428750761999966 ], [ -50.847199278999895, -1.431862076 ], [ -50.848256407999969, -1.434869598999979 ], [ -50.850508229999946, -1.436886392999961 ], [ -50.855666399999961, -1.443287666999984 ], [ -50.856920428999985, -1.446207001999946 ], [ -50.858146747999932, -1.449667202999985 ], [ -50.858925029999931, -1.452855884000028 ], [ -50.858173549999925, -1.456927371000019 ], [ -50.863422709999924, -1.455344523999971 ], [ -50.867584557999933, -1.453101839999951 ], [ -50.87177742799993, -1.450507901 ], [ -50.874313957999924, -1.448713518000035 ], [ -50.876034524, -1.446279562 ], [ -50.876972518999892, -1.44309952799996 ], [ -50.878094218999891, -1.440283656000032 ], [ -50.879673537, -1.433315418 ], [ -50.880700836999914, -1.430508428 ], [ -50.881363500999939, -1.424882605999924 ], [ -50.882115338999974, -1.421083710999929 ], [ -50.883306346000019, -1.417453366000023 ], [ -50.885333118999938, -1.413753702999978 ], [ -50.886721705999904, -1.410855956000026 ], [ -50.888727657999965, -1.408601081999974 ], [ -50.890726658999895, -1.404802006999963 ], [ -50.893032229999967, -1.401554174 ], [ -50.895478745999974, -1.399760395 ], [ -50.896947010999959, -1.397043308999981 ], [ -50.897138864999931, -1.393955183 ], [ -50.896442852999897, -1.390223825 ], [ -50.894227948999955, -1.38739531 ], [ -50.892723329999988, -1.383563568999948 ], [ -50.89267555099994, -1.378842457999943 ], [ -50.889892434999972, -1.375549975000014 ], [ -50.887112205999969, -1.372802034999934 ], [ -50.885335903999902, -1.36988294 ], [ -50.881784473999957, -1.365217803 ], [ -50.873805765999975, -1.357070324 ], [ -50.872309453999982, -1.354422549999947 ], [ -50.870146605999906, -1.352316628999963 ], [ -50.86820057300001, -1.349304373999951 ], [ -50.866416517999923, -1.346105414000034 ], [ -50.86436276, -1.343006349999945 ], [ -50.862230447999956, -1.338084027999988 ], [ -50.861164754999976, -1.335253545 ], [ -50.859501612999942, -1.328794939000035 ], [ -50.858283272999948, -1.325152478999927 ], [ -50.856859366, -1.322056079999969 ], [ -50.854366549999973, -1.317944264999928 ], [ -50.852590509000017, -1.315475925999978 ], [ -50.848951956999962, -1.308543541999976 ], [ -50.847615856999901, -1.305626092 ], [ -50.845750169999988, -1.302977977 ], [ -50.843228103999948, -1.299958820000038 ], [ -50.841640737999967, -1.297490766000022 ], [ -50.838671192999939, -1.295193459000012 ], [ -50.833114420999976, -1.290247187000029 ], [ -50.828445970999979, -1.287026749999933 ], [ -50.825670059999894, -1.285823229 ], [ -50.821281281999937, -1.283151273 ], [ -50.814895402999944, -1.280191503999975 ], [ -50.812643219999941, -1.277634211999947 ], [ -50.811146819999941, -1.274985768000017 ], [ -50.804641570999927, -1.274110828999921 ], [ -50.802654512999922, -1.267122199999973 ], [ -50.800508851999936, -1.253103017999981 ], [ -50.800610853999935, -1.249010964999977 ], [ -50.800471612999964, -1.246012091 ], [ -50.800863360999955, -1.242294211999964 ], [ -50.803671606999963, -1.229238191 ], [ -50.804702137999968, -1.225520155000028 ], [ -50.807090499999958, -1.219364843999928 ], [ -50.80847693799992, -1.216294628 ], [ -50.811671989999958, -1.210231420999976 ], [ -50.815086370999936, -1.20327359 ], [ -50.81700192599989, -1.201016613999952 ], [ -50.81969971199991, -1.199855840999922 ], [ -50.82341962999994, -1.199797877000011 ], [ -50.826833325999949, -1.200369828 ], [ -50.830526288999977, -1.200310922 ], [ -50.833699267999961, -1.199249096 ], [ -50.836252727999941, -1.197003633 ], [ -50.83753262599997, -1.194288034999937 ], [ -50.839532418999966, -1.19139988599998 ], [ -50.841806936999951, -1.188693540999965 ], [ -50.843483171999914, -1.185074476000016 ], [ -50.844393250999985, -1.181995416999984 ], [ -50.846228955999905, -1.179559431999957 ], [ -50.848945696999976, -1.176672037999973 ], [ -50.851778105999941, -1.174787985999961 ], [ -50.855031885999956, -1.173727030000018 ], [ -50.858645773, -1.172031657999986 ], [ -50.862448131999933, -1.170521597999921 ], [ -50.866699641, -1.169098713999963 ], [ -50.870699861999945, -1.167404625999948 ], [ -50.875113176999974, -1.165901517999925 ], [ -50.877756753999947, -1.164107454999987 ], [ -50.881362411999937, -1.162503179999943 ], [ -50.884560350999948, -1.160710607999951 ], [ -50.887007379999915, -1.158690074999926 ], [ -50.889454408999967, -1.156669543 ], [ -50.893528037999957, -1.153521536000026 ], [ -50.896368642999974, -1.152279362999922 ], [ -50.899547378, -1.149929522 ], [ -50.904175572999954, -1.144891076000034 ], [ -50.907340078999951, -1.142375010999954 ], [ -50.911722255999976, -1.13796473899991 ], [ -50.914176634999926, -1.135717877999989 ], [ -50.918897917999949, -1.131758525999951 ], [ -50.933806654999913, -1.121408985 ], [ -50.93686192800002, -1.11928727399996 ], [ -50.944006648, -1.117614137 ], [ -50.947530148999952, -1.117103965999968 ], [ -50.951699134999927, -1.116232323999968 ], [ -50.959282775999988, -1.115842851999984 ], [ -50.967036478999916, -1.116085699 ], [ -50.970287957, -1.117109566999988 ], [ -50.975334157, -1.117705419 ], [ -50.985664842999974, -1.119598175000016 ], [ -50.986418753999914, -1.119522188999946 ], [ -50.989836058999956, -1.11917801599998 ], [ -50.997130506999987, -1.117789303 ], [ -51.000900167999959, -1.116815596 ], [ -51.003092641999913, -1.116249270999949 ], [ -51.011006979999891, -1.117576841000014 ], [ -51.018640548999912, -1.121124035999967 ], [ -51.023364003000026, -1.123695595999932 ], [ -51.026785227999945, -1.126580131000035 ], [ -51.029147409, -1.128304853 ], [ -51.034040389000012, -1.131165634000011 ], [ -51.044834023999925, -1.13908567200002 ], [ -51.047944809999919, -1.141538252 ], [ -51.050755346999942, -1.14325897 ], [ -51.056503871999958, -1.145955439 ], [ -51.059170956999921, -1.147377074000024 ], [ -51.067425289999967, -1.151061523999966 ], [ -51.075337447999942, -1.153725954999976 ], [ -51.079316671999941, -1.154831952 ], [ -51.082838105999983, -1.155504849 ], [ -51.093869339000015, -1.158695473000018 ], [ -51.100003822, -1.16005388699997 ], [ -51.110035324999913, -1.164734711999929 ], [ -51.113421536999958, -1.165859088999968 ], [ -51.117390299999975, -1.167552194 ], [ -51.121953883999915, -1.169236885000027 ], [ -51.127398012999969, -1.170914359 ], [ -51.133362403, -1.17080307399994 ], [ -51.14203147699989, -1.165175761 ], [ -51.145644394999955, -1.161564671 ], [ -51.150114635999984, -1.158679724999958 ], [ -51.153422786999968, -1.156108812999959 ], [ -51.158204347, -1.153656784000026 ], [ -51.161700303999979, -1.15285639399997 ], [ -51.166033050999914, -1.150853694 ], [ -51.169919026999921, -1.147235497999946 ], [ -51.17333979999998, -1.142453408999957 ], [ -51.178145101999938, -1.133061472999932 ], [ -51.183975253999954, -1.124838372999983 ], [ -51.188284509, -1.120038031 ], [ -51.190585899999981, -1.117772121 ], [ -51.193760336999915, -1.115796991 ], [ -51.196924402999962, -1.11337922799998 ], [ -51.202147067999903, -1.11077371799996 ], [ -51.208077941999903, -1.108895994999939 ], [ -51.216866879999955, -1.107987466 ], [ -51.213505547999922, -1.100376746999912 ], [ -51.210700968999951, -1.091112659999984 ], [ -51.209337176, -1.080228538000041 ], [ -51.208568463, -1.076850425999956 ], [ -51.207474626999989, -1.073325686 ], [ -51.205366382, -1.069828025999966 ], [ -51.202612190999929, -1.06426939200003 ], [ -51.199310536999953, -1.059019207999947 ], [ -51.198505872999895, -1.054601424 ], [ -51.192392638999905, -1.039510240999943 ], [ -51.191756684999952, -1.036275035999958 ], [ -51.190841597, -1.025516191999989 ], [ -51.186004849999932, -1.017634475999953 ], [ -51.184616429999984, -1.012790816999933 ], [ -51.185297810999963, -1.005068428999936 ], [ -51.185353619999958, -1.000740896999988 ], [ -51.185196361999914, -0.996551383 ], [ -51.180614964999926, -0.98614900999995 ], [ -51.179834726999935, -0.98232751999995 ], [ -51.17753077, -0.977357597999964 ], [ -51.178536404999896, -0.967295141999971 ], [ -51.177561751999988, -0.962742764999982 ], [ -51.17642562299995, -0.955676472999913 ], [ -51.174866757999936, -0.95024656299997 ], [ -51.171649920999961, -0.941888740999977 ], [ -51.171453078999924, -0.938644966 ], [ -51.171672987999912, -0.935546051 ], [ -51.170391597999938, -0.929068627999987 ], [ -51.170644732999925, -0.917994842999983 ], [ -51.169980083, -0.914318041999964 ], [ -51.168944903999964, -0.90533791 ], [ -51.169003935999967, -0.899873230000017 ], [ -51.169366038, -0.896324600999945 ], [ -51.172511156999988, -0.883715681000021 ], [ -51.17323242299998, -0.875585953999982 ], [ -51.174296231999982, -0.869464432000013 ], [ -51.175728993999954, -0.863699059999936 ], [ -51.177561800999989, -0.85632163699997 ], [ -51.18186587099995, -0.84428422 ], [ -51.183418207999964, -0.840705683999934 ], [ -51.186582938999976, -0.829878619 ], [ -51.18747210699992, -0.822586210999967 ], [ -51.190927974999951, -0.796951823000027 ], [ -51.191806089999957, -0.788398374999923 ], [ -51.19264882799996, -0.77618119 ], [ -51.191700693999941, -0.755982343000019 ], [ -51.189585552, -0.742383034999952 ], [ -51.189365440999985, -0.740966556 ], [ -51.186703655999928, -0.730684686999963 ], [ -51.185447740999933, -0.726285854999977 ], [ -51.178419897999937, -0.717112374 ], [ -51.164479776999912, -0.697591546999989 ], [ -51.161329622999951, -0.69378151499996 ], [ -51.158232427000016, -0.690036566999987 ], [ -51.150196268999899, -0.682652212999981 ], [ -51.147088959999927, -0.680797809000024 ], [ -51.139139209999946, -0.677694969999978 ], [ -51.135033998000011, -0.677033170999932 ], [ -51.130202245999911, -0.675947325999973 ], [ -51.122972284999975, -0.672536062999987 ], [ -51.115920840999891, -0.669570226 ], [ -51.112975632, -0.668583074000031 ], [ -51.109310631, -0.667922465 ], [ -51.103445273999988, -0.66611076999993 ], [ -51.094455162, -0.661555119999937 ], [ -51.079399980999902, -0.661832550999977 ], [ -51.072947810999935, -0.660331249000015 ], [ -51.066635448999897, -0.659411685999958 ], [ -51.055047086999949, -0.656670011999951 ], [ -51.044752747999951, -0.653324015999948 ], [ -51.042391109999947, -0.651453078000044 ], [ -51.036773825999958, -0.649462820999949 ], [ -51.027540034999959, -0.643774766999963 ], [ -51.022337073999964, -0.641487667 ], [ -51.011059572999983, -0.630922518999979 ], [ -51.008366441, -0.627436680999951 ], [ -51.000502669999932, -0.615264347 ], [ -50.988260258999958, -0.599627198999988 ], [ -50.985898299999931, -0.596611300999941 ], [ -50.976509303999968, -0.5886308 ], [ -50.973594742999957, -0.585779017999934 ], [ -50.970452414999933, -0.583817584 ], [ -50.968225870999916, -0.581198295 ], [ -50.964608364999918, -0.579123738000034 ], [ -50.958113888999911, -0.574428686999964 ], [ -50.938784478999928, -0.566352060999966 ], [ -50.932947768, -0.563024764 ], [ -50.929364662999909, -0.562147799 ], [ -50.913504018999966, -0.555401724999962 ], [ -50.909919057, -0.554641280999926 ], [ -50.906532955999957, -0.553258745999932 ], [ -50.900560370999969, -0.552079855 ], [ -50.89686712000001, -0.55052559699992 ], [ -50.892143166999944, -0.54951895200003 ], [ -50.888640483999943, -0.547739955 ], [ -50.884255984999989, -0.546979124000027 ], [ -50.880867194999908, -0.545583085999981 ], [ -50.868387207999909, -0.542067462999976 ], [ -50.866840458999917, -0.541631406999956 ], [ -50.863669990999959, -0.540194877000024 ], [ -50.860085931999976, -0.539435395999979 ], [ -50.857283967999955, -0.537652315999972 ], [ -50.853556462, -0.536324782 ], [ -50.84986520999994, -0.534371496999944 ], [ -50.842681383999917, -0.531944162999922 ], [ -50.838942723999935, -0.531351686999928 ], [ -50.835917561, -0.530363167999939 ], [ -50.818476462999946, -0.527619993999986 ], [ -50.811260706999946, -0.52616431799998 ], [ -50.803921623999955, -0.525207023 ], [ -50.797174379999909, -0.5228315 ], [ -50.792674123999966, -0.521835047999977 ], [ -50.78495052799996, -0.517362434999926 ], [ -50.780557660999932, -0.515400824999981 ], [ -50.775727475999965, -0.511280998999988 ], [ -50.771254003999928, -0.508814650000025 ], [ -50.765838666999947, -0.507128875999987 ], [ -50.764206374999986, -0.507096453999969 ], [ -50.761222971999963, -0.507038071999935 ], [ -50.758390858999931, -0.508048817999986 ], [ -50.750644649, -0.512831236 ], [ -50.746394104999943, -0.515454719 ], [ -50.737000993, -0.525772722 ], [ -50.734555104999956, -0.530293137999918 ], [ -50.730033202, -0.537984278 ], [ -50.728749392999916, -0.539773114999944 ], [ -50.717699959999969, -0.54911473299998 ], [ -50.710694809999985, -0.556963540999957 ], [ -50.706225759999967, -0.56767826 ], [ -50.703791897999935, -0.573207287999979 ], [ -50.701006868999983, -0.579534065999967 ], [ -50.698521246999938, -0.583951349999969 ], [ -50.697065859999952, -0.586537766999919 ], [ -50.690996905999981, -0.594291554999939 ], [ -50.689801167999988, -0.597785204 ], [ -50.688092850999951, -0.605346243999962 ], [ -50.687363919999946, -0.614729395999971 ], [ -50.686422398999937, -0.618902076999985 ], [ -50.684189376999917, -0.622449044 ], [ -50.67576312799995, -0.629141836 ], [ -50.672609238999939, -0.631217102999928 ], [ -50.671024593000013, -0.632158315 ], [ -50.663704722000013, -0.637149354999957 ], [ -50.65924496799996, -0.63801233100004 ], [ -50.652691626999967, -0.637151972 ], [ -50.645475112999989, -0.636853024999953 ], [ -50.640867311999948, -0.636896566 ], [ -50.632086312999931, -0.63939063899995 ], [ -50.624497211999952, -0.643570768999959 ], [ -50.622217327999962, -0.645713266000039 ], [ -50.621709720999974, -0.646639203 ], [ -50.619997794999989, -0.649761966 ], [ -50.616825772, -0.659186145000037 ], [ -50.61382039599993, -0.663448549000014 ], [ -50.612294925999919, -0.666125555 ], [ -50.608983397999928, -0.668087616999982 ], [ -50.60515576899995, -0.66986081799997 ], [ -50.597343153999951, -0.669947490999947 ], [ -50.586499188999952, -0.669531193999964 ], [ -50.584669157999969, -0.669595852999985 ], [ -50.583158366999932, -0.66964923199996 ], [ -50.576994277, -0.66986702299995 ], [ -50.575975054999951, -0.669988777999988 ], [ -50.560873293, -0.671792823000041 ], [ -50.550168745999912, -0.67171218200003 ], [ -50.548457111999952, -0.671860832999984 ], [ -50.541557489, -0.672460044 ], [ -50.537101574, -0.674171236999923 ], [ -50.531356031999962, -0.676765207999965 ], [ -50.530902327999989, -0.677201125999973 ], [ -50.527515338999969, -0.680455340000021 ], [ -50.526548721000019, -0.681849150999971 ], [ -50.523565982999962, -0.68615009699994 ], [ -50.521449645, -0.689201742000014 ], [ -50.518958899999973, -0.693968752 ], [ -50.518257144999907, -0.695311832000014 ], [ -50.512800935, -0.699907954999981 ], [ -50.5069344, -0.703490464000014 ], [ -50.498572590999942, -0.707230834999963 ], [ -50.496293351999917, -0.708110476 ], [ -50.490599069999952, -0.710308105000026 ], [ -50.481308124999934, -0.71737289499997 ], [ -50.477493442999965, -0.720956047999968 ], [ -50.476762136999938, -0.723834630999933 ] ] ] ] } },
{ "type": "Feature", "properties": { "CD_MUN": "1502004", "NM_MUN": "Cachoeira do Arari", "SIGLA": "PA", "AREA_KM2": 3100.261 }, "geometry": { "type": "MultiPolygon", "coordinates": [ [ [ [ -49.00656987299989, -0.44531115 ], [ -49.002404768999973, -0.477958630999966 ], [ -48.997798281999948, -0.500624107000016 ], [ -48.973983021999977, -0.601133548000012 ], [ -48.962044943999956, -0.651489042 ], [ -48.95386214799997, -0.655463514999957 ], [ -48.756936013999947, -0.751051513999981 ], [ -48.755791795999954, -0.753771673999983 ], [ -48.753990025999911, -0.757164654999967 ], [ -48.752406746999917, -0.759648307000029 ], [ -48.75127009600002, -0.763500454 ], [ -48.753268815999924, -0.767366346000022 ], [ -48.754378443999897, -0.771683250999979 ], [ -48.752577410999919, -0.774392640999979 ], [ -48.750069747999909, -0.782547757999987 ], [ -48.748018611999932, -0.785490926999968 ], [ -48.745293288999946, -0.787296717999988 ], [ -48.743708975999951, -0.789780253999952 ], [ -48.742348386999907, -0.792949383999977 ], [ -48.740549318, -0.795441624000039 ], [ -48.737600549, -0.797014717 ], [ -48.734463934, -0.797234936999915 ], [ -48.731289396999976, -0.799715454999985 ], [ -48.731154687999933, -0.800377178000025 ], [ -48.731054329999978, -0.800873244999947 ], [ -48.730600460999902, -0.803111397999947 ], [ -48.729456887999966, -0.805828638999975 ], [ -48.72743286, -0.808546525999967 ], [ -48.725378909999968, -0.812848388000011 ], [ -48.723354564999987, -0.815781457999956 ], [ -48.722210027999964, -0.818499540999964 ], [ -48.720185330999954, -0.82099312099996 ], [ -48.718826061999927, -0.823700989000011 ], [ -48.718569396, -0.827564781000047 ], [ -48.71654286299993, -0.830730097999934 ], [ -48.714266563999971, -0.833214267999951 ], [ -48.712903892999933, -0.837741111999959 ], [ -48.70973812999992, -0.840224032999961 ], [ -48.704994616999926, -0.846105969 ], [ -48.705430796999956, -0.849735585999936 ], [ -48.707429634999961, -0.85246865800003 ], [ -48.706068989, -0.855410526 ], [ -48.699523142000011, -0.860596416 ], [ -48.698601461999957, -0.863764861999963 ], [ -48.69767875, -0.868303843 ], [ -48.695650961, -0.872829543 ], [ -48.693605866999974, -0.876221476999985 ], [ -48.692842213999938, -0.876852532999974 ], [ -48.690873267, -0.87847780399998 ], [ -48.689237994999978, -0.87857632899996 ], [ -48.683685259, -0.878909695999921 ], [ -48.679409489999976, -0.877760008999919 ], [ -48.675921620999958, -0.877950684999975 ], [ -48.675572920999976, -0.877969747999954 ], [ -48.67126627899998, -0.88021383 ], [ -48.667904170999975, -0.882246725999982 ], [ -48.664513629999924, -0.884050843999953 ], [ -48.66223640699998, -0.886983893999984 ], [ -48.660433021999978, -0.891518582999931 ], [ -48.656379912, -0.891728796 ], [ -48.652987399999965, -0.889896899999956 ], [ -48.649851570999942, -0.89011745 ], [ -48.646686416999984, -0.892596194 ], [ -48.642594736, -0.894617946999956 ], [ -48.638100637999955, -0.895961074999976 ], [ -48.636963988999966, -0.899130620999946 ], [ -48.636744604999933, -0.902309612999987 ], [ -48.635354788999962, -0.905935266000037 ], [ -48.632216612, -0.907731397999969 ], [ -48.629043490999919, -0.908851265 ], [ -48.627673377999976, -0.909989029999982 ], [ -48.626326879999944, -0.911107184999951 ], [ -48.624068790999985, -0.913139573999979 ], [ -48.623372253999904, -0.916318675999941 ], [ -48.626074713999955, -0.918140614999965 ], [ -48.630574383999935, -0.917932192999951 ], [ -48.631242982999922, -0.922020079999966 ], [ -48.630985161999902, -0.926773761 ], [ -48.630546486999933, -0.931086871 ], [ -48.628044163000013, -0.933567221999967 ], [ -48.624904340999926, -0.931059350999943 ], [ -48.620629180999963, -0.930136235999948 ], [ -48.618354287999942, -0.931941611999934 ], [ -48.617235739999941, -0.934884116000037 ], [ -48.617652801999988, -0.938287263999973 ], [ -48.620351806999928, -0.940570274999954 ], [ -48.623289894000017, -0.941033103999969 ], [ -48.62620596999998, -0.943541576000042 ], [ -48.627540644, -0.94672290700001 ], [ -48.625266212000028, -0.952832080999935 ], [ -48.622346989999983, -0.952370125 ], [ -48.618964102999946, -0.949636701999959 ], [ -48.616047499999944, -0.946904031999987 ], [ -48.609736256999909, -0.944380401 ], [ -48.608066169000018, -0.944466576000016 ], [ -48.601622686999967, -0.944799056 ], [ -48.597791668999974, -0.947738113999987 ], [ -48.595549815999938, -0.951354875999924 ], [ -48.592376367, -0.952026047999945 ], [ -48.588542710999967, -0.950875704999978 ], [ -48.584959016000013, -0.950176826999973 ], [ -48.581131128999928, -0.949935831999928 ], [ -48.57795787500001, -0.951056239 ], [ -48.577915661999981, -0.951068190999917 ], [ -48.576035254, -0.951600601999916 ], [ -48.574793952999968, -0.951952467999986 ], [ -48.569597063999943, -0.954429106 ], [ -48.566457944, -0.956683883999956 ], [ -48.563965875999955, -0.959389810999935 ], [ -48.561223356999967, -0.960817804999961 ], [ -48.559207376999964, -0.961867024 ], [ -48.556518692999902, -0.963898265999932 ], [ -48.553455749999962, -0.965114137 ], [ -48.549514771999931, -0.967046097999971 ], [ -48.543427957, -0.969746991999978 ], [ -48.536436239999965, -0.971978222999939 ], [ -48.532381363999932, -0.972645934999941 ], [ -48.529433374, -0.973314529999927 ], [ -48.525596293999946, -0.973750310000012 ], [ -48.522236117000013, -0.973736741999955 ], [ -48.51592978099994, -0.973259258999972 ], [ -48.512102414999987, -0.973244021999955 ], [ -48.508705939999984, -0.973452736 ], [ -48.505094565999961, -0.973212791000035 ], [ -48.500594840999973, -0.972287245000016 ], [ -48.492932752999906, -0.971808441000013 ], [ -48.488656334000012, -0.972241643999974 ], [ -48.484156812999956, -0.970640079999976 ], [ -48.475379776999915, -0.970148648 ], [ -48.471768572, -0.970359678999957 ], [ -48.467733666999919, -0.970344971999983 ], [ -48.462989523999966, -0.970552333 ], [ -48.454903659, -0.972099889999969 ], [ -48.451711103, -0.972325069999949 ], [ -48.443602172999896, -0.974778918999943 ], [ -48.439544357999971, -0.978848786999977 ], [ -48.439295770999919, -0.982477595000022 ], [ -48.441070174999922, -0.985206975999988 ], [ -48.441963348999927, -0.988377749999971 ], [ -48.445987135999964, -0.994521472 ], [ -48.450434050999931, -1.000129516999939 ], [ -48.457602028999979, -1.006461474 ], [ -48.460212949, -1.009111416999966 ], [ -48.466317145999959, -1.016466108 ], [ -48.469483652999941, -1.019426734 ], [ -48.474205599999927, -1.023835721999946 ], [ -48.485519338999978, -1.031498612 ], [ -48.487545803999964, -1.033851592 ], [ -48.49307243, -1.038426038999942 ], [ -48.495123666, -1.041508263999971 ], [ -48.496850137999935, -1.045337098999957 ], [ -48.500376328999927, -1.049106108999966 ], [ -48.502902749999976, -1.052737464999955 ], [ -48.513516995999971, -1.066144211999989 ], [ -48.513894169, -1.066755233 ], [ -48.524482563999989, -1.08392536699994 ], [ -48.533825091000011, -1.094296015999943 ], [ -48.547990974999976, -1.111311704999975 ], [ -48.57454237599994, -1.139343153 ], [ -48.586626133000017, -1.15134926099997 ], [ -48.597555563999983, -1.162209248999959 ], [ -48.607519035999957, -1.172108839999977 ], [ -48.664130518999933, -1.173449261000039 ], [ -48.673544769999943, -1.174559484999973 ], [ -48.67702181999995, -1.175926524000017 ], [ -48.691241156999986, -1.181517008000013 ], [ -48.705931584, -1.186352869 ], [ -48.713907026999976, -1.188107035000021 ], [ -48.728872935999966, -1.187953771999952 ], [ -48.744969192999953, -1.187789066 ], [ -48.751964277, -1.190073615999934 ], [ -48.76783237199993, -1.198731504999975 ], [ -48.769735544999925, -1.199769907 ], [ -48.777979164999969, -1.203612129000033 ], [ -48.788965590999943, -1.208732729999964 ], [ -48.80154467599997, -1.213061039999976 ], [ -48.819604574999985, -1.213248854999973 ], [ -48.844935917999983, -1.207415754999976 ], [ -48.860291893999914, -1.201995514000034 ], [ -48.865102705999973, -1.200472440999958 ], [ -48.869187834999934, -1.201660088 ], [ -48.873651813999984, -1.19820963800005 ], [ -48.87985583399994, -1.190582898999972 ], [ -48.880049654999901, -1.189890537999974 ], [ -48.881547193, -1.184541092999938 ], [ -48.882250757999941, -1.180840814000019 ], [ -48.882380973999972, -1.180155962999931 ], [ -48.885766710999974, -1.176631227999971 ], [ -48.891799244999952, -1.174192215999961 ], [ -48.89479435399997, -1.168035519999924 ], [ -48.893907598999959, -1.161522236999959 ], [ -48.89277271999994, -1.158060328999957 ], [ -48.898266714999949, -1.150709999000012 ], [ -48.906104800000016, -1.144364475999984 ], [ -48.910160614999953, -1.141821545 ], [ -48.915495822999965, -1.143390291999937 ], [ -48.91818748, -1.139953994999923 ], [ -48.917015418999931, -1.137122501000034 ], [ -48.916849374999956, -1.133942374999988 ], [ -48.919182225999975, -1.13116298899997 ], [ -48.918696304, -1.130489756000044 ], [ -48.914905820999905, -1.125238129000019 ], [ -48.914584233999946, -1.118446440000023 ], [ -48.914489718999938, -1.116461815000038 ], [ -48.914686713999984, -1.11162486300004 ], [ -48.913410719999924, -1.106982652 ], [ -48.917240719999917, -1.100792607999947 ], [ -48.917320728999968, -1.095459989999972 ], [ -48.91488179199996, -1.093066921999943 ], [ -48.914069646, -1.089282188999965 ], [ -48.918495142999973, -1.086317915999926 ], [ -48.919462491999987, -1.082742444000031 ], [ -48.922021272999956, -1.079017387000016 ], [ -48.920851081999949, -1.074367260000022 ], [ -48.923406410999988, -1.072155517999986 ], [ -48.923825396000019, -1.068705202999967 ], [ -48.921268277, -1.066556140999966 ], [ -48.920019876, -1.060781704000027 ], [ -48.916689230999943, -1.059136763 ], [ -48.916660458999957, -1.054738998 ], [ -48.914042285999955, -1.051437788999978 ], [ -48.916684986999947, -1.045137385999952 ], [ -48.920853188999942, -1.045008121 ], [ -48.923607548999932, -1.042426352 ], [ -48.928104450999953, -1.040137427999968 ], [ -48.931157337999949, -1.040763910999933 ], [ -48.934239702, -1.039812194999969 ], [ -48.936744939999976, -1.041303494 ], [ -48.94237758, -1.041771982999942 ], [ -48.945828296999956, -1.040831646999942 ], [ -48.951350252999966, -1.04366017400003 ], [ -48.957797017999937, -1.040679683999981 ], [ -48.966630012999985, -1.033765216999951 ], [ -48.967235553, -1.030930230999951 ], [ -48.966491759999919, -1.025119330999926 ], [ -48.966463351999963, -1.024900374000017 ], [ -48.966945642, -1.022127977999956 ], [ -48.966962007999925, -1.022005246999926 ], [ -48.967015531999913, -1.02186610399996 ], [ -48.967036941999908, -1.021748366999988 ], [ -48.967079761999983, -1.021652037000012 ], [ -48.967154697999966, -1.021555706999946 ], [ -48.967208222999957, -1.021459376999969 ], [ -48.967218927999951, -1.021411211999981 ], [ -48.967229632999953, -1.021363047 ], [ -48.967229632999953, -1.021245309999932 ], [ -48.96724033699995, -1.021106166999965 ], [ -48.967240335999946, -1.020967023 ], [ -48.967240335999946, -1.020849287000027 ], [ -48.967240335999946, -1.020742252999964 ], [ -48.967240335999946, -1.020613813 ], [ -48.967208219999954, -1.02047466999994 ], [ -48.967165398999967, -1.020346229999971 ], [ -48.967101166999981, -1.020217791 ], [ -48.967036935999907, -1.020089351000033 ], [ -48.966972704999918, -1.020003724999965 ], [ -48.966897768999935, -1.019896692 ], [ -48.966790716999959, -1.019853878999912 ], [ -48.966726486999974, -1.019736142999941 ], [ -48.96671578199998, -1.019629109999967 ], [ -48.966694371999985, -1.019580944999978 ], [ -48.966672962, -1.01953278 ], [ -48.966523089999932, -1.019447155000011 ], [ -48.966426743999953, -1.019382935999937 ], [ -48.966341103999973, -1.019265198999966 ], [ -48.966319693999978, -1.019168868999989 ], [ -48.966201939, -1.01910465 ], [ -48.96614841300002, -1.01908324400001 ], [ -48.966105593999941, -1.01902670499995 ], [ -48.966062773999951, -1.018970165999979 ], [ -48.966052067999954, -1.018831022000013 ], [ -48.966019950999957, -1.01872398899995 ], [ -48.965966424999969, -1.018606251999978 ], [ -48.965891488999986, -1.018499217999915 ], [ -48.965859372999908, -1.018392184999941 ], [ -48.965848668, -1.018285151999967 ], [ -48.965816552, -1.018167415 ], [ -48.965730911000023, -1.018049678999935 ], [ -48.965655975999951, -1.017910536999969 ], [ -48.965639917999958, -1.017867722999979 ], [ -48.965623859999958, -1.017824909999989 ], [ -48.965591744999969, -1.01769647100002 ], [ -48.965538219999978, -1.01757873599996 ], [ -48.965538219999978, -1.017519867999974 ], [ -48.965538218999981, -1.017461 ], [ -48.965516808999986, -1.017353968000014 ], [ -48.965506103999985, -1.017204121999962 ], [ -48.965463284, -1.01712919999998 ], [ -48.965420464, -1.017032871 ], [ -48.965409758999918, -1.016904431999945 ], [ -48.965409758999918, -1.016797399999971 ], [ -48.96536693900002, -1.016679664 ], [ -48.965345528999933, -1.016551224999942 ], [ -48.965345528999933, -1.016516834000027 ], [ -48.965345528999933, -1.016444192999968 ], [ -48.965334824999935, -1.016315754 ], [ -48.965366939999932, -1.016198017999939 ], [ -48.965366939999932, -1.016080281999967 ], [ -48.965366939999932, -1.015930436 ], [ -48.965377644999926, -1.015812700000032 ], [ -48.96545258, -1.01573777600005 ], [ -48.965548925999975, -1.015620038999989 ], [ -48.965559630999977, -1.015598632 ], [ -48.965495400999899, -1.015416676000038 ], [ -48.965452582, -1.015309642999975 ], [ -48.965484697, -1.015191905 ], [ -48.965527517999895, -1.01508487099994 ], [ -48.965581043999968, -1.014977835999966 ], [ -48.965613158999965, -1.014881504999989 ], [ -48.965623864999962, -1.014742360000023 ], [ -48.96563457099996, -1.014646027999957 ], [ -48.965645276999958, -1.014528289999985 ], [ -48.965666687999949, -1.014399846999927 ], [ -48.965688098999948, -1.01430351499995 ], [ -48.965709510999943, -1.014185774999978 ], [ -48.965720216999941, -1.01405733199992 ], [ -48.965741627999932, -1.013950295000035 ], [ -48.965784449999923, -1.013832553999974 ], [ -48.965805862000011, -1.013725517 ], [ -48.965813212999905, -1.013589185 ], [ -48.965821706999989, -1.013495765 ], [ -48.965821705999986, -1.013447223999977 ], [ -48.965821705999986, -1.013376865999929 ], [ -48.965821704999897, -1.013291938 ], [ -48.965821703999985, -1.013207011 ], [ -48.96583869199997, -1.013113591 ], [ -48.965864173999947, -1.013028663999984 ], [ -48.96586417299995, -1.012935243999982 ], [ -48.965855677999954, -1.012850316999971 ], [ -48.965855677999954, -1.012748403999977 ], [ -48.965855676999958, -1.012629506 ], [ -48.965847182999966, -1.012570056999964 ], [ -48.965804712, -1.012459651999977 ], [ -48.965787722999927, -1.012349247 ], [ -48.965753746999958, -1.012255826999988 ], [ -48.965711276, -1.012170900999978 ], [ -48.965699835999942, -1.012128957999971 ], [ -48.965688394999972, -1.012087015999965 ], [ -48.965685793999931, -1.012077480999976 ], [ -48.965634828999981, -1.012001046999957 ], [ -48.965575370999943, -1.01193310600002 ], [ -48.965464947999955, -1.011873656999986 ], [ -48.965388501999939, -1.011831194000026 ], [ -48.965312055999917, -1.011763253 ], [ -48.965278079999948, -1.011712296999958 ], [ -48.965184644999944, -1.011652847999924 ], [ -48.965108199000014, -1.011601892999971 ], [ -48.965048740999983, -1.011491487999985 ], [ -48.96497229499996, -1.011406560999975 ], [ -48.964912837000014, -1.011355605999933 ], [ -48.964836390999906, -1.011287664 ], [ -48.964751450999984, -1.011211229999978 ], [ -48.96468349899996, -1.011143288999952 ], [ -48.964607052999938, -1.011092333 ], [ -48.964556088999984, -1.011032883999965 ], [ -48.96449663199995, -1.010964943000028 ], [ -48.964326752000019, -1.010897002 ], [ -48.964284281999966, -1.010803582 ], [ -48.964241811999919, -1.010735639999973 ], [ -48.964182353999973, -1.010659205999955 ], [ -48.964144130999919, -1.010650712999963 ], [ -48.964105907999951, -1.010642219999971 ], [ -48.963995485999966, -1.010642219999971 ], [ -48.963919038999947, -1.010616742 ], [ -48.963842593000017, -1.010540307999976 ], [ -48.963808616999955, -1.010446886999974 ], [ -48.963740664999932, -1.010378944999948 ], [ -48.963647229999928, -1.010336480999987 ], [ -48.963587771999983, -1.010277032000042 ], [ -48.963553794999925, -1.010183610999951 ], [ -48.963511324999963, -1.010098683000029 ], [ -48.963443371999936, -1.010081697000045 ], [ -48.963332948999948, -1.010030739 ], [ -48.963170971999958, -1.009937371 ], [ -48.963306084999942, -1.009701908999974 ], [ -48.96476853599998, -1.007153280999953 ], [ -48.964988531999971, -1.006650935999955 ], [ -48.967769048, -1.000334708999953 ], [ -48.96982127699998, -0.997283891999947 ], [ -48.968273225999965, -0.994336561999978 ], [ -48.965795377999939, -0.992501306 ], [ -48.964462857999912, -0.988418336999954 ], [ -48.960412233999961, -0.987494198999963 ], [ -48.957935375999924, -0.98499505300004 ], [ -48.960876028999962, -0.983188773999979 ], [ -48.961797764999936, -0.980244337999983 ], [ -48.964271203999949, -0.978438222000024 ], [ -48.966547088999967, -0.975954337999942 ], [ -48.968134652999957, -0.972325294999967 ], [ -48.97107255699995, -0.972339592 ], [ -48.973990141999941, -0.973937606999966 ], [ -48.975547017999972, -0.978256970999949 ], [ -48.977545811999974, -0.981439201 ], [ -48.980493732999904, -0.980767066999979 ], [ -48.983209395999978, -0.979195481999975 ], [ -48.986355639999978, -0.978074075999915 ], [ -48.987716671999969, -0.975128365 ], [ -48.990431428999969, -0.973547723000037 ], [ -48.993574527999968, -0.975148813 ], [ -48.995600073999967, -0.977881594999976 ], [ -48.998549550999932, -0.976758955 ], [ -49.001685118999937, -0.97677263999997 ], [ -49.005072930999937, -0.976327225999976 ], [ -49.005293921999922, -0.972694122999931 ], [ -49.007130075999967, -0.970437318999986 ], [ -49.010043352999965, -0.96886499700001 ], [ -49.013214296999962, -0.968644442999969 ], [ -49.017522710000016, -0.965939859999922 ], [ -49.019996959000011, -0.964139802000021 ], [ -49.023377410999935, -0.962560885999943 ], [ -49.02654296799993, -0.959851839999972 ], [ -49.029716099000019, -0.958731165999973 ], [ -49.033098154999983, -0.956023284 ], [ -49.035573020999941, -0.953764544 ], [ -49.040097191, -0.949013944999946 ], [ -49.039906320999926, -0.944247523999922 ], [ -49.039238856999944, -0.94039041 ], [ -49.039018408999908, -0.937443919 ], [ -49.040604123000016, -0.934273842 ], [ -49.041768825999931, -0.930194973000011 ], [ -49.042215337999927, -0.926340325999933 ], [ -49.043574861999971, -0.923618575999976 ], [ -49.044712849999982, -0.919314386 ], [ -49.044962569999946, -0.914782805999961 ], [ -49.047935179999968, -0.908443092999969 ], [ -49.04860377599995, -0.904362550000029 ], [ -49.049517283999954, -0.901192329 ], [ -49.047745265999971, -0.89609935799996 ], [ -49.054043720000017, -0.895080755999969 ], [ -49.05632845599996, -0.893045793 ], [ -49.058793463, -0.891238108 ], [ -49.062636577, -0.893523715000013 ], [ -49.066247038999954, -0.893762839 ], [ -49.066683714999932, -0.890366621999918 ], [ -49.070517872, -0.891288995999941 ], [ -49.073687801999917, -0.891754569 ], [ -49.076824507000012, -0.890857751999965 ], [ -49.081129162999936, -0.889962485999964 ], [ -49.084713867999973, -0.889976286999952 ], [ -49.085633563999949, -0.886804971000013 ], [ -49.091574618, -0.885623495999956 ], [ -49.09038380399997, -0.882514223 ], [ -49.093548029999944, -0.881165939 ], [ -49.093552175999932, -0.877997867999971 ], [ -49.095154021999953, -0.875275206000028 ], [ -49.101247966999949, -0.87393971599993 ], [ -49.104382275999932, -0.87485478399997 ], [ -49.107099924, -0.872145233999957 ], [ -49.110496802999947, -0.870798958000032 ], [ -49.110267603999986, -0.867391720999935 ], [ -49.113216445, -0.865819563999972 ], [ -49.116606383, -0.863562239999984 ], [ -49.119323941999959, -0.860168665999952 ], [ -49.121797180999955, -0.858135386999939 ], [ -49.124744848999953, -0.857463337999933 ], [ -49.128577538999906, -0.853170015999973 ], [ -49.130162740999971, -0.850000173999979 ], [ -49.132878227999939, -0.848191495999986 ], [ -49.134463400999913, -0.845021619999988 ], [ -49.136272310000017, -0.84253684600001 ], [ -49.1396587629999, -0.842998844999956 ], [ -49.142823986999957, -0.840741014000015 ], [ -49.147826930999926, -0.827835121000033 ], [ -49.150101136999979, -0.825350815 ], [ -49.149441339, -0.821942869999939 ], [ -49.149885114999954, -0.81899674399998 ], [ -49.153047316999938, -0.81991071499993 ], [ -49.155966508999981, -0.819697986 ], [ -49.157104207999964, -0.822420780999957 ], [ -49.16115664199998, -0.822669014999979 ], [ -49.16430153699995, -0.821545511000012 ], [ -49.171247673000025, -0.821112368999968 ], [ -49.174910282000027, -0.82203598 ], [ -49.177820109, -0.823634555000021 ], [ -49.179163886999987, -0.826818181 ], [ -49.181663653999962, -0.825009884999952 ], [ -49.185491144000011, -0.824797347999953 ], [ -49.187516017999954, -0.82117799499998 ], [ -49.190464419, -0.819829789999984 ], [ -49.189327866999939, -0.81687167000001 ], [ -49.187775957999968, -0.814149169 ], [ -49.189823124999975, -0.807572144 ], [ -49.187356511999987, -0.804162788999987 ], [ -49.18579701299992, -0.800979818999972 ], [ -49.1878234449999, -0.796674602999916 ], [ -49.190323371999973, -0.794639971999969 ], [ -49.19168728199994, -0.788297278 ], [ -49.191708631000019, -0.785349553 ], [ -49.188357155999917, -0.777848831999952 ], [ -49.186106031999905, -0.774438035 ], [ -49.186128600999908, -0.770356663 ], [ -49.188376491, -0.76787107099995 ], [ -49.187960611999969, -0.763779279999968 ], [ -49.186157212999966, -0.760830430999961 ], [ -49.187077848999934, -0.75697444899995 ], [ -49.186883955999967, -0.753567808 ], [ -49.188020066, -0.750621332 ], [ -49.190266973999925, -0.748136567000026 ], [ -49.190522222, -0.744739415999964 ], [ -49.1918843569999, -0.74043327800001 ], [ -49.190988491999939, -0.737252052999962 ], [ -49.190483406999896, -0.73616117400003 ], [ -49.190607899999982, -0.735550465999948 ], [ -49.19052019, -0.734088631999965 ], [ -49.189862363999936, -0.731574275999938 ], [ -49.191280343999928, -0.728475187000024 ], [ -49.192230655999957, -0.727556802999976 ], [ -49.192011260999919, -0.726794077000017 ], [ -49.191558092, -0.726223961 ], [ -49.190637136, -0.725595371999956 ], [ -49.189701561999954, -0.725156822 ], [ -49.188926789999975, -0.724615943 ], [ -49.188166635999963, -0.723826552999975 ], [ -49.188005833999981, -0.722978687999989 ], [ -49.188385910999983, -0.722350100000027 ], [ -49.188926789999975, -0.721853075999936 ], [ -49.190300913999984, -0.721092922000013 ], [ -49.191865076999903, -0.719748034000025 ], [ -49.192172062999902, -0.719104827 ], [ -49.192025878999978, -0.718476237999957 ], [ -49.191061068, -0.717920741 ], [ -49.189935455999944, -0.717496809 ], [ -49.189029117999915, -0.717599137000038 ], [ -49.188225109, -0.718198488999979 ], [ -49.187114115, -0.719441048999938 ], [ -49.185301439999947, -0.720917501999976 ], [ -49.184190445999953, -0.721589945999925 ], [ -49.182509335999946, -0.722350100000027 ], [ -49.181807654999972, -0.722423190999946 ], [ -49.181135210999933, -0.722116205999948 ], [ -49.180711278999944, -0.721546090999938 ], [ -49.181851509999959, -0.717189823000011 ], [ -49.180896447999984, -0.716762143999974 ], [ -49.180956554999987, -0.717513477999967 ], [ -49.180934593999943, -0.71781778900001 ], [ -49.18086939199997, -0.718352619000031 ], [ -49.180709593999978, -0.718730324000019 ], [ -49.18057257000001, -0.718798836 ], [ -49.180389997, -0.718890123 ], [ -49.180199883999904, -0.718880617000019 ], [ -49.180009598999973, -0.718505474999978 ], [ -49.179651448999913, -0.718242343999966 ], [ -49.179183661999936, -0.717993831999921 ], [ -49.178747087999959, -0.717980400999965 ], [ -49.177992266999944, -0.718249652999949 ], [ -49.177553715999984, -0.719046352999966 ], [ -49.177473316, -0.719455667 ], [ -49.177305204999939, -0.720325459000017 ], [ -49.177319822999905, -0.721027138999988 ], [ -49.177232112999931, -0.721714202 ], [ -49.177005527999924, -0.722839813999956 ], [ -49.176610832999955, -0.723417238999948 ], [ -49.176040717999946, -0.723702297 ], [ -49.175434055999929, -0.723716914999963 ], [ -49.175024742999902, -0.723475712 ], [ -49.174615428999964, -0.722905596999981 ], [ -49.173935675999942, -0.721626490999929 ], [ -49.173760256, -0.720968666000035 ], [ -49.173751424999978, -0.720649839000034 ], [ -49.17377487399996, -0.72028160400003 ], [ -49.173833347, -0.719748034000025 ], [ -49.173994779999951, -0.719013764000023 ], [ -49.17400876799995, -0.718680895000015 ], [ -49.174001457999971, -0.718205797999962 ], [ -49.173972221999946, -0.717613755 ], [ -49.173687163999986, -0.717094803999965 ], [ -49.173365560000022, -0.71674396399998 ], [ -49.172795444999927, -0.716700109 ], [ -49.171962199, -0.71710942200002 ], [ -49.171004696999908, -0.717854957999977 ], [ -49.170509964999916, -0.718399883999945 ], [ -49.169819536999988, -0.719260773000032 ], [ -49.169117425999985, -0.719770959999968 ], [ -49.168233480999945, -0.720114715999989 ], [ -49.167171254999985, -0.720790526000039 ], [ -49.165592154999977, -0.720527343000024 ], [ -49.164111748999971, -0.719474609999962 ], [ -49.162713588000017, -0.717879061000017 ], [ -49.161290805999975, -0.715537949999936 ], [ -49.158581556999899, -0.713050505 ], [ -49.153630792999898, -0.705539001000046 ], [ -49.148192767999909, -0.691914702999954 ], [ -49.145970779, -0.683611481999948 ], [ -49.144450470999978, -0.677179409999953 ], [ -49.142871689999907, -0.671624437999965 ], [ -49.141659446999974, -0.667879541 ], [ -49.140100279999928, -0.663787864000023 ], [ -49.13944169599997, -0.659253743000034 ], [ -49.137660564999948, -0.654249965 ], [ -49.136991013999975, -0.646085309 ], [ -49.137024547999907, -0.641990722999966 ], [ -49.139325704999969, -0.629072836999969 ], [ -49.139544037999912, -0.626127319999972 ], [ -49.140912202999964, -0.622280852999948 ], [ -49.143412424999973, -0.61729910499996 ], [ -49.144764652999946, -0.614126617000013 ], [ -49.147491193999947, -0.609147716 ], [ -49.151357012999974, -0.605978347999949 ], [ -49.155410655, -0.603729160999924 ], [ -49.160604706999962, -0.603068759 ], [ -49.164656840999953, -0.601493568999958 ], [ -49.167604676999964, -0.600143568 ], [ -49.168495745999969, -0.597197607999957 ], [ -49.173016894999954, -0.594489120999944 ], [ -49.171214642999956, -0.591531769000033 ], [ -49.174380129999946, -0.588822956 ], [ -49.177544586999943, -0.585202142999988 ], [ -49.18071696999997, -0.583852231000028 ], [ -49.184104440999938, -0.582051905000016 ], [ -49.186380557999975, -0.578207659 ], [ -49.18729846999998, -0.575261607999957 ], [ -49.187742792999977, -0.571404066 ], [ -49.18957880100001, -0.568457866000029 ], [ -49.19226628399997, -0.564612079999973 ], [ -49.19229729499996, -0.56075596399995 ], [ -49.193217311999966, -0.556223789999946 ], [ -49.192995104999966, -0.553275852000015 ], [ -49.193903919000022, -0.550329730999968 ], [ -49.196853244999978, -0.54807013999997 ], [ -49.197325075999942, -0.544438744999978 ], [ -49.199579948, -0.542177662999945 ], [ -49.20251846699994, -0.541053508000013 ], [ -49.204550531999942, -0.538793121000039 ], [ -49.206798353999943, -0.535172080999926 ], [ -49.205462811999929, -0.532448523 ], [ -49.206156993, -0.529277754000015 ], [ -49.205046196999923, -0.526320973999974 ], [ -49.204382940999935, -0.523139247999973 ], [ -49.206631226999974, -0.51997776799996 ], [ -49.205295075, -0.51679462999993 ], [ -49.208021264999964, -0.50999264099997 ], [ -49.204185300999924, -0.509980764999964 ], [ -49.192045573, -0.50426543000003 ], [ -49.186671853999918, -0.499039164999973 ], [ -49.180377958999983, -0.490387892999946 ], [ -49.177913070999963, -0.483813059999951 ], [ -49.171630264999976, -0.474476263999959 ], [ -49.169159427999908, -0.472427128999966 ], [ -49.166241638999985, -0.47105625799996 ], [ -49.16082366699996, -0.472396082999973 ], [ -49.157882647999983, -0.476016581999952 ], [ -49.153800576, -0.482356740999981 ], [ -49.150186636999948, -0.485968560999952 ], [ -49.144767314, -0.489127572000028 ], [ -49.140714047, -0.490242909000029 ], [ -49.137794575999933, -0.490004694999948 ], [ -49.129462789999963, -0.485673375999953 ], [ -49.127883484999941, -0.483168099999967 ], [ -49.124740464999945, -0.480210271000017 ], [ -49.118906003999925, -0.473384019 ], [ -49.11576547099996, -0.466791332999952 ], [ -49.113328307999922, -0.458845778999963 ], [ -49.11132686599997, -0.454752648999959 ], [ -49.109964864999895, -0.450895152 ], [ -49.106188402999983, -0.443846294999952 ], [ -49.103235238999972, -0.440197749999962 ], [ -49.097185753999923, -0.436102094000015 ], [ -49.093130327000019, -0.435178576999986 ], [ -49.089518252999937, -0.436301620999915 ], [ -49.086131670999954, -0.438786264999971 ], [ -49.083882829999958, -0.441956421 ], [ -49.081823976999956, -0.444442799000013 ], [ -49.081157241999946, -0.447388720999955 ], [ -49.079546181999966, -0.450559253999918 ], [ -49.077514988999944, -0.453270863000013 ], [ -49.074124303999973, -0.455073296000021 ], [ -49.069185636, -0.455742069999934 ], [ -49.066014483999894, -0.45572187399995 ], [ -49.062188893, -0.455034484 ], [ -49.058829110000012, -0.453662660000012 ], [ -49.055211529, -0.450921160999931 ], [ -49.047354674999987, -0.445455848999989 ], [ -49.034417557, -0.433290393999988 ], [ -49.023769316999939, -0.42381529700001 ], [ -49.020627001, -0.42085816699994 ], [ -49.012763992, -0.416304307 ], [ -49.009159812999954, -0.414922696 ], [ -49.005548014999896, -0.414227599999952 ], [ -49.002160558999925, -0.415350711999976 ], [ -49.000353031999943, -0.418294671000021 ], [ -49.000770760999956, -0.42532301199997 ], [ -49.002320616999938, -0.431910655999959 ], [ -49.004348037999911, -0.436227421 ], [ -49.00749027800002, -0.44054496 ], [ -49.00656987299989, -0.44531115 ] ] ] ] } },
{ "type": "Feature", "properties": { "CD_MUN": "1502509", "NM_MUN": "Chaves", "SIGLA": "PA", "AREA_KM2": 12534.995 }, "geometry": { "type": "MultiPolygon", "coordinates": [ [ [ [ -49.131041317000012, -0.160936075999976 ], [ -49.135313847999939, -0.161459555999945 ], [ -49.139864483999958, -0.160388046000017 ], [ -49.139865219999933, -0.160120829999935 ], [ -49.143351668, -0.159053154999969 ], [ -49.143625256999911, -0.156913704999964 ], [ -49.146842002999968, -0.154504095999988 ], [ -49.151680156999973, -0.15156143399996 ], [ -49.154090853999953, -0.148881431 ], [ -49.154358768999913, -0.14646969900002 ], [ -49.153021040999896, -0.144862041999962 ], [ -49.152755811999981, -0.142986168 ], [ -49.152486066999955, -0.141646209999982 ], [ -49.1514079, -0.140574634999959 ], [ -49.151138403999916, -0.137895348999963 ], [ -49.151138394, -0.135751832999977 ], [ -49.149791295999918, -0.135217555999914 ], [ -49.146038711999935, -0.135218202999967 ], [ -49.143891909999944, -0.136022747000011 ], [ -49.141742364, -0.137631084999947 ], [ -49.139862727, -0.138970742000035 ], [ -49.131288132999913, -0.140310680999969 ], [ -49.128349596999961, -0.140845293999972 ], [ -49.126479032, -0.142183583999946 ], [ -49.125141796000023, -0.143522431999967 ], [ -49.124338882999936, -0.144593630999958 ], [ -49.122735048999928, -0.14513003100002 ], [ -49.121930360999961, -0.147004575999956 ], [ -49.122195746999985, -0.149948537 ], [ -49.122729641999925, -0.151553374 ], [ -49.121658866999972, -0.152088833999988 ], [ -49.120857050999973, -0.152893839999981 ], [ -49.120590848999974, -0.15369962599995 ], [ -49.120857139999984, -0.155035903999936 ], [ -49.121660499999926, -0.156910212999941 ], [ -49.124073109999976, -0.159324414000031 ], [ -49.127020888999979, -0.160397836000028 ], [ -49.131041317000012, -0.160936075999976 ] ] ], [ [ [ -49.502100650999935, 0.11813489600013 ], [ -49.501523733977599, 0.117325600423355 ], [ -49.502367344999975, 0.117384731000056 ], [ -49.505056209999964, 0.119357676000051 ], [ -49.506584480999933, 0.121659515 ], [ -49.507397054999934, 0.124058123000035 ], [ -49.507011086346807, 0.126051818697812 ], [ -49.502100650999935, 0.11813489600013 ] ] ], [ [ [ -49.626296583999903, 0.190127465999987 ], [ -49.620104625999971, 0.186485956000046 ], [ -49.615367701, 0.1846647 ], [ -49.608446515999937, 0.182479991999971 ], [ -49.606624653, 0.181387288999977 ], [ -49.602707122999966, 0.175968793 ], [ -49.60236418800001, 0.169467571999968 ], [ -49.605950484999916, 0.163008508000049 ], [ -49.610310742, 0.15973950400002 ], [ -49.615401756999965, 0.152820348000047 ], [ -49.621848460999928, 0.151727523000043 ], [ -49.631630119999954, 0.149211436999961 ], [ -49.639251077, 0.148866572000026 ], [ -49.653457233, 0.145035482000031 ], [ -49.664853857, 0.147555202999969 ], [ -49.672047976999977, 0.151462837 ], [ -49.677453141999912, 0.155723929000038 ], [ -49.678496621999919, 0.163132008000053 ], [ -49.675622643999979, 0.170298481999973 ], [ -49.672076384999926, 0.17392146899998 ], [ -49.660682676999919, 0.187259949000049 ], [ -49.656262739999967, 0.189161606 ], [ -49.651850539999941, 0.190003081 ], [ -49.64706055100001, 0.189396584 ], [ -49.642334081999913, 0.192314035999983 ], [ -49.639420604999906, 0.192679263 ], [ -49.636866273999942, 0.193406842000075 ], [ -49.634680403999916, 0.194135831 ], [ -49.632858081999949, 0.194500044000021 ], [ -49.63139534899998, 0.193768765000089 ], [ -49.626296583999903, 0.190127465999987 ] ] ], [ [ [ -49.563405264, 0.186656044000086 ], [ -49.568349552, 0.181005458 ], [ -49.574000167, 0.180299135 ], [ -49.5835355789999, 0.182771266 ], [ -49.592011501999899, 0.182418105 ], [ -49.602606404999982, 0.184890236 ], [ -49.607903855999979, 0.191953466 ], [ -49.601900077999979, 0.194425596 ], [ -49.591305174999988, 0.196897725999987 ], [ -49.578591291, 0.201841984000071 ], [ -49.564817918, 0.206079918000066 ], [ -49.564182060223878, 0.206102627050173 ], [ -49.562297609000012, 0.202975442000062 ], [ -49.557777014674564, 0.197919933602639 ], [ -49.55987363, 0.194425596 ], [ -49.563405264, 0.186656044000086 ] ] ], [ [ [ -49.618080171999978, 0.199240556000033 ], [ -49.626097386999945, 0.198798877 ], [ -49.632109469999918, 0.201028446000082 ], [ -49.633777890999937, 0.205037575000064 ], [ -49.631882303999951, 0.21026977600008 ], [ -49.6257544119999, 0.217726607999955 ], [ -49.613834002000011, 0.232083878000031 ], [ -49.602138099999955, 0.24276792900003 ], [ -49.588730144644998, 0.247289204871324 ], [ -49.582635361999934, 0.234632517000053 ], [ -49.573881635950755, 0.221892504183083 ], [ -49.576318112999935, 0.21970684400002 ], [ -49.584336724999929, 0.21592494500001 ], [ -49.591908762999921, 0.21381309599998 ], [ -49.599258201999973, 0.211144563000074 ], [ -49.607499245999982, 0.206695105999986 ], [ -49.612400050999938, 0.202689355000016 ], [ -49.618080171999978, 0.199240556000033 ] ] ], [ [ [ -50.13885370399997, 0.620597434000034 ], [ -50.133489809999986, 0.619619570000038 ], [ -50.123517366999977, 0.621948582 ], [ -50.117819541999985, 0.627902305000037 ], [ -50.112510766999939, 0.633597005000039 ], [ -50.104354167999986, 0.63955001400001 ], [ -50.095421513999945, 0.64161958 ], [ -50.083952614999937, 0.640231623 ], [ -50.083723990999935, 0.640035513000123 ], [ -50.075607282999911, 0.633969827999978 ], [ -50.059448773999925, 0.616417367999942 ], [ -50.056858181999985, 0.608637396000065 ], [ -50.054748413999945, 0.605472667000138 ], [ -50.045222350999929, 0.587558666000207 ], [ -50.043662798999939, 0.581136553000059 ], [ -50.040803180999944, 0.573537085000106 ], [ -50.038524931, 0.553634753000063 ], [ -50.036413308999904, 0.540698514000235 ], [ -50.036045601049061, 0.535690247797858 ], [ -50.036412975999966, 0.534178400999972 ], [ -50.044904812999945, 0.521797858000026 ], [ -50.055519051999937, 0.507117903999985 ], [ -50.061003385999946, 0.496151158000044 ], [ -50.065426408999976, 0.487483173999967 ], [ -50.070777677999985, 0.477469052000066 ], [ -50.077434392, 0.463443328999977 ], [ -50.088224843999924, 0.453015423000034 ], [ -50.105666389999932, 0.440072124999977 ], [ -50.120050044999971, 0.430005655 ], [ -50.141123185999987, 0.419459892 ], [ -50.155962863999925, 0.409261680000048 ], [ -50.172737632999919, 0.397642979000077 ], [ -50.176408994999932, 0.387202694 ], [ -50.177634939999933, 0.375581398999989 ], [ -50.176991058999953, 0.363421971000042 ], [ -50.175938945999938, 0.355136594 ], [ -50.175940583999896, 0.354335006000026 ], [ -50.174617611999949, 0.347919574999986 ], [ -50.169449782999926, 0.342120843 ], [ -50.167818884999988, 0.340290841000011 ], [ -50.154599986999955, 0.336523588999968 ], [ -50.142583945999974, 0.333025632 ], [ -50.141248608999973, 0.332755708999963 ], [ -50.131692944999905, 0.330663438000043 ], [ -50.11991752700002, 0.336190925999977 ], [ -50.108298890999968, 0.341670749000054 ], [ -50.101625036999948, 0.343394390000027 ], [ -50.098444557999962, 0.34446331 ], [ -50.088873444999948, 0.341072717999955 ], [ -50.080759312999952, 0.339339095000044 ], [ -50.070044082999949, 0.337743611000016 ], [ -50.060047481, 0.336745395000024 ], [ -50.051384280999955, 0.336746443000022 ], [ -50.050615399198172, 0.33702612192795 ], [ -50.044722497999956, 0.337163163000129 ], [ -50.028058051999942, 0.335805765000083 ], [ -50.015025149999936, 0.333269831000047 ], [ -50.001247853999971, 0.329922617000209 ], [ -49.990413671999896, 0.326121994000248 ], [ -49.984826286999983, 0.323227488000031 ], [ -49.978161126999971, 0.324311909000139 ], [ -49.974058362999969, 0.322230859000081 ], [ -49.972639374999979, 0.318974513000123 ], [ -49.967248742999914, 0.320602527 ], [ -49.962997194999943, 0.324490775000195 ], [ -49.958109331999907, 0.33127540400014 ], [ -49.954722010999951, 0.330549622000129 ], [ -49.951605537999932, 0.326479851000103 ], [ -49.946163728999977, 0.321232843000017 ], [ -49.942661057999892, 0.321414571000043 ], [ -49.939445812999956, 0.319423273000039 ], [ -49.935691246, 0.318246361000094 ], [ -49.932169251999902, 0.321863222000127 ], [ -49.930457616999945, 0.320382220000068 ], [ -49.92788477299996, 0.318154863000162 ], [ -49.920915199999989, 0.314356182000184 ], [ -49.916163761999961, 0.31245456500014 ], [ -49.910325337999971, 0.310555253000198 ], [ -49.90647114599993, 0.311459416000135 ], [ -49.903336142999883, 0.311005361999959 ], [ -49.885437200999959, 0.319325909999977 ], [ -49.877972838999902, 0.321858489 ], [ -49.868967799999915, 0.326650824000128 ], [ -49.865663582, 0.32701296700016 ], [ -49.862050564999926, 0.329003096000067 ], [ -49.851081862999912, 0.333433610000187 ], [ -49.847745968999945, 0.334338694000111 ], [ -49.845140227999906, 0.335694171000087 ], [ -49.841528947999976, 0.339856170000106 ], [ -49.83786382299995, 0.339673286000073 ], [ -49.835188483999922, 0.335694426000019 ], [ -49.833501711999979, 0.330719332000138 ], [ -49.828051531999961, 0.326375874000115 ], [ -49.824554807999917, 0.327370180000139 ], [ -49.821301974999983, 0.329451438000214 ], [ -49.818776518999925, 0.332163451999987 ], [ -49.814303886999966, 0.333881566000125 ], [ -49.812194985, 0.333547282 ], [ -49.81168828499991, 0.332850727 ], [ -49.807786681999943, 0.332050425999961 ], [ -49.80215960799994, 0.33322598100006 ], [ -49.796268266, 0.334872181000021 ], [ -49.794179312, 0.335864228000036 ], [ -49.792384156999979, 0.334782204000215 ], [ -49.786633261999945, 0.336320197000015 ], [ -49.783058202999904, 0.335597115000228 ], [ -49.780524628999977, 0.338310766000136 ], [ -49.774743185128067, 0.343356833074724 ], [ -49.772316444276328, 0.345002107812684 ], [ -49.768969114999905, 0.345001389000119 ], [ -49.763161360999959, 0.349071726000014 ], [ -49.759830124999937, 0.347533404000098 ], [ -49.757721744999927, 0.343464057000107 ], [ -49.752719782999954, 0.337401207000108 ], [ -49.753908744999919, 0.33215549900004 ], [ -49.751160848000019, 0.329803122000181 ], [ -49.746498496999898, 0.329802925000076 ], [ -49.739439824999927, 0.322384782000116 ], [ -49.73898519899997, 0.322550533000063 ], [ -49.734967242999971, 0.324013457000136 ], [ -49.733690466999931, 0.326726599000091 ], [ -49.735108488999934, 0.329891820000059 ], [ -49.742165883999974, 0.335954489000132 ], [ -49.74572107299997, 0.341019139999963 ], [ -49.744138412999938, 0.34662624900009 ], [ -49.74216077499991, 0.349520343 ], [ -49.73432593499993, 0.352504619000102 ], [ -49.734443584999894, 0.348614968000236 ], [ -49.730051501999938, 0.34888622800012 ], [ -49.723994519999977, 0.355668937000262 ], [ -49.720139635999971, 0.355938595000191 ], [ -49.713691965999928, 0.354672120000119 ], [ -49.711883382999943, 0.357114334000217 ], [ -49.708639292999933, 0.359465676000257 ], [ -49.697580050999889, 0.361001645000067 ], [ -49.695081905999956, 0.362629125000256 ], [ -49.692027389999915, 0.362991995000259 ], [ -49.68230583299988, 0.36624552000025 ], [ -49.677634611, 0.365973623000047 ], [ -49.671662487999967, 0.36217422800001 ], [ -49.667829070999957, 0.356926751000062 ], [ -49.666213586999959, 0.353671480000104 ], [ -49.660411825999979, 0.352403575000091 ], [ -49.663576091999957, 0.347792492000041 ], [ -49.666990225999825, 0.344807385000054 ], [ -49.662444163999915, 0.343900829000185 ], [ -49.660000439999962, 0.346433679999967 ], [ -49.657222858999916, 0.348242243000216 ], [ -49.654411509999917, 0.349238289000029 ], [ -49.650576947999987, 0.346340967000112 ], [ -49.650075606999984, 0.342543440999963 ], [ -49.646742498999984, 0.34317675400005 ], [ -49.642359198999948, 0.341909597999921 ], [ -49.633884061999929, 0.332411347000248 ], [ -49.634549357999909, 0.329154567000076 ], [ -49.62847050100001, 0.324631520000027 ], [ -49.624823997999918, 0.320832769000132 ], [ -49.621799657999972, 0.315766498000167 ], [ -49.618575402999916, 0.313957188000211 ], [ -49.615719981999916, 0.313053369000125 ], [ -49.612963594999933, 0.307264127000026 ], [ -49.612581136999907, 0.300028642000081 ], [ -49.611252038999986, 0.296680060000041 ], [ -49.611353209999919, 0.292973174000197 ], [ -49.605777875999934, 0.282029719999963 ], [ -49.604944753000012, 0.275787826000249 ], [ -49.601526325999963, 0.266651461000231 ], [ -49.599438822301707, 0.264128523865113 ], [ -49.599672773999899, 0.264031731000012 ], [ -49.60252721699991, 0.262721694000065 ], [ -49.604505228999969, 0.26141131 ], [ -49.606934824999911, 0.25988425500004 ], [ -49.610544474999969, 0.256275033000017 ], [ -49.612349325, 0.253221181000027 ], [ -49.61533399099995, 0.250445084000015 ], [ -49.619202690999948, 0.247814197000027 ], [ -49.62363235999991, 0.245708520000063 ], [ -49.629151022, 0.243602997000023 ], [ -49.633289953999977, 0.24135227799996 ], [ -49.635250673999941, 0.236777992000023 ], [ -49.637501759999942, 0.233292884999967 ], [ -49.63959794499992, 0.229789802000022 ], [ -49.640759455999927, 0.227326024 ], [ -49.641745599999986, 0.224182489000055 ], [ -49.64267910699995, 0.22134636500005 ], [ -49.643524092999968, 0.218896491000029 ], [ -49.644449051999935, 0.216663403 ], [ -49.645575849999908, 0.215474158000015 ], [ -49.647954614, 0.213909382000042 ], [ -49.650583822999934, 0.212438460000017 ], [ -49.653750465999934, 0.210600345999987 ], [ -49.657113788999951, 0.207952086999983 ], [ -49.660687387999957, 0.205976369000025 ], [ -49.66396682699996, 0.204378906000011 ], [ -49.668203386999927, 0.202009667 ], [ -49.671623706999952, 0.199394530000072 ], [ -49.673349943999966, 0.197747027 ], [ -49.673725114, 0.197388969000043 ], [ -49.676377283999983, 0.194336973000029 ], [ -49.679680088999966, 0.191384936000025 ], [ -49.682382620999931, 0.188432718 ], [ -49.685485711, 0.185530330000026 ], [ -49.688388804999946, 0.183128145000042 ], [ -49.690547067999908, 0.180619785999978 ], [ -49.692719742999913, 0.178097166999978 ], [ -49.693981430999941, 0.175364228999983 ], [ -49.695103146999941, 0.171159587999989 ], [ -49.696435221999934, 0.166954813000073 ], [ -49.698608567999898, 0.162189157000023 ], [ -49.699889199, 0.158112377000039 ], [ -49.699578384999938, 0.150505099999974 ], [ -49.695713093999956, 0.139023387000057 ], [ -49.689516008999952, 0.126758767000021 ], [ -49.682535711999982, 0.117020237 ], [ -49.674778108999917, 0.106890488000042 ], [ -49.665659051, 0.096562011000065 ], [ -49.65625948399996, 0.088625783000049 ], [ -49.650706987, 0.084444823000061 ], [ -49.647490473999966, 0.082557304000028 ], [ -49.641200986999955, 0.078866496 ], [ -49.63222757399992, 0.074893383000072 ], [ -49.623432992999938, 0.073988535000078 ], [ -49.617505963999982, 0.074358493000046 ], [ -49.614246274000017, 0.075321255000036 ], [ -49.609303261999948, 0.077266387000039 ], [ -49.607442319999983, 0.078576617 ], [ -49.603904727999932, 0.080023602 ], [ -49.601358730999955, 0.081577821999987 ], [ -49.598270119999931, 0.083257275000035 ], [ -49.594524801999924, 0.084558588000059 ], [ -49.590557294999925, 0.085789329000017 ], [ -49.586773693999952, 0.088062424999977 ], [ -49.582582824000028, 0.089664762000039 ], [ -49.580016902999908, 0.090109492000066 ], [ -49.576948058999925, 0.090735849000021 ], [ -49.57441569, 0.089863943 ], [ -49.571389339999982, 0.087262923 ], [ -49.569335698999971, 0.085391829 ], [ -49.565666621999966, 0.085031702000036 ], [ -49.563590177999934, 0.085481579999955 ], [ -49.562208993999967, 0.086260677000025 ], [ -49.559969870999971, 0.085376717999983 ], [ -49.558476670999973, 0.084718962 ], [ -49.556782752999972, 0.084781304000012 ], [ -49.553679878000011, 0.085092770000026 ], [ -49.551219086999971, 0.085083378000048 ], [ -49.548708341999976, 0.085201161000024 ], [ -49.546447109999932, 0.08468311399997 ], [ -49.544282683999903, 0.083454103000067 ], [ -49.541492608999889, 0.082527808000075 ], [ -49.538804451999958, 0.08202141 ], [ -49.535429716999978, 0.081592367000036 ], [ -49.531740971999945, 0.081158759000042 ], [ -49.526839004999985, 0.081621299000032 ], [ -49.52429540899994, 0.081402116000016 ], [ -49.521398721999986, 0.081269402999959 ], [ -49.51817375399996, 0.081601026000042 ], [ -49.515089875999969, 0.081230710000044 ], [ -49.513032906999953, 0.080983007999977 ], [ -49.511625673999959, 0.080899022000045 ], [ -49.510269347999909, 0.081096380000032 ], [ -49.508780414999904, 0.081200323000017 ], [ -49.506450188999928, 0.0818634 ], [ -49.503717521999953, 0.08246991 ], [ -49.500521654999936, 0.082266348000024 ], [ -49.497415648999983, 0.081808014000027 ], [ -49.494735324, 0.08159741 ], [ -49.49308331, 0.081750623999985 ], [ -49.491624289999976, 0.080905104000015 ], [ -49.489770485999983, 0.080717624000046 ], [ -49.487500062999978, 0.081056978000058 ], [ -49.484553208999955, 0.08104602400004 ], [ -49.481432043, 0.081179809 ], [ -49.478956136999948, 0.081063341000052 ], [ -49.476878896999942, 0.08054723200007 ], [ -49.475597423999957, 0.078972065000125 ], [ -49.463646871999977, 0.072368865000181 ], [ -49.458019605999958, 0.064953290000256 ], [ -49.45307869399997, 0.066670227000118 ], [ -49.448856248999924, 0.070288491000179 ], [ -49.444194119999914, 0.068753674000108 ], [ -49.435327803999947, 0.067755769999964 ], [ -49.431742837999892, 0.065314201 ], [ -49.42971393199997, 0.060791264000146 ], [ -49.42566243499995, 0.061696004000042 ], [ -49.418241803999962, 0.05708253500015 ], [ -49.416769805999934, 0.052559748000034 ], [ -49.409161231999938, 0.049938641999967 ], [ -49.402962936999927, 0.048399427000243 ], [ -49.396325263999969, 0.048309729000104 ], [ -49.393469544999945, 0.04776686700013 ], [ -49.391052293999955, 0.045868278000158 ], [ -49.387495249999986, 0.040984089999982 ], [ -49.383435281999887, 0.032663687000154 ], [ -49.384961740999977, 0.027599533000187 ], [ -49.389131012999883, 0.022716631000117 ], [ -49.394071844999949, 0.020094503000232 ], [ -49.398383761999938, 0.020545350000143 ], [ -49.396964541999928, 0.015753233000035 ], [ -49.392249298999964, 0.014306319000044 ], [ -49.383884151, 0.014486432000025 ], [ -49.378799707999939, 0.012406748 ], [ -49.372360624999899, 0.007974386999985 ], [ -49.369071913999925, 0.004356998000086 ], [ -49.367606771999938, -0.000345648999902 ], [ -49.35511826196921, -0.005909389588945 ], [ -49.355011510999987, -0.006307179999956 ], [ -49.354904759999947, -0.006704969999918 ], [ -49.354331269999925, -0.00958384 ], [ -49.354485183999962, -0.012658458000017 ], [ -49.355157428999981, -0.015525893999948 ], [ -49.355650384999912, -0.018421430999984 ], [ -49.356569201, -0.02135392599997 ], [ -49.357452692, -0.023933166999948 ], [ -49.358936827999962, -0.025911793999969 ], [ -49.360173603999975, -0.027113131999981 ], [ -49.362410819999987, -0.02892635 ], [ -49.363918400999935, -0.030247925 ], [ -49.365302040999936, -0.031156477999952 ], [ -49.36658242, -0.031982428 ], [ -49.367738806999938, -0.032476480000012 ], [ -49.369325708999966, -0.032620667999952 ], [ -49.370317463999953, -0.031953410999987 ], [ -49.371850243999944, -0.03213365899998 ], [ -49.373202673999934, -0.031989323999939 ], [ -49.374735426999926, -0.031790874999951 ], [ -49.376051841999953, -0.032476035999975 ], [ -49.376430581999941, -0.033557968999967 ], [ -49.376250312999943, -0.034657964000031 ], [ -49.375797425999956, -0.036134834999926 ], [ -49.376275258999968, -0.037364423999966 ], [ -49.376930593999923, -0.038333051 ], [ -49.377728385999937, -0.039244692999931 ], [ -49.378363018999956, -0.040594954 ], [ -49.378924825, -0.041898153000011 ], [ -49.380150419999964, -0.04340420200001 ], [ -49.381441554999945, -0.044189897 ], [ -49.382767333999951, -0.044976262999965 ], [ -49.383409266999955, -0.046121001 ], [ -49.384071883999979, -0.046875336999976 ], [ -49.384360824999902, -0.048209641999977 ], [ -49.384614754999951, -0.049313619000015 ], [ -49.38525010499994, -0.050990957999977 ], [ -49.385665385999928, -0.052388573999975 ], [ -49.386406998, -0.054096165999953 ], [ -49.387081226999925, -0.055758868999947 ], [ -49.387614193999973, -0.057389799999976 ], [ -49.389091687999915, -0.058766403999924 ], [ -49.391005631, -0.058900617000015 ], [ -49.392617331999951, -0.058161824 ], [ -49.393747808999962, -0.057640322999921 ], [ -49.395737659999938, -0.057472433999974 ], [ -49.398292209, -0.058363033000033 ], [ -49.399847860999934, -0.059087352000011 ], [ -49.401110191000015, -0.060172070999966 ], [ -49.402697942999936, -0.061266637999937 ], [ -49.403871494999962, -0.061887874 ], [ -49.405548027999941, -0.062893713 ], [ -49.407732478999939, -0.062994235999971 ], [ -49.408916254999923, -0.06306805199995 ], [ -49.409835359999938, -0.063447535 ], [ -49.410305044, -0.064085806000049 ], [ -49.411567902999941, -0.065135316000022 ], [ -49.412504981000026, -0.06557884599995 ], [ -49.413930450999928, -0.06569775799993 ], [ -49.41547883999997, -0.066227062999937 ], [ -49.416795710999949, -0.067472202000021 ], [ -49.418100995999943, -0.069399489999968 ], [ -49.419251687000028, -0.07139768200001 ], [ -49.420368266999958, -0.073335466999938 ], [ -49.421813129999954, -0.076047271999959 ], [ -49.423714261999962, -0.078505650999974 ], [ -49.425539351999888, -0.079950278999954 ], [ -49.426508228999943, -0.081303202999985 ], [ -49.427386533999957, -0.082666119999955 ], [ -49.428868364, -0.085017527 ], [ -49.43042283999992, -0.086190040000025 ], [ -49.431656420999936, -0.088199850999962 ], [ -49.43158211, -0.09030069799997 ], [ -49.431512647999938, -0.091992655999986 ], [ -49.431489572999986, -0.094449458999959 ], [ -49.431744638999952, -0.097138039000013 ], [ -49.432416889999971, -0.099432620999975 ], [ -49.433552737999982, -0.102190822000017 ], [ -49.435271873999937, -0.108345523999978 ], [ -49.437599968999919, -0.116262159999971 ], [ -49.43861112599992, -0.126492718999929 ], [ -49.435988131999963, -0.135741024999971 ], [ -49.432709276, -0.146970727 ], [ -49.427780167999934, -0.158203455 ], [ -49.422189245, -0.168446939999969 ], [ -49.420901895999968, -0.169687722999958 ], [ -49.413953023000019, -0.17638524899998 ], [ -49.408353411999983, -0.182007591999946 ], [ -49.40010978199993, -0.187304031999949 ], [ -49.394176062999961, -0.190946142000028 ], [ -49.390795582999942, -0.190737428 ], [ -49.388872786000015, -0.190462813 ], [ -49.386881334, -0.190016532000028 ], [ -49.384615262, -0.190634641000011 ], [ -49.382555209999985, -0.191527424999984 ], [ -49.380481786999937, -0.191309018000032 ], [ -49.378747768, -0.191023666000047 ], [ -49.37751007, -0.189340763999981 ], [ -49.375964544999924, -0.188173569999952 ], [ -49.373020302999947, -0.186692812 ], [ -49.370292427000017, -0.184726261 ], [ -49.36601773, -0.181805687999939 ], [ -49.362440109000012, -0.180875898000012 ], [ -49.360869640999923, -0.17956123799995 ], [ -49.359360366000011, -0.178492358999973 ], [ -49.357618229999929, -0.17706129299996 ], [ -49.355184393999906, -0.176764354 ], [ -49.351147001999983, -0.173763320000022 ], [ -49.347992465999923, -0.17193934 ], [ -49.345464915999955, -0.169135009999968 ], [ -49.342523853999971, -0.16671918200001 ], [ -49.339769062999949, -0.164803883999989 ], [ -49.336898834999964, -0.162413496 ], [ -49.334556165999928, -0.16052177699998 ], [ -49.33166514299991, -0.159385741999953 ], [ -49.32856747999994, -0.157829388999966 ], [ -49.326329427999944, -0.158338672 ], [ -49.324423420999985, -0.159640921000017 ], [ -49.322485128000011, -0.160175918999963 ], [ -49.320407052999933, -0.159760949 ], [ -49.320017865999972, -0.157860331999951 ], [ -49.316882504999988, -0.157256033999955 ], [ -49.313227466999905, -0.157998913999959 ], [ -49.309101586999944, -0.15819118999997 ], [ -49.306837920999968, -0.158286016 ], [ -49.304648199999974, -0.158235309999979 ], [ -49.303414355999941, -0.158061717 ], [ -49.302343503999978, -0.157648892999953 ], [ -49.300730758000029, -0.157313477 ], [ -49.29803114799995, -0.157151846000039 ], [ -49.294065909999958, -0.157183597 ], [ -49.290473270999975, -0.15736141699997 ], [ -49.285874250999946, -0.157647632999938 ], [ -49.281734766999925, -0.157936834999974 ], [ -49.277482141999961, -0.157909249 ], [ -49.274095877, -0.158077 ], [ -49.271715579999963, -0.158522613999947 ], [ -49.270167858999976, -0.158304178 ], [ -49.267928267999949, -0.159105426999941 ], [ -49.265870743999969, -0.159196532000019 ], [ -49.264086306999943, -0.158741371000017 ], [ -49.262502170999966, -0.158978114999977 ], [ -49.260954433999977, -0.15939694 ], [ -49.258157442999924, -0.159161162000023 ], [ -49.255946354999942, -0.159823897999969 ], [ -49.254209755999966, -0.160790635999932 ], [ -49.252421199999951, -0.162032890000043 ], [ -49.251358864999979, -0.163430329999938 ], [ -49.250951282999921, -0.16440571 ], [ -49.250489876999936, -0.165533649999974 ], [ -49.249362059999967, -0.165807984000024 ], [ -49.247556806, -0.165555139999976 ], [ -49.245787461999967, -0.164617922999968 ], [ -49.247003285999931, -0.162507936 ], [ -49.24603402999994, -0.161202735000012 ], [ -49.244421751999944, -0.161001255000039 ], [ -49.242884051999987, -0.160044534000017 ], [ -49.241398686999922, -0.159120374999935 ], [ -49.236903036999919, -0.156989383 ], [ -49.233530952999978, -0.155881522 ], [ -49.231025890999923, -0.15448455599997 ], [ -49.229082795999908, -0.153553205 ], [ -49.227268112999951, -0.152926918999965 ], [ -49.225382547, -0.152241675000022 ], [ -49.224189119999927, -0.151438451 ], [ -49.222818912999976, -0.150670166999936 ], [ -49.220880088999962, -0.14881470499998 ], [ -49.219667625999918, -0.147345584999927 ], [ -49.218526514, -0.14686065499995 ], [ -49.216643727, -0.147645214000027 ], [ -49.214895727999973, -0.149252219999942 ], [ -49.212892340999943, -0.148686572999948 ], [ -49.21082854199998, -0.146562530999974 ], [ -49.209614011999946, -0.14452888900002 ], [ -49.208175667999953, -0.143874988999917 ], [ -49.207446423, -0.142734583999973 ], [ -49.208377145000014, -0.141205922999967 ], [ -49.208756803999982, -0.139458795999916 ], [ -49.207409462999969, -0.13850597899995 ], [ -49.205947970999929, -0.137260816000042 ], [ -49.204253174999941, -0.135947364 ], [ -49.202656004999952, -0.135035313999934 ], [ -49.20049353, -0.13375225 ], [ -49.198263653999973, -0.132568938999968 ], [ -49.196167599, -0.13135309 ], [ -49.194163058999969, -0.131473678000029 ], [ -49.191617066999989, -0.132692811 ], [ -49.18976513199997, -0.134458448999988 ], [ -49.186974613999922, -0.135654426 ], [ -49.184468744999975, -0.136878876999971 ], [ -49.180868236999963, -0.138970630000026 ], [ -49.178660192999963, -0.139514416999988 ], [ -49.177067556999909, -0.139720910999932 ], [ -49.176123730999976, -0.138039858000019 ], [ -49.176359600999952, -0.134707161999961 ], [ -49.175828685999896, -0.132436203 ], [ -49.174265527999971, -0.131256522 ], [ -49.171994540999918, -0.130371785999985 ], [ -49.16904380299993, -0.129175639999959 ], [ -49.166569509999931, -0.128966648999986 ], [ -49.164631545999988, -0.130336578 ], [ -49.163848069, -0.132164121999958 ], [ -49.163385670999936, -0.134058039999987 ], [ -49.163208236999907, -0.136628968999988 ], [ -49.163131412999945, -0.138557525999952 ], [ -49.163825316999983, -0.141608834 ], [ -49.164208775, -0.143850289 ], [ -49.164267786, -0.145855835000033 ], [ -49.163420952999921, -0.147912543999942 ], [ -49.16200541399995, -0.14791263999995 ], [ -49.160776831, -0.148019557 ], [ -49.158907293999938, -0.14930169299995 ], [ -49.157474985, -0.15203219099992 ], [ -49.157202344, -0.155632455 ], [ -49.157086847999949, -0.155833467000024 ], [ -49.156501187999901, -0.156852757999983 ], [ -49.155958384000016, -0.157797464999989 ], [ -49.15348562799997, -0.158492981999983 ], [ -49.150935659000012, -0.158518815999988 ], [ -49.14833424899998, -0.15924006999998 ], [ -49.146557082999927, -0.16037339799996 ], [ -49.143606921, -0.162724886000012 ], [ -49.142137934999951, -0.163987642999954 ], [ -49.139341330000015, -0.166514107 ], [ -49.136738387999941, -0.168240781999964 ], [ -49.133559116999969, -0.169613927999981 ], [ -49.129698933999961, -0.171022677999924 ], [ -49.127010794999947, -0.171335202000025 ], [ -49.125501613999951, -0.171513975999984 ], [ -49.125188797, -0.171175922 ], [ -49.124799690999964, -0.170755423999926 ], [ -49.124881135999949, -0.169726951 ], [ -49.125737312999917, -0.167661919999942 ], [ -49.125152375999924, -0.165800444999933 ], [ -49.122907487999989, -0.164314501 ], [ -49.121294951999971, -0.163808679999979 ], [ -49.116530073999982, -0.161385470000033 ], [ -49.113368038999923, -0.160627420000017 ], [ -49.109459526, -0.161252777999978 ], [ -49.106806786999989, -0.162233365000022 ], [ -49.103456223999963, -0.163773433 ], [ -49.101435211999984, -0.165539836999953 ], [ -49.099681394999912, -0.165667497999946 ], [ -49.099327803999969, -0.165693235999944 ], [ -49.098007507999974, -0.164124878999941 ], [ -49.096775174999969, -0.163125837999969 ], [ -49.094835537999977, -0.162948062 ], [ -49.092808513999948, -0.163512984999938 ], [ -49.090573709999958, -0.164283021999969 ], [ -49.088541608999954, -0.165632474999979 ], [ -49.087956025, -0.166784870000027 ], [ -49.086965040999985, -0.166778435000028 ], [ -49.085687165999943, -0.166439796999986 ], [ -49.085195967999979, -0.165775922999947 ], [ -49.084747402, -0.164905864999989 ], [ -49.083719684999956, -0.164197218999975 ], [ -49.082070709999947, -0.163773589 ], [ -49.080298378999942, -0.163266571999978 ], [ -49.079310418, -0.162766204999967 ], [ -49.078321167999945, -0.161998082 ], [ -49.076524774, -0.161669160999969 ], [ -49.074724085999954, -0.161894350999949 ], [ -49.072742702999967, -0.161720740999973 ], [ -49.070580204999921, -0.161490348 ], [ -49.068214339999926, -0.161404345 ], [ -49.066178762999989, -0.161085769000016 ], [ -49.064320171999952, -0.16122740000001 ], [ -49.062479244999956, -0.161599141999949 ], [ -49.060094723999924, -0.162120332 ], [ -49.057034329999922, -0.162874690999972 ], [ -49.054468188999962, -0.163780502999957 ], [ -49.051514129999973, -0.164709090999962 ], [ -49.048053484999983, -0.165890960999961 ], [ -49.045843115999972, -0.167308028999971 ], [ -49.044463709999974, -0.168424213000042 ], [ -49.043590929999965, -0.168730879999925 ], [ -49.042364302, -0.168624754999938 ], [ -49.040854580999955, -0.168919647999912 ], [ -49.039424501000028, -0.169338939999966 ], [ -49.038125996999966, -0.168947174999969 ], [ -49.038054804999938, -0.168914 ], [ -49.036973005999961, -0.168409886999923 ], [ -49.036603063, -0.167265792000029 ], [ -49.036476508, -0.166005059999987 ], [ -49.035138069000013, -0.164914173999966 ], [ -49.031895498999951, -0.164278902999984 ], [ -49.028973630999957, -0.16382121199995 ], [ -49.025729708999961, -0.163332095999982 ], [ -49.023364607999937, -0.162819612000034 ], [ -49.021413481999971, -0.161520047999977 ], [ -49.019108534999951, -0.160656880999968 ], [ -49.016888449999939, -0.160232962999975 ], [ -49.014491888999977, -0.15995412 ], [ -49.012620407000028, -0.159883422 ], [ -49.010882238, -0.161802476999986 ], [ -49.011018754999931, -0.168265490999966 ], [ -49.010693246999914, -0.169110617 ], [ -49.008675741999959, -0.171850482000027 ], [ -49.002992998999972, -0.179601571 ], [ -48.998593246, -0.184448374999926 ], [ -48.997267326999982, -0.186209930000016 ], [ -48.995842879999984, -0.186783048999919 ], [ -48.994797158999965, -0.186785436000028 ], [ -48.993703423999975, -0.186692943000013 ], [ -48.992420974, -0.187075823999985 ], [ -48.991566341999899, -0.187410210999941 ], [ -48.989185692000014, -0.189306168999961 ], [ -48.987489984999954, -0.190431002999949 ], [ -48.984161876, -0.192617310999923 ], [ -48.97831704999993, -0.196341747999975 ], [ -48.975477328999979, -0.198339076999945 ], [ -48.974870130999925, -0.198766152000021 ], [ -48.972727227999897, -0.199224954999968 ], [ -48.970379637, -0.200179357999977 ], [ -48.965936219999961, -0.202828918 ], [ -48.964003869999949, -0.203987224 ], [ -48.960055763999954, -0.20766048 ], [ -48.958901698999945, -0.208445538000026 ], [ -48.957581820999984, -0.209973308999958 ], [ -48.955061977999947, -0.213029714999982 ], [ -48.951766704999962, -0.218239493999919 ], [ -48.949267011, -0.220707349 ], [ -48.947018279999917, -0.222213409 ], [ -48.944111371999917, -0.223717415999927 ], [ -48.941727377999932, -0.224872796999955 ], [ -48.939565375000015, -0.225761857999975 ], [ -48.935753070999972, -0.226291575999928 ], [ -48.930350672, -0.227059228000028 ], [ -48.92228045199991, -0.228548831 ], [ -48.92014517499998, -0.229218121000043 ], [ -48.918390450999922, -0.229552937999946 ], [ -48.917901042000018, -0.229553710999921 ], [ -48.916061599999971, -0.231564476000026 ], [ -48.920078734, -0.239495728999986 ], [ -48.91962847799995, -0.242441201999979 ], [ -48.918487395999954, -0.24538640699995 ], [ -48.920275013999976, -0.247891334 ], [ -48.925661253999948, -0.25289473 ], [ -48.927241694999978, -0.256758955999983 ], [ -48.926773211999937, -0.260162958 ], [ -48.925852486999965, -0.264468487999983 ], [ -48.924271742, -0.268090913000032 ], [ -48.92107741300002, -0.280557687 ], [ -48.922824362999968, -0.291449260000034 ], [ -48.924627777999973, -0.294402943 ], [ -48.926882555999924, -0.296450626999958 ], [ -48.92685335399991, -0.299406194999987 ], [ -48.927741709999957, -0.303486413999989 ], [ -48.930210049, -0.305992758999976 ], [ -48.932463716999948, -0.310308778000037 ], [ -48.935352621999968, -0.318031169999946 ], [ -48.93557576099996, -0.320976991999968 ], [ -48.942521654999922, -0.33529566899996 ], [ -48.945910988999962, -0.340656541999964 ], [ -48.946535713999957, -0.341645096999956 ], [ -48.952601300999916, -0.350075772000027 ], [ -48.958829087999973, -0.357412142999971 ], [ -48.96135554499994, -0.360080093 ], [ -48.967403735999966, -0.370309255999937 ], [ -48.973881898999956, -0.383944192999932 ], [ -48.978313591999907, -0.391240396999928 ], [ -48.980603363999919, -0.394406602999977 ], [ -48.981911486999969, -0.397159622999945 ], [ -48.984812021999979, -0.40193524400002 ], [ -48.986661989999924, -0.404403047000015 ], [ -48.988690133999953, -0.407818724000011 ], [ -48.990456849999937, -0.411226148999946 ], [ -48.991352705999986, -0.418028557999941 ], [ -48.992462560999982, -0.423028407 ], [ -48.993574608999978, -0.425975101000011 ], [ -48.995357424999959, -0.433472751999977 ], [ -48.996684125999955, -0.436429529000018 ], [ -48.999826068999951, -0.439837093999964 ], [ -49.00656987299989, -0.44531115 ], [ -49.00749027800002, -0.44054496 ], [ -49.004348037999911, -0.436227421 ], [ -49.002320616999938, -0.431910655999959 ], [ -49.000770760999956, -0.42532301199997 ], [ -49.000353031999943, -0.418294671000021 ], [ -49.002160558999925, -0.415350711999976 ], [ -49.005548014999896, -0.414227599999952 ], [ -49.009159812999954, -0.414922696 ], [ -49.012763992, -0.416304307 ], [ -49.020627001, -0.42085816699994 ], [ -49.023769316999939, -0.42381529700001 ], [ -49.034417557, -0.433290393999988 ], [ -49.047354674999987, -0.445455848999989 ], [ -49.055211529, -0.450921160999931 ], [ -49.058829110000012, -0.453662660000012 ], [ -49.062188893, -0.455034484 ], [ -49.066014483999894, -0.45572187399995 ], [ -49.069185636, -0.455742069999934 ], [ -49.074124303999973, -0.455073296000021 ], [ -49.077514988999944, -0.453270863000013 ], [ -49.079546181999966, -0.450559253999918 ], [ -49.081157241999946, -0.447388720999955 ], [ -49.081823976999956, -0.444442799000013 ], [ -49.083882829999958, -0.441956421 ], [ -49.086131670999954, -0.438786264999971 ], [ -49.089518252999937, -0.436301620999915 ], [ -49.093130327000019, -0.435178576999986 ], [ -49.097185753999923, -0.436102094000015 ], [ -49.103235238999972, -0.440197749999962 ], [ -49.106188402999983, -0.443846294999952 ], [ -49.109964864999895, -0.450895152 ], [ -49.11132686599997, -0.454752648999959 ], [ -49.113328307999922, -0.458845778999963 ], [ -49.11576547099996, -0.466791332999952 ], [ -49.118906003999925, -0.473384019 ], [ -49.124740464999945, -0.480210271000017 ], [ -49.127883484999941, -0.483168099999967 ], [ -49.129462789999963, -0.485673375999953 ], [ -49.137794575999933, -0.490004694999948 ], [ -49.140714047, -0.490242909000029 ], [ -49.144767314, -0.489127572000028 ], [ -49.150186636999948, -0.485968560999952 ], [ -49.153800576, -0.482356740999981 ], [ -49.157882647999983, -0.476016581999952 ], [ -49.16082366699996, -0.472396082999973 ], [ -49.166241638999985, -0.47105625799996 ], [ -49.169159427999908, -0.472427128999966 ], [ -49.171630264999976, -0.474476263999959 ], [ -49.177913070999963, -0.483813059999951 ], [ -49.180377958999983, -0.490387892999946 ], [ -49.186671853999918, -0.499039164999973 ], [ -49.192045573, -0.50426543000003 ], [ -49.204185300999924, -0.509980764999964 ], [ -49.208021264999964, -0.50999264099997 ], [ -49.207574597999958, -0.506592987999968 ], [ -49.208709581999983, -0.503647807 ], [ -49.215517320999979, -0.493685451000028 ], [ -49.217099618999981, -0.490745941 ], [ -49.217794662999935, -0.487339858 ], [ -49.219161963, -0.483494451999968 ], [ -49.2225507429999, -0.48191971099997 ], [ -49.226826568000014, -0.482383241000042 ], [ -49.234490740999988, -0.480595170999978 ], [ -49.238103038, -0.479253048000041 ], [ -49.240826596999931, -0.476993728999977 ], [ -49.244440648, -0.47042975 ], [ -49.245577710999932, -0.46680300199994 ], [ -49.250801044999925, -0.459561349999928 ], [ -49.25574269799997, -0.458437164 ], [ -49.259355238, -0.456637029 ], [ -49.268160636999902, -0.45280970999996 ], [ -49.268750506999943, -0.452262676 ], [ -49.271324714999949, -0.449875404 ], [ -49.273160275999949, -0.446704074999973 ], [ -49.278132437999943, -0.43991064500001 ], [ -49.283575144999965, -0.427457257999988 ], [ -49.285850428999929, -0.423384778 ], [ -49.287712506999988, -0.419216484 ], [ -49.289492701999933, -0.415229280999965 ], [ -49.2894954779999, -0.412047673999973 ], [ -49.290854094999958, -0.408425222999922 ], [ -49.293129802999957, -0.400274207999987 ], [ -49.294966916, -0.395511826999941 ], [ -49.299488212999982, -0.38916731 ], [ -49.303356641999962, -0.378975499999958 ], [ -49.30448983900002, -0.374893112999954 ], [ -49.306325087, -0.36991066 ], [ -49.310152607999953, -0.363579928000037 ], [ -49.31491130299996, -0.357916589999965 ], [ -49.320133255000016, -0.352717598999943 ], [ -49.321715233, -0.349086868 ], [ -49.323298427999894, -0.346598129999967 ], [ -49.326687027999959, -0.342751025999979 ], [ -49.328053806999982, -0.340039515999981 ], [ -49.331658431999976, -0.337103731 ], [ -49.335717891999948, -0.337339135000017 ], [ -49.340420803999962, -0.340817081000013 ], [ -49.341572957, -0.341668534999942 ], [ -49.347878614, -0.344872401 ], [ -49.359819998999939, -0.348925512999978 ], [ -49.367467823999988, -0.351975141999974 ], [ -49.372854565, -0.356754409 ], [ -49.380720196999945, -0.364269927000018 ], [ -49.384967429, -0.369724847999988 ], [ -49.388145572999974, -0.371793487 ], [ -49.393747331000014, -0.37747458599994 ], [ -49.400910529000015, -0.389522639 ], [ -49.402462547, -0.393391612000018 ], [ -49.404941366999928, -0.396114468999977 ], [ -49.408744621999929, -0.406339120999979 ], [ -49.409162451999954, -0.412471082000012 ], [ -49.407802839999903, -0.416317714999961 ], [ -49.407428309999908, -0.417730079000025 ], [ -49.406660333999959, -0.420626908 ], [ -49.405517838999934, -0.423349527000019 ], [ -49.404823835999977, -0.427198319999968 ], [ -49.417880693000015, -0.501895619999972 ], [ -49.422829763999964, -0.504407001999931 ], [ -49.427104223999962, -0.505555797999948 ], [ -49.431829019, -0.507613621999949 ], [ -49.435411105999911, -0.509669756999989 ], [ -49.437655543999902, -0.511720448999933 ], [ -49.439245496999916, -0.514442299999986 ], [ -49.44260192199998, -0.516725501999984 ], [ -49.44662939799997, -0.526502525999986 ], [ -49.449331468, -0.529227063 ], [ -49.44977006599995, -0.53263509299998 ], [ -49.449077058999897, -0.535581612999971 ], [ -49.449297665999943, -0.538532416999962 ], [ -49.450858104, -0.542164871999953 ], [ -49.452130443999941, -0.546603077 ], [ -49.452631766999943, -0.550118458999984 ], [ -49.455108786999986, -0.552167694999985 ], [ -49.455331330000014, -0.556026357999952 ], [ -49.454857672999907, -0.562147287999961 ], [ -49.453938344999955, -0.566005956000017 ], [ -49.455276398, -0.568954065999963 ], [ -49.457305804999962, -0.571236512999986 ], [ -49.456160226999941, -0.574860608 ], [ -49.453661339999954, -0.576670658000014 ], [ -49.452301198999947, -0.581196966999977 ], [ -49.448915177999915, -0.587987100000023 ], [ -49.450460839, -0.590722645999966 ], [ -49.450214571999958, -0.595257941999963 ], [ -49.451110132999986, -0.598667297999969 ], [ -49.454024555999986, -0.605025403999973 ], [ -49.457829773999968, -0.610718091999987 ], [ -49.463907705999972, -0.615500434 ], [ -49.465691547999953, -0.618000093999962 ], [ -49.468836134999989, -0.619911726999947 ], [ -49.469077553999981, -0.62005848900001 ], [ -49.471300808, -0.623468205999957 ], [ -49.471295342999987, -0.629823132999965 ], [ -49.469909906999931, -0.634132164999981 ], [ -49.470356519999932, -0.637081479000026 ], [ -49.470353936999985, -0.640028596999977 ], [ -49.471689710999932, -0.643213106999942 ], [ -49.477522787999924, -0.651396204999957 ], [ -49.477743634, -0.65457975800002 ], [ -49.479996722999985, -0.656626505 ], [ -49.481772641999932, -0.659809683999937 ], [ -49.484465921999927, -0.661859563 ], [ -49.486719063999928, -0.664820526000023 ], [ -49.489263066, -0.667021759999988 ], [ -49.491920042999936, -0.665519494999947 ], [ -49.492357400999971, -0.664698571999969 ], [ -49.500468128999948, -0.649477520999922 ], [ -49.512718124999928, -0.642618341999937 ], [ -49.530381121999966, -0.631110396999981 ], [ -49.537663433999967, -0.624643045 ], [ -49.547828717999941, -0.619043544999966 ], [ -49.558352258999982, -0.614687535999972 ], [ -49.568436197999972, -0.609547478999941 ], [ -49.580443433999939, -0.602252034999919 ], [ -49.589997118000028, -0.598347393999967 ], [ -49.597274400999964, -0.596585039999988 ], [ -49.604166550999928, -0.595608614999934 ], [ -49.613108380999925, -0.590565279 ], [ -49.619913588999971, -0.585854669999977 ], [ -49.633856991999913, -0.574313446000021 ], [ -49.637045487999941, -0.571673790000018 ], [ -49.641140311999905, -0.565580212999963 ], [ -49.64208412999993, -0.564668707999951 ], [ -49.645805261999975, -0.561074972999966 ], [ -49.652267140999946, -0.556240056999959 ], [ -49.660578797999939, -0.553747394000039 ], [ -49.67032546699992, -0.554493100999922 ], [ -49.678750585999971, -0.557790808999927 ], [ -49.688941128999907, -0.564553703999939 ], [ -49.700244054999949, -0.569777297999954 ], [ -49.714417602999923, -0.579308533999958 ], [ -49.720576712999986, -0.584174118000016 ], [ -49.730803570999988, -0.590261302999986 ], [ -49.741751807999911, -0.595158730000014 ], [ -49.753164920999922, -0.599496571000016 ], [ -49.762469685000021, -0.602509798000019 ], [ -49.775303834999924, -0.604753811999972 ], [ -49.787218343999946, -0.603139651999909 ], [ -49.794216948000013, -0.602729294999973 ], [ -49.80902234999995, -0.603517317999982 ], [ -49.820550864000012, -0.600305333999964 ], [ -49.835356675999982, -0.587364336 ], [ -49.843578877999946, -0.58322045599998 ], [ -49.851386901999923, -0.580305586999943 ], [ -49.851944939, -0.580096735999982 ], [ -49.858887894, -0.572092979999974 ], [ -49.868854380999949, -0.56445023 ], [ -49.876496337999953, -0.556047942999962 ], [ -49.884945813999977, -0.548955786999974 ], [ -49.893081104999943, -0.54004745 ], [ -49.894100341, -0.539048399000022 ], [ -49.902269212999983, -0.531041297 ], [ -49.912244997, -0.523506697 ], [ -49.922382884999926, -0.518010681 ], [ -49.942164061999982, -0.506123895999968 ], [ -49.965249597999971, -0.493463560999965 ], [ -49.987084649999964, -0.484879378999983 ], [ -50.006750976999932, -0.47934092199994 ], [ -50.014136872999977, -0.478369989999985 ], [ -50.023497741999918, -0.478259057999955 ], [ -50.032605765, -0.480417884999964 ], [ -50.041500093999964, -0.480824541999949 ], [ -50.050861578999957, -0.479646277999981 ], [ -50.059170518, -0.479470638999926 ], [ -50.066194935999974, -0.480656616 ], [ -50.074510100999902, -0.482802516999916 ], [ -50.074632917999935, -0.482772074999973 ], [ -50.074974478999955, -0.482752065 ], [ -50.075301302999904, -0.482701722000014 ], [ -50.075579917999953, -0.482608587999946 ], [ -50.075949845999922, -0.482629298999973 ], [ -50.076123197999962, -0.482634126999928 ], [ -50.076422077, -0.482575707999979 ], [ -50.076747173999898, -0.482543478999977 ], [ -50.077121476999963, -0.482541562 ], [ -50.077272645999948, -0.482602003999935 ], [ -50.078855027999957, -0.481422608999962 ], [ -50.079078882, -0.481315074999946 ], [ -50.079247816999946, -0.481192997999971 ], [ -50.079495867999952, -0.48104450200003 ], [ -50.079695010999913, -0.480918040999958 ], [ -50.079901346000021, -0.480790472999972 ], [ -50.08008263100001, -0.480696505000013 ], [ -50.080259871999928, -0.480625581 ], [ -50.080440802999888, -0.480471514999961 ], [ -50.080733375999941, -0.480343348000014 ], [ -50.081013297, -0.480108360000022 ], [ -50.081181383999969, -0.479874045 ], [ -50.081160970999967, -0.479734294999981 ], [ -50.08102526299993, -0.479573538 ], [ -50.080935778999986, -0.479421334999932 ], [ -50.080890088999936, -0.479210408999977 ], [ -50.080917765, -0.479041351000022 ], [ -50.081015821999948, -0.478944472 ], [ -50.08119257700001, -0.478820963 ], [ -50.081343949, -0.478776377000036 ], [ -50.081390735999975, -0.478634430999927 ], [ -50.081280901999946, -0.478447880000035 ], [ -50.081217530999943, -0.478269883999962 ], [ -50.081179211999967, -0.477954025000029 ], [ -50.081204207, -0.477561040999932 ], [ -50.08119348, -0.477180513999977 ], [ -50.081123550999983, -0.476958539 ], [ -50.08097273899994, -0.47660029500002 ], [ -50.080830659, -0.476396275000015 ], [ -50.080720426999932, -0.476000454000038 ], [ -50.080570668999975, -0.475640457999917 ], [ -50.080442570999949, -0.475322545 ], [ -50.080438695999895, -0.475038915999972 ], [ -50.080447652000011, -0.474792198999987 ], [ -50.080544881999977, -0.474434318999952 ], [ -50.080574433999935, -0.473869020999986 ], [ -50.080609384999981, -0.47333972999998 ], [ -50.080704139, -0.473116038999946 ], [ -50.08077463999998, -0.472828199999933 ], [ -50.08083824499991, -0.472444196999957 ], [ -50.080766839999953, -0.472109753 ], [ -50.080654743999915, -0.47185659000001 ], [ -50.080601032999915, -0.471490414 ], [ -50.080568867999915, -0.471168342 ], [ -50.08060824899998, -0.470975522999941 ], [ -50.080828685999919, -0.470943511999957 ], [ -50.080944733999928, -0.470761674000011 ], [ -50.081018587, -0.47054839199995 ], [ -50.08097791099992, -0.470321844999946 ], [ -50.080730815, -0.470223045999942 ], [ -50.080402354999904, -0.470233683999934 ], [ -50.080192381999943, -0.470182011000011 ], [ -50.080075531999952, -0.470049269999953 ], [ -50.080081265999986, -0.46988356899992 ], [ -50.080181484999926, -0.469748938999972 ], [ -50.080229952999943, -0.469517515 ], [ -50.080268461999928, -0.46916888899994 ], [ -50.080217929999925, -0.468774010999953 ], [ -50.080167163999896, -0.468372286000021 ], [ -50.080159283999954, -0.468007784999971 ], [ -50.080180995999974, -0.467690563000014 ], [ -50.080225955999964, -0.467429104999963 ], [ -50.080191924, -0.466877269999957 ], [ -50.080282714999953, -0.466525488999983 ], [ -50.080331127999962, -0.466345771000034 ], [ -50.080565238999974, -0.46625160999997 ], [ -50.080837937999974, -0.466264292999954 ], [ -50.081016475999917, -0.466350812 ], [ -50.081309231999981, -0.466406122999965 ], [ -50.081778485, -0.466443121999918 ], [ -50.081970882999926, -0.466529846999988 ], [ -50.082429168, -0.466754638999936 ], [ -50.082775983999923, -0.46697416299998 ], [ -50.083188304999936, -0.467064387999985 ], [ -50.083814360999952, -0.467070957 ], [ -50.084177696, -0.467040332999948 ], [ -50.084447325000014, -0.466985775999964 ], [ -50.084852341999948, -0.46682876399994 ], [ -50.085055731999901, -0.46667884199997 ], [ -50.085214101999952, -0.46658056900001 ], [ -50.085444399, -0.466667185999983 ], [ -50.085760682999968, -0.466831329999975 ], [ -50.086087862999946, -0.466918642999916 ], [ -50.086402129999925, -0.466970199 ], [ -50.086704885999929, -0.467045828999959 ], [ -50.086964482, -0.467283761000017 ], [ -50.087398990999986, -0.467320211000013 ], [ -50.087671137999941, -0.467461619999989 ], [ -50.088050347999967, -0.46755933 ], [ -50.088507786999976, -0.467711904999915 ], [ -50.088940523, -0.467753446999977 ], [ -50.08928902599996, -0.46769575 ], [ -50.089668516999915, -0.467564060000027 ], [ -50.09007280099997, -0.46741534399998 ], [ -50.090357117999957, -0.467401534 ], [ -50.090615167, -0.467430360999979 ], [ -50.090860149999926, -0.467519853999923 ], [ -50.091050383999942, -0.467716081 ], [ -50.091200568999938, -0.467932720999977 ], [ -50.09135033099998, -0.468149237999951 ], [ -50.091625740999945, -0.468263006999949 ], [ -50.091911949999911, -0.46835414600003 ], [ -50.09226670099995, -0.468386248999932 ], [ -50.092691085999981, -0.468384916 ], [ -50.09302201500001, -0.468252682999983 ], [ -50.093542665, -0.468078795999984 ], [ -50.093886002, -0.467895259999986 ], [ -50.094093012999984, -0.467780831000022 ], [ -50.094742127999957, -0.467725514999975 ], [ -50.095375173999933, -0.46778832500002 ], [ -50.095942359999967, -0.467797830999919 ], [ -50.096418973999967, -0.467812540999981 ], [ -50.09692150799998, -0.467948514999952 ], [ -50.097395842999966, -0.468095159 ], [ -50.09786829999998, -0.468264188999958 ], [ -50.098795996, -0.46852314999998 ], [ -50.099336019, -0.468605163000015 ], [ -50.099777892999974, -0.468620412999945 ], [ -50.10028849199994, -0.468565639999943 ], [ -50.100768952999907, -0.468714882999945 ], [ -50.101208344999932, -0.46885019599995 ], [ -50.101565695000012, -0.469097508999985 ], [ -50.101568058999945, -0.469094950999951 ], [ -50.101720962999892, -0.46933646199995 ], [ -50.107219091999973, -0.470861645999934 ], [ -50.113407683999988, -0.45292864600003 ], [ -50.194162612999911, -0.218789124 ], [ -50.195977640999985, -0.213524256999955 ], [ -50.28965199499995, -0.111415905 ], [ -50.29866601199997, -0.101589070999966 ], [ -50.297921111999976, -0.095174187999971 ], [ -50.297500657999912, -0.076907140999962 ], [ -50.298803918999923, -0.0682877 ], [ -50.299369060999965, -0.066969223999971 ], [ -50.299745521999938, -0.066092043999957 ], [ -50.303169569, -0.058106243999925 ], [ -50.308084785999903, -0.049514896999971 ], [ -50.322342063999969, -0.026770867 ], [ -50.326357713999954, -0.020364105999962 ], [ -50.33181063899994, -0.013135120999932 ], [ -50.344971094999934, -0.001989144 ], [ -50.348104430999925, -0.000345649 ], [ -50.353426960999954, 0.003363757999972 ], [ -50.360873069, 0.010238433 ], [ -50.37034304699992, 0.016587977 ], [ -50.377884293999941, 0.022813954000087 ], [ -50.380246793999923, 0.025709424000029 ], [ -50.392408434999965, 0.043802714999961 ], [ -50.39569862999997, 0.050498172000077 ], [ -50.402661646999931, 0.074561380999958 ], [ -50.405668831999968, 0.088947920000058 ], [ -50.412970484999974, 0.112469269999957 ], [ -50.415437534, 0.117552984000033 ], [ -50.420609537, 0.128211542999965 ], [ -50.426352940999948, 0.137620201000042 ], [ -50.432880080999908, 0.149561829 ], [ -50.436216692999935, 0.153542904000057 ], [ -50.447405320999934, 0.163856373000035 ], [ -50.453262470999967, 0.168380503 ], [ -50.462762164999937, 0.173628388000067 ], [ -50.470882269999983, 0.177517621999987 ], [ -50.487641394000015, 0.182131646000014 ], [ -50.498774822999977, 0.184121517999989 ], [ -50.502196605999949, 0.183761123000012 ], [ -50.505527499999943, 0.184213120000019 ], [ -50.523013439999986, 0.188375297000052 ], [ -50.530518205999918, 0.191995752000027 ], [ -50.544157366, 0.201131342000069 ], [ -50.549054904999942, 0.205927654 ], [ -50.558318697999937, 0.212895155000057 ], [ -50.572241707999964, 0.221399434 ], [ -50.580159097000021, 0.227188826000022 ], [ -50.583673298999905, 0.231170819000068 ], [ -50.590113902999988, 0.236507705000042 ], [ -50.592678720000016, 0.239764612000046 ], [ -50.597474721, 0.244017858000065 ], [ -50.599667973999928, 0.249357407 ], [ -50.596307072999934, 0.25036582900003 ], [ -50.590394986999975, 0.257943881000076 ], [ -50.57976357299998, 0.269994567 ], [ -50.566355062999975, 0.291697153000046 ], [ -50.556148033999925, 0.306717256000075 ], [ -50.552952594999944, 0.312495481999973 ], [ -50.547469218999929, 0.325813337000023 ], [ -50.544517950999897, 0.331736867000041 ], [ -50.53927656599992, 0.345796606000013 ], [ -50.534798414999948, 0.353004005000033 ], [ -50.528989187999969, 0.364088843000063 ], [ -50.523892396999969, 0.372390801000053 ], [ -50.522591059999939, 0.376978143 ], [ -50.521139622999932, 0.382094604000036 ], [ -50.520550238999924, 0.386706239000043 ], [ -50.518952751, 0.393835064000045 ], [ -50.510739285999961, 0.412656243000074 ], [ -50.507653998999942, 0.417610616000017 ], [ -50.506370909999916, 0.422225459000023 ], [ -50.505447696, 0.429562942000059 ], [ -50.503999729000014, 0.435087582000024 ], [ -50.489365145, 0.453359739000012 ], [ -50.485990056999981, 0.458904956 ], [ -50.481434209999975, 0.468645999000037 ], [ -50.476209179999927, 0.481499848999976 ], [ -50.471283866, 0.499679337000023 ], [ -50.471168832999979, 0.513027639000017 ], [ -50.469782641999949, 0.521197631000012 ], [ -50.46726446199996, 0.530922206000026 ], [ -50.460984165999911, 0.547795225000067 ], [ -50.458457668999941, 0.552881883000031 ], [ -50.456080340999975, 0.56083446399998 ], [ -50.452319924999962, 0.570961485999986 ], [ -50.449483790999956, 0.576781670000068 ], [ -50.441138031999984, 0.590975527000035 ], [ -50.439429286999911, 0.595267273000042 ], [ -50.436546896999985, 0.600107025 ], [ -50.431374924999979, 0.605721475000029 ], [ -50.425124706999931, 0.611575228000047 ], [ -50.409861398999944, 0.62334352100005 ], [ -50.397887146999949, 0.63257521100005 ], [ -50.386939029999951, 0.639798009000012 ], [ -50.375738097999907, 0.647421162000059 ], [ -50.358569975999963, 0.660092144999966 ], [ -50.347236467999963, 0.666843705000018 ], [ -50.33967594199995, 0.670161130000055 ], [ -50.3285877, 0.674348542000045 ], [ -50.317295407999936, 0.677451771000035 ], [ -50.314641163999973, 0.67801470300016 ], [ -50.314641184999971, 0.678014823000082 ], [ -50.306360345999956, 0.679771814999972 ], [ -50.293767737999957, 0.683280852000054 ], [ -50.271758923999975, 0.688231716000063 ], [ -50.258701642999903, 0.690758185000027 ], [ -50.247825811999931, 0.69189835400004 ], [ -50.242825246999985, 0.69323898000003 ], [ -50.226583836999978, 0.696147940000023 ], [ -50.226085738999977, 0.696237153000032 ], [ -50.225135367999947, 0.691514481000075 ], [ -50.22273302599995, 0.678493874000017 ], [ -50.222733900999934, 0.678052683000017 ], [ -50.217902726999974, 0.666130749 ], [ -50.217242942, 0.665026466000027 ], [ -50.213510028999963, 0.65597490500001 ], [ -50.204038356999909, 0.648015166 ], [ -50.190373990999966, 0.640268931999985 ], [ -50.17913546999992, 0.634732268 ], [ -50.170098227999937, 0.631846078000029 ], [ -50.160180391, 0.627855881000015 ], [ -50.149819846999954, 0.62474663400006 ], [ -50.143137063, 0.622987603 ], [ -50.13919351000002, 0.620870266000049 ], [ -50.13885370399997, 0.620597434000034 ] ] ] ] } },
{ "type": "Feature", "properties": { "CD_MUN": "1502806", "NM_MUN": "Curralinho", "SIGLA": "PA", "AREA_KM2": 3617.252 }, "geometry": { "type": "MultiPolygon", "coordinates": [ [ [ [ -49.607775135999987, -1.760397393 ], [ -49.618238367999922, -1.763053281 ], [ -49.622060877, -1.764907214999925 ], [ -49.634861375999968, -1.773070689 ], [ -49.637318549999975, -1.774637743999987 ], [ -49.646105509999948, -1.780047350000027 ], [ -49.649247105, -1.78214775 ], [ -49.652493906999972, -1.784608212 ], [ -49.65952941099998, -1.789169763999956 ], [ -49.66330549399995, -1.792812844000027 ], [ -49.674857144999969, -1.802760747000045 ], [ -49.678753008999905, -1.805157953999972 ], [ -49.687186490999942, -1.810699731999934 ], [ -49.689473407999984, -1.812405979999978 ], [ -49.692247547, -1.814074621000019 ], [ -49.695416506999933, -1.815633290999932 ], [ -49.69829767100002, -1.817273346 ], [ -49.705324661999946, -1.821654012 ], [ -49.708360153999926, -1.823785053999929 ], [ -49.715295993999952, -1.829841179 ], [ -49.71694722099997, -1.832413549000025 ], [ -49.718189831999936, -1.835600899999958 ], [ -49.731411974999972, -1.823367467000017 ], [ -49.742192411999952, -1.817394793999929 ], [ -49.74516219199991, -1.816140104999944 ], [ -49.745588401, -1.81605814 ], [ -49.751691093999924, -1.814883869 ], [ -49.754664683999934, -1.815070345999983 ], [ -49.760970592999975, -1.816548036000034 ], [ -49.767382684, -1.818744784999984 ], [ -49.770803380999972, -1.820295969999988 ], [ -49.774890470999921, -1.821675565 ], [ -49.785932140999932, -1.825038574 ], [ -49.797069140999923, -1.82800138 ], [ -49.79894772399993, -1.828325973999947 ], [ -49.80566157399997, -1.829486275000027 ], [ -49.810604223, -1.830139136999955 ], [ -49.816577888, -1.831515965999921 ], [ -49.820359754, -1.83198391 ], [ -49.824971625999943, -1.832265282000014 ], [ -49.829661251999923, -1.832737141999976 ], [ -49.837166069999945, -1.833114540999938 ], [ -49.847994464999985, -1.833148778999929 ], [ -49.851967804999937, -1.832436425999964 ], [ -49.860662829999946, -1.831544682999988 ], [ -49.864359820999944, -1.831012944999957 ], [ -49.867881757999939, -1.830389687 ], [ -49.876552218999954, -1.828046425 ], [ -49.880186362, -1.826691841 ], [ -49.88461374399995, -1.824710346000016 ], [ -49.891667858999895, -1.820909116999916 ], [ -49.89872026999997, -1.817840246000015 ], [ -49.906129704, -1.813863739999979 ], [ -49.91021909399997, -1.811865945999971 ], [ -49.912748772999933, -1.810420263 ], [ -49.920160573, -1.80735194599996 ], [ -49.924219127999976, -1.805457721 ], [ -49.927746325999962, -1.803642559 ], [ -49.931193403999984, -1.801476286 ], [ -49.938164412999981, -1.79894800799997 ], [ -49.944332019999948, -1.795959607999977 ], [ -49.95516609500001, -1.792085701 ], [ -49.965113062999954, -1.789020671999966 ], [ -49.967642144999957, -1.787794857999971 ], [ -49.968083901999911, -1.787580224999976 ], [ -49.97777272, -1.784994387999985 ], [ -49.981112116999981, -1.784338645 ], [ -49.986973725999938, -1.783538655999974 ], [ -49.991577192999976, -1.783098550999975 ], [ -50.003913928999943, -1.783719983999967 ], [ -50.005113329999972, -1.783921072 ], [ -50.011644010999952, -1.785013375999958 ], [ -50.03061046700001, -1.786241831 ], [ -50.036556403999931, -1.788438017999985 ], [ -50.044323672, -1.789171180999984 ], [ -50.064670222999936, -1.791873942999969 ], [ -50.068440982999917, -1.793334655999947 ], [ -50.07177366799997, -1.794974876999946 ], [ -50.078635574, -1.796712931999958 ], [ -50.081888790999969, -1.797271206999964 ], [ -50.086748728, -1.798374285000017 ], [ -50.097832493999945, -1.801209540999951 ], [ -50.105028172999972, -1.803230729999941 ], [ -50.108835112999927, -1.804600428999938 ], [ -50.117107677999968, -1.806974024999954 ], [ -50.120889269999957, -1.808434810999939 ], [ -50.123221466999922, -1.810172203999985 ], [ -50.125661471999926, -1.812352858999935 ], [ -50.131496032999955, -1.814999177999956 ], [ -50.143136617999957, -1.818931123999947 ], [ -50.149086216999912, -1.820745798 ], [ -50.154220266999978, -1.822312397000028 ], [ -50.159806351999968, -1.82432752099996 ], [ -50.163669641999959, -1.825426708999958 ], [ -50.169722029999981, -1.827524055000032 ], [ -50.17439067999991, -1.829447907999961 ], [ -50.17733660199994, -1.830441822999953 ], [ -50.179528899999966, -1.831181474999957 ], [ -50.185030722999912, -1.830561587 ], [ -50.188277214999943, -1.829658036999939 ], [ -50.19333474899998, -1.827042940000014 ], [ -50.196413169999964, -1.824423599999916 ], [ -50.199835540999977, -1.821073142999987 ], [ -50.201386922, -1.818450526999973 ], [ -50.204474718999954, -1.811743384999955 ], [ -50.209171404999985, -1.808847593999987 ], [ -50.212941445, -1.80768329800002 ], [ -50.217814226999934, -1.806969774999958 ], [ -50.226559010999971, -1.80662797000001 ], [ -50.23746793, -1.807199339000034 ], [ -50.243974580999961, -1.807395141999981 ], [ -50.247227521, -1.807680737999986 ], [ -50.250553305000011, -1.807508051 ], [ -50.253720820999902, -1.806061707999964 ], [ -50.253249535999899, -1.803154023999989 ], [ -50.252198796999913, -1.798802171999982 ], [ -50.251915697999934, -1.795715301000014 ], [ -50.253193633999977, -1.790908910999969 ], [ -50.25540902999996, -1.788272051000019 ], [ -50.257804254999904, -1.786477509999953 ], [ -50.260443255999938, -1.784128457000014 ], [ -50.263501392999927, -1.782951599999985 ], [ -50.266387510999984, -1.781503649 ], [ -50.268113406999966, -1.777338788 ], [ -50.268586591999949, -1.77443298700001 ], [ -50.270112200999968, -1.771077186 ], [ -50.273837409999906, -1.76392018799997 ], [ -50.276192128999959, -1.759845853000011 ], [ -50.280088512999939, -1.75513744 ], [ -50.284769911999945, -1.747912682999955 ], [ -50.286335107999953, -1.744000020999961 ], [ -50.287583161000015, -1.739101232 ], [ -50.288939590999981, -1.734835266 ], [ -50.291141851999939, -1.730489723999975 ], [ -50.293384072, -1.728229835999953 ], [ -50.297804704000022, -1.724157516999982 ], [ -50.300885535999939, -1.720896573 ], [ -50.303162585999956, -1.718726938999984 ], [ -50.305694267, -1.715463078000026 ], [ -50.306501427999905, -1.711657079999975 ], [ -50.305887702999925, -1.707848334999964 ], [ -50.304279111999968, -1.704026848999964 ], [ -50.302668827999959, -1.699672911999963 ], [ -50.299810899999926, -1.690226648999973 ], [ -50.299408200999913, -1.685995087999972 ], [ -50.29936149399996, -1.685505859 ], [ -50.299919799999969, -1.680155257999951 ], [ -50.300470935, -1.677168214999982 ], [ -50.301281653999936, -1.669453595999917 ], [ -50.303364303999949, -1.664927094999937 ], [ -50.305560503999942, -1.661664252999975 ], [ -50.307364960999941, -1.659312164999962 ], [ -50.309887456999931, -1.655507508000023 ], [ -50.312778387999941, -1.651704413999946 ], [ -50.316420332999918, -1.64608868 ], [ -50.318500730000011, -1.643185608999955 ], [ -50.321916660999939, -1.638751647 ], [ -50.325007060999937, -1.63539824 ], [ -50.330783669999967, -1.630519077999972 ], [ -50.332865709999929, -1.626161972999975 ], [ -50.332888745999966, -1.619367040999977 ], [ -50.334055937999906, -1.614468540999949 ], [ -50.338218974000014, -1.612752272999964 ], [ -50.344255679999982, -1.614586254 ], [ -50.347229313999904, -1.61513313199996 ], [ -50.351114154, -1.613695194 ], [ -50.354973168, -1.611616394999951 ], [ -50.359941011999986, -1.61162711799995 ], [ -50.364445050999969, -1.611183021999976 ], [ -50.369335891999988, -1.610019372999973 ], [ -50.373024444999913, -1.60775876499998 ], [ -50.380777353999946, -1.604145208000043 ], [ -50.383943780000017, -1.602887245999964 ], [ -50.386300370999955, -1.600164785999949 ], [ -50.390644188999921, -1.598819519000019 ], [ -50.393699913999974, -1.599186839000035 ], [ -50.396583667999927, -1.599741589000017 ], [ -50.399831595999984, -1.598113652999968 ], [ -50.403446955999982, -1.596035056999936 ], [ -50.405940069999943, -1.59849535300002 ], [ -50.409574734999936, -1.599783404999924 ], [ -50.414612173999913, -1.603681502999956 ], [ -50.417747359999971, -1.604869409000012 ], [ -50.421531104999957, -1.604154884999955 ], [ -50.424412672, -1.605973261999951 ], [ -50.426863606000012, -1.607890176000017 ], [ -50.428586367, -1.604265642999971 ], [ -50.430749299, -1.600731222 ], [ -50.43371958999991, -1.598019561 ], [ -50.435729210000012, -1.595297182 ], [ -50.406060921999902, -1.582159763999949 ], [ -50.29098497899993, -1.531207268999948 ], [ -50.289025736, -1.526625671000028 ], [ -50.28694658300001, -1.522264086000016 ], [ -50.284529074, -1.518169965000018 ], [ -50.282830039999936, -1.513267598000025 ], [ -50.282747888999978, -1.508736223 ], [ -50.283834377999902, -1.504471266999987 ], [ -50.283004693999906, -1.50037089 ], [ -50.279970315999932, -1.493280548999989 ], [ -50.279418209999989, -1.490283466999989 ], [ -50.282873402999968, -1.483849393 ], [ -50.286998429999947, -1.477696148999987 ], [ -50.288192285999962, -1.465998631999978 ], [ -50.28907953600001, -1.462529234999979 ], [ -50.288969119999933, -1.458630411999975 ], [ -50.288301405999931, -1.454270413 ], [ -50.289304354999963, -1.451456382999963 ], [ -50.289330173999964, -1.441104266999984 ], [ -50.289667811999927, -1.437919121999967 ], [ -50.289917761, -1.433379231999945 ], [ -50.291970538999941, -1.430909813 ], [ -50.290053664999967, -1.427656927999967 ], [ -50.290190806999945, -1.420573706 ], [ -50.288200556999939, -1.417673592999948 ], [ -50.288525288999985, -1.41067912700005 ], [ -50.287055586999969, -1.407598477999974 ], [ -50.286863377999964, -1.404702172999963 ], [ -50.285583258999921, -1.401623644999974 ], [ -50.282226638999923, -1.398457895999963 ], [ -50.279164479999956, -1.397748208999952 ], [ -50.276082737999971, -1.397491521999941 ], [ -50.273912861000021, -1.394509989999984 ], [ -50.270921975999912, -1.393621741999942 ], [ -50.267831793999939, -1.392450873999964 ], [ -50.264967041999959, -1.39192470899995 ], [ -50.262165765, -1.391034061999976 ], [ -50.258806280999941, -1.389693117999959 ], [ -50.256167569999931, -1.38771259999996 ], [ -50.254885974999937, -1.384995157 ], [ -50.252106657999924, -1.38728380999992 ], [ -50.249052176999975, -1.386843080999958 ], [ -50.245416943999928, -1.384292474999951 ], [ -50.244417582000018, -1.379239153 ], [ -50.242220601999961, -1.376347040999972 ], [ -50.242329323999989, -1.375777788999946 ], [ -50.242827632999919, -1.373162473 ], [ -50.245416890999927, -1.36652385299997 ], [ -50.246751162999921, -1.363700469000042 ], [ -50.247636695, -1.360516308999928 ], [ -50.245000235, -1.358807523999941 ], [ -50.240858320999955, -1.356743553999964 ], [ -50.238390951, -1.354933077 ], [ -50.235140476, -1.353414669999955 ], [ -50.228720629999941, -1.350812960999983 ], [ -50.225838296999932, -1.349472919999952 ], [ -50.222828726999964, -1.348482815 ], [ -50.219852006999965, -1.346586761999982 ], [ -50.212532089999961, -1.342639156000027 ], [ -50.209802467999971, -1.340748931999949 ], [ -50.207188819999899, -1.339403933999952 ], [ -50.197410223999945, -1.335600578999943 ], [ -50.19613592799994, -1.335105004999972 ], [ -50.192805150999952, -1.334396889 ], [ -50.190083192999978, -1.332785553 ], [ -50.186304541999966, -1.331165365999967 ], [ -50.181857202999964, -1.329650627000047 ], [ -50.172655765999892, -1.327437315999971 ], [ -50.169309818999984, -1.326084021 ], [ -50.162437675999989, -1.324313789999989 ], [ -50.156313692, -1.323350506999956 ], [ -50.153303101999946, -1.322458839999987 ], [ -50.150051136999906, -1.321932239000025 ], [ -50.146528433999933, -1.321582972 ], [ -50.142943436999964, -1.321423993999984 ], [ -50.139863661999961, -1.320533126 ], [ -50.131831239999975, -1.320678494999941 ], [ -50.127327131999984, -1.321608037000024 ], [ -50.124080911999975, -1.323172038999934 ], [ -50.118773909, -1.327286253 ], [ -50.116281196999978, -1.329655329 ], [ -50.113860819, -1.332303306999973 ], [ -50.111330326999969, -1.334683116999971 ], [ -50.108640464999986, -1.336690919 ], [ -50.106374144999961, -1.339628719999988 ], [ -50.100836623999911, -1.345088517 ], [ -50.097862252999924, -1.346292778 ], [ -50.095083489999958, -1.347669672999965 ], [ -50.091836715999904, -1.348953770999985 ], [ -50.088420813999974, -1.349796379999981 ], [ -50.083892756999958, -1.349906357999933 ], [ -50.080918, -1.34965704 ], [ -50.077587201999947, -1.347857093000018 ], [ -50.074858554999956, -1.345425659999924 ], [ -50.069860218000017, -1.341816773999929 ], [ -50.06641140899994, -1.340205243 ], [ -50.063999244999934, -1.338217358 ], [ -50.060721198999957, -1.337146552000048 ], [ -50.0573874789999, -1.336616991000019 ], [ -50.054134212999934, -1.336911282999944 ], [ -50.050799068999936, -1.33783427799993 ], [ -50.047220729999893, -1.339678020999981 ], [ -50.044251780999915, -1.341414467999948 ], [ -50.041992699999959, -1.343703297999967 ], [ -50.039751015999933, -1.346340391000025 ], [ -50.038690470999931, -1.349263589999952 ], [ -50.035837188999928, -1.354999597 ], [ -50.034942727, -1.357992512 ], [ -50.032472454999976, -1.364095381000032 ], [ -50.030330268999919, -1.370643534999951 ], [ -50.02927090599993, -1.371154216000017 ], [ -50.027273579999964, -1.372117132000019 ], [ -50.024190243999932, -1.372312276 ], [ -50.021298902999973, -1.371602849000011 ], [ -50.017885187999966, -1.369989473000013 ], [ -50.015778466, -1.367550991999957 ], [ -50.012858827999928, -1.36220617999995 ], [ -50.011497908999942, -1.358673732999973 ], [ -50.009856479999932, -1.355777763 ], [ -50.00835981599991, -1.348971156 ], [ -50.008168336999965, -1.345162801000024 ], [ -50.007248122999947, -1.341897259000016 ], [ -50.00355825, -1.340463995 ], [ -50.000414961999979, -1.3399798 ], [ -49.994742327000026, -1.33666231199995 ], [ -49.989167044999959, -1.332600747999981 ], [ -49.987500164999972, -1.329855510999947 ], [ -49.98507878399991, -1.326928625999981 ], [ -49.982503495999907, -1.324713292 ], [ -49.979612677, -1.323139776000017 ], [ -49.976303004999977, -1.321644072999986 ], [ -49.973358629999986, -1.318175117000022 ], [ -49.975142422999959, -1.300634308999973 ], [ -49.849627327999912, -1.340836666000014 ], [ -49.849130266, -1.340929626999978 ], [ -49.848848331999939, -1.340268894000021 ], [ -49.846052235999956, -1.333723856 ], [ -49.840608414999927, -1.328032174999985 ], [ -49.830944157000019, -1.320664814999963 ], [ -49.827161034, -1.319169306999948 ], [ -49.824108251, -1.318324445000032 ], [ -49.820030073999909, -1.318103816999985 ], [ -49.813860480999956, -1.320852472999947 ], [ -49.811332975, -1.32291365099996 ], [ -49.807778866, -1.325236435999946 ], [ -49.805133325999961, -1.327476861000045 ], [ -49.801966456999942, -1.329807474999969 ], [ -49.799049068999963, -1.332318878000018 ], [ -49.796745959, -1.335020716000015 ], [ -49.793659783999921, -1.337431673000014 ], [ -49.790913469999971, -1.340765856000017 ], [ -49.788275894999963, -1.343557246999962 ], [ -49.780525935999904, -1.351282199 ], [ -49.778139704, -1.354704376 ], [ -49.776130184999907, -1.356958324999971 ], [ -49.774213798999973, -1.359389195999929 ], [ -49.772025606999932, -1.36154900600002 ], [ -49.767604773, -1.362498130999947 ], [ -49.759832007999911, -1.362050613999957 ], [ -49.750750423999897, -1.360863935999914 ], [ -49.741819318, -1.359956192999947 ], [ -49.738745789999967, -1.360191547999969 ], [ -49.733056026000021, -1.361218591999949 ], [ -49.726775501999953, -1.365519154999975 ], [ -49.723910712999974, -1.37066355799992 ], [ -49.722686895999963, -1.376190547 ], [ -49.721720768999965, -1.383809346000033 ], [ -49.720359039, -1.39150856999998 ], [ -49.718967034999935, -1.396034152999972 ], [ -49.71744784, -1.401800406999945 ], [ -49.716604519999947, -1.405003071 ], [ -49.71411913, -1.41231053400003 ], [ -49.712633065999974, -1.415133210999988 ], [ -49.710855515999981, -1.41910786799996 ], [ -49.710445778999919, -1.420907014999964 ], [ -49.709288080999968, -1.425990436999927 ], [ -49.70920000199996, -1.426377187999952 ], [ -49.709164097000013, -1.426534847000029 ], [ -49.708689297999982, -1.429619998000033 ], [ -49.707748682999963, -1.432881026999935 ], [ -49.707084195999961, -1.436956912000023 ], [ -49.706770685999956, -1.441221031999964 ], [ -49.706774257999982, -1.448401335999963 ], [ -49.706552819999956, -1.451936051999949 ], [ -49.706555264999984, -1.459656542999967 ], [ -49.706770326000012, -1.465167982 ], [ -49.706909951999933, -1.476725084999932 ], [ -49.706523937999968, -1.48072391099995 ], [ -49.706926787, -1.484311235999938 ], [ -49.707189169999943, -1.486642953999953 ], [ -49.707053995999949, -1.490086744999966 ], [ -49.707269251, -1.495850705999926 ], [ -49.707191706999971, -1.503811830999959 ], [ -49.708919232, -1.507297177999947 ], [ -49.710608894, -1.511296504 ], [ -49.712049234999895, -1.514122074999937 ], [ -49.713103721000017, -1.517117333999964 ], [ -49.714891885, -1.520819292999933 ], [ -49.717526602999946, -1.525857669999988 ], [ -49.719135126999987, -1.529954312000017 ], [ -49.720550767999967, -1.536587448999951 ], [ -49.720383016999946, -1.54004204799997 ], [ -49.719445386, -1.546497300999929 ], [ -49.718278687999913, -1.549308663000017 ], [ -49.715996511999911, -1.558024743999988 ], [ -49.715970610999904, -1.561937737999921 ], [ -49.716577936999968, -1.568208514999982 ], [ -49.717135024999969, -1.572213796 ], [ -49.716578612999939, -1.577118616999931 ], [ -49.714664925999962, -1.580839222000021 ], [ -49.714024040999959, -1.586148765999953 ], [ -49.713911706999987, -1.589198516999959 ], [ -49.712105565999941, -1.593459495 ], [ -49.710550772, -1.601727785000042 ], [ -49.707827377999898, -1.605807316999988 ], [ -49.70646467499995, -1.608536960999976 ], [ -49.701386032999935, -1.61379012399995 ], [ -49.699466309999906, -1.616423853 ], [ -49.697660673999984, -1.620773952000034 ], [ -49.695579923999951, -1.623043875 ], [ -49.692940903999911, -1.625398259999935 ], [ -49.689603921999947, -1.626753738 ], [ -49.687888313000016, -1.630565568 ], [ -49.688329381999914, -1.634021305000024 ], [ -49.687802497999932, -1.635048630000027 ], [ -49.687652022999913, -1.635342027999966 ], [ -49.684882914999946, -1.640741266999948 ], [ -49.682684474999945, -1.643367937999942 ], [ -49.676194376999945, -1.64826226599998 ], [ -49.673751877, -1.651520490999916 ], [ -49.673472723, -1.651778692999963 ], [ -49.671302515000022, -1.653789425999976 ], [ -49.667659476999958, -1.655323486999984 ], [ -49.664967645999987, -1.657499871000025 ], [ -49.662409425999975, -1.660217591 ], [ -49.657551546000022, -1.662469414999981 ], [ -49.655720226999932, -1.665647682999962 ], [ -49.651826086999961, -1.666912346999974 ], [ -49.648658383999965, -1.669267917 ], [ -49.645050936, -1.670521450999987 ], [ -49.643134644999982, -1.675520067000038 ], [ -49.637738730999921, -1.678104105999969 ], [ -49.636720982, -1.678591493999972 ], [ -49.63274289000001, -1.676761991000033 ], [ -49.627882236999916, -1.676568059999974 ], [ -49.624525648999928, -1.678556951999957 ], [ -49.623104804999961, -1.674918928999949 ], [ -49.619583833999954, -1.674450262999985 ], [ -49.615852843999981, -1.674261556 ], [ -49.615415897999981, -1.677164986999982 ], [ -49.616217018, -1.68062124399996 ], [ -49.615140647999944, -1.683711687999958 ], [ -49.61205280399998, -1.686068093999973 ], [ -49.609159707999972, -1.681326707999977 ], [ -49.605216255, -1.677683965000023 ], [ -49.601414061, -1.677585226999936 ], [ -49.59843726, -1.678118626000016 ], [ -49.593973499999962, -1.678474631999984 ], [ -49.584520919999896, -1.680079869999931 ], [ -49.577550260999921, -1.682607656 ], [ -49.574831070999913, -1.684864643999964 ], [ -49.575273629000023, -1.687868186999966 ], [ -49.576553974, -1.690783480999949 ], [ -49.578771079999946, -1.695143594999928 ], [ -49.582747166999951, -1.697434823999968 ], [ -49.58563872900001, -1.698443207 ], [ -49.587880335999941, -1.700719664999975 ], [ -49.58888711500002, -1.704175402 ], [ -49.592580688999917, -1.705817732 ], [ -49.589861929999941, -1.710994339999941 ], [ -49.589465569000012, -1.714537025999965 ], [ -49.590638308999964, -1.724350021000012 ], [ -49.590605523999919, -1.727263274999915 ], [ -49.58924600199996, -1.736080334999981 ], [ -49.589580565999931, -1.739072889999962 ], [ -49.592631456999946, -1.74615013299996 ], [ -49.597136385999917, -1.751724137999924 ], [ -49.600302517999957, -1.754466427999981 ], [ -49.602724262999963, -1.75692294499993 ], [ -49.605442477999979, -1.75866062 ], [ -49.607775135999987, -1.760397393 ] ] ] ] } },
{ "type": "Feature", "properties": { "CD_MUN": "1503101", "NM_MUN": "Gurupá", "SIGLA": "PA", "AREA_KM2": 8570.286 }, "geometry": { "type": "MultiPolygon", "coordinates": [ [ [ [ -51.094455162, -0.661555119999937 ], [ -51.103445273999988, -0.66611076999993 ], [ -51.109310631, -0.667922465 ], [ -51.112975632, -0.668583074000031 ], [ -51.115920840999891, -0.669570226 ], [ -51.122972284999975, -0.672536062999987 ], [ -51.130202245999911, -0.675947325999973 ], [ -51.135033998000011, -0.677033170999932 ], [ -51.139139209999946, -0.677694969999978 ], [ -51.147088959999927, -0.680797809000024 ], [ -51.150196268999899, -0.682652212999981 ], [ -51.158232427000016, -0.690036566999987 ], [ -51.161329622999951, -0.69378151499996 ], [ -51.164479776999912, -0.697591546999989 ], [ -51.178419897999937, -0.717112374 ], [ -51.185447740999933, -0.726285854999977 ], [ -51.186703655999928, -0.730684686999963 ], [ -51.189365440999985, -0.740966556 ], [ -51.189585552, -0.742383034999952 ], [ -51.191700693999941, -0.755982343000019 ], [ -51.19264882799996, -0.77618119 ], [ -51.191806089999957, -0.788398374999923 ], [ -51.190927974999951, -0.796951823000027 ], [ -51.18747210699992, -0.822586210999967 ], [ -51.186582938999976, -0.829878619 ], [ -51.183418207999964, -0.840705683999934 ], [ -51.18186587099995, -0.84428422 ], [ -51.177561800999989, -0.85632163699997 ], [ -51.175728993999954, -0.863699059999936 ], [ -51.174296231999982, -0.869464432000013 ], [ -51.17323242299998, -0.875585953999982 ], [ -51.172511156999988, -0.883715681000021 ], [ -51.169366038, -0.896324600999945 ], [ -51.169003935999967, -0.899873230000017 ], [ -51.168944903999964, -0.90533791 ], [ -51.169980083, -0.914318041999964 ], [ -51.170644732999925, -0.917994842999983 ], [ -51.170391597999938, -0.929068627999987 ], [ -51.171672987999912, -0.935546051 ], [ -51.171453078999924, -0.938644966 ], [ -51.171649920999961, -0.941888740999977 ], [ -51.174866757999936, -0.95024656299997 ], [ -51.17642562299995, -0.955676472999913 ], [ -51.177561751999988, -0.962742764999982 ], [ -51.178536404999896, -0.967295141999971 ], [ -51.17753077, -0.977357597999964 ], [ -51.179834726999935, -0.98232751999995 ], [ -51.180614964999926, -0.98614900999995 ], [ -51.185196361999914, -0.996551383 ], [ -51.185353619999958, -1.000740896999988 ], [ -51.185297810999963, -1.005068428999936 ], [ -51.184616429999984, -1.012790816999933 ], [ -51.186004849999932, -1.017634475999953 ], [ -51.190841597, -1.025516191999989 ], [ -51.191756684999952, -1.036275035999958 ], [ -51.192392638999905, -1.039510240999943 ], [ -51.198505872999895, -1.054601424 ], [ -51.199310536999953, -1.059019207999947 ], [ -51.202612190999929, -1.06426939200003 ], [ -51.205366382, -1.069828025999966 ], [ -51.207474626999989, -1.073325686 ], [ -51.208568463, -1.076850425999956 ], [ -51.209337176, -1.080228538000041 ], [ -51.210700968999951, -1.091112659999984 ], [ -51.213505547999922, -1.100376746999912 ], [ -51.216866879999955, -1.107987466 ], [ -51.21839067699991, -1.112828774 ], [ -51.220057809, -1.116192433000043 ], [ -51.224139357999938, -1.126028751999977 ], [ -51.225286383999986, -1.129240189000038 ], [ -51.228170016999925, -1.136409778000038 ], [ -51.22942860199997, -1.140388248999971 ], [ -51.231785316999918, -1.14699009599998 ], [ -51.23281044299992, -1.150785891999986 ], [ -51.232870348, -1.153883396000035 ], [ -51.235538043, -1.164021149999952 ], [ -51.237814774999912, -1.168703454000033 ], [ -51.244614893999895, -1.180381933999977 ], [ -51.246560007999982, -1.184186843000026 ], [ -51.25649723, -1.200808016999924 ], [ -51.263356886999944, -1.207616111999945 ], [ -51.271680086999915, -1.21456486599997 ], [ -51.2740748269999, -1.217065027999977 ], [ -51.276309107999936, -1.220976958 ], [ -51.271841746999968, -1.224449354999981 ], [ -51.26894635499994, -1.225683962 ], [ -51.262980048999935, -1.226680539000027 ], [ -51.259923506, -1.227334116000014 ], [ -51.257172612999931, -1.228716985999947 ], [ -51.254181194999958, -1.231579243999983 ], [ -51.249816053999915, -1.234309074999986 ], [ -51.237010244999958, -1.237802391999923 ], [ -51.218114115999946, -1.227519279999969 ], [ -51.213003384999944, -1.226582637 ], [ -51.209059685999954, -1.226659803 ], [ -51.211640264999957, -1.230971209999945 ], [ -51.297131658999916, -1.373794584 ], [ -51.321527, -1.414549854000038 ], [ -51.325805070999948, -1.42169691299995 ], [ -51.419044941000024, -1.577507190000018 ], [ -51.457941679999948, -1.642506333999973 ], [ -51.458117450000017, -1.642801090000026 ], [ -51.462098189999956, -1.641723813999976 ], [ -51.46614490999994, -1.641772338 ], [ -51.476642573999975, -1.640242528999982 ], [ -51.478319558, -1.640212126999954 ], [ -51.480011820999948, -1.64018084000003 ], [ -51.484228760999983, -1.639211306999924 ], [ -51.496344756999974, -1.638540810999958 ], [ -51.500287715999903, -1.63891619500002 ], [ -51.504258896999943, -1.639725289 ], [ -51.51117762599997, -1.64210204 ], [ -51.515593992999982, -1.644826224999987 ], [ -51.516275276999956, -1.645488446999979 ], [ -51.518421454999981, -1.647576438999989 ], [ -51.521562181999968, -1.651357963999969 ], [ -51.529147517999903, -1.658297454000026 ], [ -51.532702233999949, -1.660885080999988 ], [ -51.53542790799996, -1.666005156999963 ], [ -51.537510533999971, -1.668618059999973 ], [ -51.54353851299993, -1.678392790999963 ], [ -51.547288937, -1.682599849999979 ], [ -51.549955195999985, -1.684915359999986 ], [ -51.558953621999954, -1.690204289999988 ], [ -51.566031551, -1.693319604 ], [ -51.571898237999946, -1.694829599999972 ], [ -51.578511055999975, -1.696184213999965 ], [ -51.586426694999972, -1.697069698999956 ], [ -51.593428168999921, -1.69737664199995 ], [ -51.599337648999928, -1.69918935100001 ], [ -51.605621636999928, -1.700487487999949 ], [ -51.609150166999939, -1.701065652 ], [ -51.614425001999926, -1.701559240999986 ], [ -51.623809917999907, -1.704036759999985 ], [ -51.629366613999949, -1.704812592999962 ], [ -51.63195539, -1.705020702999951 ], [ -51.639754729999972, -1.705647687999958 ], [ -51.647645978, -1.705207405999944 ], [ -51.660777054999961, -1.706724379000049 ], [ -51.667010696999967, -1.708085598999967 ], [ -51.671978915999901, -1.708732316 ], [ -51.684484546999983, -1.712479466999985 ], [ -51.70030207, -1.716164641999987 ], [ -51.713040994999936, -1.716518857999985 ], [ -51.717002283999953, -1.716743200999984 ], [ -51.718077859999951, -1.716904436 ], [ -51.732815160999941, -1.719107993999982 ], [ -51.740361606999947, -1.720730013999985 ], [ -51.761095895, -1.723136660999982 ], [ -51.769025477, -1.72609018600002 ], [ -51.770537944999901, -1.726934194999954 ], [ -51.778622305999917, -1.729736986999955 ], [ -51.783625925999942, -1.731702055 ], [ -51.786584356999938, -1.732628192999988 ], [ -51.793175145999925, -1.735365064999952 ], [ -51.796791292999984, -1.736430236999977 ], [ -51.804817981000028, -1.739420016 ], [ -51.809541268999943, -1.742134825 ], [ -51.825255724999963, -1.746710527999964 ], [ -51.830595809999934, -1.750006245999982 ], [ -51.836347882999974, -1.752992475999973 ], [ -51.841486399999965, -1.754961313999983 ], [ -51.849406081999945, -1.757312935999957 ], [ -51.854703078999904, -1.758248088999972 ], [ -51.859682199999945, -1.758154422999949 ], [ -51.864599520999931, -1.756290258999984 ], [ -51.868343260999978, -1.75267780699996 ], [ -51.869900540999957, -1.749698161999982 ], [ -51.873431631, -1.735313772999971 ], [ -51.876841427999949, -1.731259829000011 ], [ -51.881787143999979, -1.728807206999941 ], [ -51.886450970999952, -1.729309492000022 ], [ -51.889847080000017, -1.730280299999967 ], [ -51.894741886, -1.734037234999954 ], [ -51.899202718999966, -1.738514891999978 ], [ -51.903953440999935, -1.742550046999982 ], [ -51.906620769999918, -1.744272878999977 ], [ -51.908846329999946, -1.74644258 ], [ -51.913316403999964, -1.751527616 ], [ -51.91734732799997, -1.754694392000014 ], [ -51.920625013999917, -1.758765906 ], [ -51.92449472499991, -1.762251547999929 ], [ -51.930098749999964, -1.772461389999949 ], [ -51.932180607, -1.77537296899998 ], [ -51.935482328999981, -1.780473961999975 ], [ -51.938624976999947, -1.783957937000027 ], [ -51.94381479, -1.788427536 ], [ -51.950097822999929, -1.795838381999983 ], [ -51.952180520999946, -1.798008904999984 ], [ -51.959434588999919, -1.810738777999967 ], [ -51.962882195999981, -1.823618053999967 ], [ -51.963525315, -1.825572777999964 ], [ -51.966735664999959, -1.825628849999985 ], [ -51.967979879999966, -1.82294600200005 ], [ -51.970059081999963, -1.817011342 ], [ -51.977184942999898, -1.806090661999962 ], [ -51.978451557999982, -1.803415029 ], [ -51.979536857999982, -1.799703435999946 ], [ -51.980458550999948, -1.794372046999984 ], [ -51.981202565999958, -1.787123495999934 ], [ -51.985732785999978, -1.77922022699998 ], [ -51.987120655999973, -1.767390063999921 ], [ -51.986402018999932, -1.758694699999976 ], [ -51.98826281299997, -1.749061264000042 ], [ -51.989823643999976, -1.745935780999988 ], [ -51.990040678, -1.742981475999974 ], [ -51.988177691999944, -1.736965566000039 ], [ -51.987677670999965, -1.733874925999936 ], [ -51.986422301999923, -1.729472966999959 ], [ -51.984037181999931, -1.725971806 ], [ -51.983816067999932, -1.722582314000034 ], [ -51.984205501, -1.718886179000014 ], [ -51.984874869999963, -1.715624163000031 ], [ -51.986128094, -1.712651977999959 ], [ -51.986761096999977, -1.707184636000028 ], [ -51.986067431999956, -1.700991950999944 ], [ -51.983864270000012, -1.697584877999949 ], [ -51.983483401999941, -1.696995885999977 ], [ -51.982073573, -1.694815658999973 ], [ -51.981667020999929, -1.694186948 ], [ -51.981559532999917, -1.694020722999925 ], [ -51.98150255, -1.693948191999963 ], [ -51.979764786000011, -1.691736281 ], [ -51.977201148999903, -1.688473159999928 ], [ -51.970818382999902, -1.682545714999941 ], [ -51.967956484999988, -1.678612124 ], [ -51.966137376999932, -1.677263936 ], [ -51.964089182999928, -1.675745965999988 ], [ -51.963681041, -1.675443481999919 ], [ -51.962595590999982, -1.672658674999985 ], [ -51.963204850999944, -1.666603913999944 ], [ -51.96256979399989, -1.663665936000038 ], [ -51.960876377999931, -1.658676163999919 ], [ -51.959064604999945, -1.656051493 ], [ -51.956540901999944, -1.653590578999955 ], [ -51.95339934499998, -1.649819446000036 ], [ -51.952036636999942, -1.646590622999957 ], [ -51.954737249999923, -1.643004475999978 ], [ -51.958039089999914, -1.639392719999924 ], [ -51.958510138999898, -1.633925284999984 ], [ -51.958256813999988, -1.628474279999983 ], [ -51.959749814999974, -1.626114929 ], [ -51.960812218999948, -1.624436038 ], [ -51.965039801999978, -1.622433903999978 ], [ -51.970395372999988, -1.620271108 ], [ -51.970896291999956, -1.615390214 ], [ -51.970026060999984, -1.610267536 ], [ -51.966924750999972, -1.605723772 ], [ -51.962901240999955, -1.602259130999952 ], [ -51.958321764999944, -1.599398576999969 ], [ -51.95622987699997, -1.597372000999977 ], [ -51.956388255000014, -1.595590534999927 ], [ -51.956729687999932, -1.591750039000042 ], [ -51.959904201999962, -1.589475648999974 ], [ -51.969427100999987, -1.590623864999943 ], [ -51.972958653999974, -1.591739929 ], [ -51.976488448999909, -1.59373900100003 ], [ -51.988088201, -1.597645823999985 ], [ -51.993539607999949, -1.598871210999944 ], [ -51.996450658999933, -1.599112787999948 ], [ -52.00214755599994, -1.598852649 ], [ -52.005678662999983, -1.599526731 ], [ -52.009418457999978, -1.59906581899997 ], [ -52.013256450999918, -1.598350117 ], [ -52.015597607999915, -1.598212299999959 ], [ -52.017040048999981, -1.598126934 ], [ -52.020257140999981, -1.597325651999961 ], [ -52.025201348999971, -1.596645333999982 ], [ -52.030933199999936, -1.597416404 ], [ -52.040018566999912, -1.59945966499996 ], [ -52.043369475999967, -1.599689742 ], [ -52.046765653999948, -1.600515486999923 ], [ -52.049846684999963, -1.601041756999946 ], [ -52.055155931999963, -1.601124558000047 ], [ -52.064620128999927, -1.602683659 ], [ -52.068709283999958, -1.602452537999968 ], [ -52.080923363999986, -1.605037354999963 ], [ -52.09245158100002, -1.606874901999946 ], [ -52.095647367999938, -1.605776993999966 ], [ -52.104983577999974, -1.604869194 ], [ -52.108956754999909, -1.605670105 ], [ -52.11526408399989, -1.606138743999965 ], [ -52.118763697, -1.605925054999959 ], [ -52.125347688999945, -1.606535831999958 ], [ -52.128258888999945, -1.60707270799997 ], [ -52.134261840999962, -1.607249967999982 ], [ -52.139265678999912, -1.608193695 ], [ -52.144955259999932, -1.608082300000016 ], [ -52.150178321999903, -1.607092784000033 ], [ -52.156156162999977, -1.605209982999947 ], [ -52.159347016999931, -1.604561164 ], [ -52.162401646999989, -1.604499747999979 ], [ -52.173535810999923, -1.604881276000016 ], [ -52.179680864999973, -1.605944354999957 ], [ -52.184625181999976, -1.605108139999958 ], [ -52.190457258999977, -1.604408285999961 ], [ -52.196622867999949, -1.604585502999969 ], [ -52.199822441, -1.604226769999952 ], [ -52.201666320999983, -1.603412161999964 ], [ -52.204011847999894, -1.602376533999985 ], [ -52.208345807999933, -1.59963333400003 ], [ -52.210791237999942, -1.597373865999954 ], [ -52.213652726, -1.593046575000026 ], [ -52.215877529999965, -1.587101593 ], [ -52.219541439999979, -1.579647374 ], [ -52.222381527999957, -1.575023514999954 ], [ -52.22492146799997, -1.570368648999922 ], [ -52.232878243, -1.558441700999937 ], [ -52.235459087000024, -1.555289144999952 ], [ -52.237429843000015, -1.552009515000021 ], [ -52.239719109999982, -1.547151868 ], [ -52.241929540999905, -1.543063393000024 ], [ -52.243570167999941, -1.536836617999962 ], [ -52.245430273999922, -1.525881503999917 ], [ -52.245759221999961, -1.520267404000011 ], [ -52.248237261, -1.511808538 ], [ -52.250182106999986, -1.507046340999976 ], [ -52.251873002999915, -1.504064694 ], [ -52.24615180699994, -1.501365432999959 ], [ -52.241178877999971, -1.494527646999968 ], [ -52.238790895999919, -1.490440833000042 ], [ -52.235674512999907, -1.48814052200005 ], [ -52.23024134299996, -1.486029983000039 ], [ -52.213231817, -1.483261054 ], [ -52.189959601999924, -1.481930462000038 ], [ -52.178099123000017, -1.480381333000027 ], [ -52.163184209999898, -1.478897413 ], [ -52.155851341999977, -1.478006385999988 ], [ -52.141764422999977, -1.475029827 ], [ -52.135481580999986, -1.47470637599997 ], [ -52.126507520999986, -1.472077546999975 ], [ -52.124407354999946, -1.470054698000025 ], [ -52.116570592999985, -1.471083905999917 ], [ -52.111565207, -1.47014956799997 ], [ -52.101844533999952, -1.466344133999966 ], [ -52.095538822000016, -1.464405382999958 ], [ -52.085954751, -1.459567857 ], [ -52.081374923999952, -1.456998787999977 ], [ -52.077403493999981, -1.455449791999976 ], [ -52.073873561999946, -1.45463329600001 ], [ -52.070776503999937, -1.453059742999931 ], [ -52.06181847600002, -1.449694245 ], [ -52.055816582, -1.448777093999967 ], [ -52.046426649999965, -1.448218536000025 ], [ -52.04204368499996, -1.446677308999957 ], [ -52.035673351999918, -1.443698164999931 ], [ -52.028513923999959, -1.441921336 ], [ -52.017346936999971, -1.438883780000024 ], [ -52.014265194999986, -1.438356869999948 ], [ -52.007984136999958, -1.438178736999953 ], [ -52.004317149999956, -1.437950466999984 ], [ -51.998316463999949, -1.436733172999984 ], [ -51.991119211999965, -1.435099968000033 ], [ -51.987563786999957, -1.432665587999962 ], [ -51.978816859999917, -1.425446419000034 ], [ -51.975092, -1.421537812999931 ], [ -51.971375340999977, -1.418535734999962 ], [ -51.95581372399991, -1.40596654099995 ], [ -51.952816247999962, -1.402625312999985 ], [ -51.948314131999958, -1.396652759 ], [ -51.944849852999937, -1.392786046999985 ], [ -51.936514601999946, -1.382420531999964 ], [ -51.930291558999926, -1.376630933999925 ], [ -51.919258327, -1.364736734999985 ], [ -51.914456338999955, -1.358487538000022 ], [ -51.909681582999951, -1.352968633 ], [ -51.904432222999937, -1.345536986999987 ], [ -51.901426512999933, -1.340282654 ], [ -51.898842230999982, -1.335020566 ], [ -51.897147557000011, -1.330769653 ], [ -51.896009191999966, -1.325328074999979 ], [ -51.892479965999904, -1.31536299499996 ], [ -51.890927702999896, -1.309478252999954 ], [ -51.890231938999975, -1.295778601999933 ], [ -51.89059416500001, -1.2923808 ], [ -51.889957439999911, -1.281028249000018 ], [ -51.889124928999948, -1.274990503999964 ], [ -51.887320221000017, -1.272222638000011 ], [ -51.884179612999958, -1.26917532399994 ], [ -51.87975987799993, -1.266756877000033 ], [ -51.875754087999958, -1.263582345 ], [ -51.872623303, -1.259512029999934 ], [ -51.871259788999978, -1.256726485999939 ], [ -51.868041106999939, -1.249115272 ], [ -51.862654535999937, -1.242276825000035 ], [ -51.860121524999968, -1.240115744000017 ], [ -51.85231813599993, -1.235247326 ], [ -51.847898271999981, -1.234148414999927 ], [ -51.843038960999905, -1.232022513999977 ], [ -51.833457085999974, -1.226455927 ], [ -51.830932844999928, -1.224583179000041 ], [ -51.816310876999978, -1.217178009 ], [ -51.808039593999951, -1.210989936000031 ], [ -51.798674983999966, -1.20349065599993 ], [ -51.794121573999981, -1.200920465 ], [ -51.790700985999933, -1.198609657000018 ], [ -51.78692247499994, -1.192202138000011 ], [ -51.782985552999982, -1.183866952999937 ], [ -51.780733301999966, -1.172118120999945 ], [ -51.779287861999919, -1.166077637999932 ], [ -51.778237648999976, -1.154384927999965 ], [ -51.77825868499994, -1.14926737600002 ], [ -51.777876421999935, -1.143961542999952 ], [ -51.778399377999946, -1.140412275 ], [ -51.779371910999949, -1.137592625999941 ], [ -51.774927458, -1.134722700999982 ], [ -51.772397273, -1.132407318999986 ], [ -51.765521822, -1.12440716500001 ], [ -51.755428776999963, -1.114172534999982 ], [ -51.747914600999962, -1.107219381999949 ], [ -51.747783512999952, -1.107099094000032 ], [ -51.746803563999961, -1.106257506000032 ], [ -51.745061070999938, -1.104761040000026 ], [ -51.739841354999982, -1.100553219999947 ], [ -51.729435019999954, -1.091147262 ], [ -51.724994037999949, -1.087278064999966 ], [ -51.716649552999989, -1.079289817 ], [ -51.709539150999916, -1.073076417999976 ], [ -51.704336455999943, -1.067741025999949 ], [ -51.700426963999945, -1.063210867999933 ], [ -51.699314489, -1.059788867999947 ], [ -51.691652508999937, -1.046107580999935 ], [ -51.688185835999988, -1.03924827699994 ], [ -51.687230423999985, -1.036009872999957 ], [ -51.686228037, -1.029385544000041 ], [ -51.685646869999964, -1.012862288999985 ], [ -51.687099031999949, -1.004869831999935 ], [ -51.689763558999964, -0.997587563000026 ], [ -51.690146673999955, -0.987988565000011 ], [ -51.690096602999986, -0.983727008000015 ], [ -51.689595012999966, -0.980172681 ], [ -51.689922485999972, -0.975590596999956 ], [ -51.691981648, -0.959760385999955 ], [ -51.693288498999941, -0.942752191 ], [ -51.695589465999902, -0.924718987999986 ], [ -51.695513508000012, -0.921291452999986 ], [ -51.693936016999963, -0.908380216 ], [ -51.692730995, -0.901629307 ], [ -51.692361787, -0.900129041999955 ], [ -51.69048614699998, -0.892512946999959 ], [ -51.691374440999937, -0.885684760999963 ], [ -51.691618611999978, -0.866933643999959 ], [ -51.690952685999946, -0.85381250300002 ], [ -51.689813661999935, -0.847485494000013 ], [ -51.688874758999965, -0.844547228 ], [ -51.688234004999977, -0.832608987999963 ], [ -51.688396736999941, -0.829314447999954 ], [ -51.688205312, -0.82320669999997 ], [ -51.686068915999982, -0.818474956999973 ], [ -51.686150729999909, -0.815230976999972 ], [ -51.68581126599998, -0.811842173999979 ], [ -51.684256525999949, -0.806375235 ], [ -51.683582350999941, -0.797445205 ], [ -51.683507057000021, -0.795522353999969 ], [ -51.68344859699998, -0.794029418999989 ], [ -51.679204911999953, -0.785251928 ], [ -51.674258159000019, -0.778997009 ], [ -51.67142978199994, -0.776103856 ], [ -51.667284097999939, -0.765399120999968 ], [ -51.665481106999977, -0.761894815999922 ], [ -51.662203906999892, -0.758268636 ], [ -51.656485881, -0.749364065999982 ], [ -51.65495140999996, -0.746001814999966 ], [ -51.64777196699994, -0.734784232999965 ], [ -51.642455379999959, -0.724242718999948 ], [ -51.638983036999981, -0.719145509 ], [ -51.634010372999946, -0.710530751999974 ], [ -51.629368589999935, -0.70486193199998 ], [ -51.623228476999934, -0.69523557000001 ], [ -51.620059217, -0.69115788700004 ], [ -51.612204828, -0.676252965999948 ], [ -51.600509202999966, -0.658763022000022 ], [ -51.595536157999987, -0.650437826999974 ], [ -51.571643149999979, -0.623137180000013 ], [ -51.567368622999972, -0.619377326999961 ], [ -51.558119749999975, -0.609810832999971 ], [ -51.552638367999947, -0.604781928999989 ], [ -51.539288330999987, -0.593340753999962 ], [ -51.526217483999943, -0.580199469000044 ], [ -51.522289305999912, -0.575200367000042 ], [ -51.519317222999938, -0.57171781099993 ], [ -51.518184242999986, -0.569959071999984 ], [ -51.515116209999974, -0.566044614000019 ], [ -51.511964769, -0.563901024999849 ], [ -51.510671502000015, -0.563020448 ], [ -51.500872429999966, -0.553908891 ], [ -51.497478366999978, -0.551902575999987 ], [ -51.493643917999975, -0.550348738999942 ], [ -51.486702471999934, -0.545609675000049 ], [ -51.484618283999971, -0.543432279999925 ], [ -51.483092338999924, -0.540366988999965 ], [ -51.480398759999986, -0.536725696999953 ], [ -51.478171841999938, -0.534257342 ], [ -51.47432019999993, -0.530787261999945 ], [ -51.464756368999986, -0.519452771999953 ], [ -51.457788501999978, -0.513234042000024 ], [ -51.451484758999939, -0.504050439 ], [ -51.448145429999954, -0.497470962999982 ], [ -51.444823095999958, -0.493376964 ], [ -51.440711039999897, -0.487069194999981 ], [ -51.432479183999931, -0.473342514000032 ], [ -51.427895557999932, -0.476448693 ], [ -51.419044941000024, -0.474574365 ], [ -51.399127182999948, -0.470356307999955 ], [ -51.390529616, -0.468393767000022 ], [ -51.381771990999979, -0.466395251999954 ], [ -51.378104439999923, -0.465559274999974 ], [ -51.371928520999987, -0.463975805999963 ], [ -51.363036858999962, -0.45999135299998 ], [ -51.353163006999942, -0.45334941999994 ], [ -51.347323057, -0.450556364999946 ], [ -51.341589585999898, -0.44809057299994 ], [ -51.334854337999957, -0.445349189999957 ], [ -51.328537837999932, -0.443568933999918 ], [ -51.324108572999911, -0.442320580999924 ], [ -51.319380018999915, -0.440984530999957 ], [ -51.312281411999926, -0.438970614999947 ], [ -51.30816859799998, -0.437803785999948 ], [ -51.303847441999935, -0.436748302000014 ], [ -51.292227830999892, -0.434361535999974 ], [ -51.282224989999946, -0.433097044999977 ], [ -51.272033689999951, -0.43190637599996 ], [ -51.264034667999979, -0.431531077 ], [ -51.254987386999957, -0.430194752 ], [ -51.245691234999953, -0.430071905999965 ], [ -51.24160198, -0.430017867999934 ], [ -51.237031691999952, -0.42966358500002 ], [ -51.229505762999956, -0.429080183999977 ], [ -51.21616680999994, -0.425747262999989 ], [ -51.209096824999918, -0.42398073100002 ], [ -51.195855969999933, -0.420205496999939 ], [ -51.190560253999905, -0.417447425 ], [ -51.185341055999984, -0.414729204999977 ], [ -51.179327684, -0.41159736899993 ], [ -51.172372159999945, -0.408275417999961 ], [ -51.165290306999921, -0.404959348000036 ], [ -51.159206025999922, -0.402834909000029 ], [ -51.155051187999966, -0.402457849 ], [ -51.148251417000012, -0.409256592999965 ], [ -51.14351759100002, -0.420682552999976 ], [ -51.140947996999948, -0.436973150999966 ], [ -51.141549612999903, -0.443217709 ], [ -51.142211851999981, -0.448974706 ], [ -51.144004762999913, -0.452184363 ], [ -51.146641650999953, -0.457321903 ], [ -51.148442166999985, -0.461434798999951 ], [ -51.149387976, -0.468231461 ], [ -51.148068416999969, -0.476931099999947 ], [ -51.148449813999903, -0.483156326999969 ], [ -51.150338569999953, -0.486177356 ], [ -51.161090166999941, -0.492985153 ], [ -51.165456616, -0.49429066300001 ], [ -51.174318993, -0.496940396999959 ], [ -51.176871083999949, -0.498338568 ], [ -51.176946869999917, -0.498380086999974 ], [ -51.177290683999942, -0.498568447000016 ], [ -51.178103252999939, -0.499013615 ], [ -51.180559146999926, -0.501468176999955 ], [ -51.180914406999918, -0.505630155999972 ], [ -51.178100066999939, -0.512800376000024 ], [ -51.17489232, -0.520164973 ], [ -51.167157316999941, -0.531423403 ], [ -51.162544169999897, -0.535337480999933 ], [ -51.161761625999986, -0.53600143999998 ], [ -51.159578581999931, -0.537853669000024 ], [ -51.150720243, -0.545025568000037 ], [ -51.144673455, -0.547859839999978 ], [ -51.135793227999947, -0.549372400999983 ], [ -51.124254729999947, -0.550700650999927 ], [ -51.117470947999983, -0.548242204 ], [ -51.113740591999978, -0.546188623 ], [ -51.104439700999933, -0.541068432 ], [ -51.101795921999944, -0.541068756999943 ], [ -51.095753337999938, -0.546356701999953 ], [ -51.094900967999934, -0.550323833999924 ], [ -51.094267718999937, -0.553271117999978 ], [ -51.093831860999934, -0.555945845999952 ], [ -51.092924112999967, -0.562876953999938 ], [ -51.097349680999947, -0.575848183 ], [ -51.09914332999994, -0.581763236000024 ], [ -51.104643737999943, -0.594502245999964 ], [ -51.109140381999936, -0.600764789999966 ], [ -51.114758466999909, -0.613204189999985 ], [ -51.118110243999944, -0.618296558999978 ], [ -51.120036565999989, -0.621222244000021 ], [ -51.121839246999933, -0.625176643 ], [ -51.123504400999948, -0.635774200999952 ], [ -51.123565567999947, -0.638872298999962 ], [ -51.122594565999989, -0.641841555999969 ], [ -51.120031351999913, -0.646909895000016 ], [ -51.117891862, -0.649309435999958 ], [ -51.113425460999927, -0.651901818999958 ], [ -51.104395075999975, -0.654875396999968 ], [ -51.09991992299998, -0.657023331999964 ], [ -51.094455162, -0.661555119999937 ] ] ] ] } },
{ "type": "Feature", "properties": { "CD_MUN": "1504505", "NM_MUN": "Melgaço", "SIGLA": "PA", "AREA_KM2": 6774.065 }, "geometry": { "type": "MultiPolygon", "coordinates": [ [ [ [ -50.300411765, -1.805534994 ], [ -50.29725029199998, -1.80889474599998 ], [ -50.294719984999965, -1.811245001000019 ], [ -50.290024328999934, -1.817218684000013 ], [ -50.288191673, -1.82120377999996 ], [ -50.287115360999941, -1.825381745999968 ], [ -50.285786196999922, -1.82838237 ], [ -50.285669712999969, -1.828645645999929 ], [ -50.285191694999938, -1.833813927999985 ], [ -50.285722152999952, -1.838076437999971 ], [ -50.286971375999933, -1.842889151 ], [ -50.28849783499993, -1.847062614 ], [ -50.29127910499993, -1.849883223999962 ], [ -50.293999351999936, -1.851794033999967 ], [ -50.302525373, -1.857353099000028 ], [ -50.307859432, -1.859637638999958 ], [ -50.312364919999929, -1.862733588999967 ], [ -50.315945036999942, -1.865647116999982 ], [ -50.319552742000013, -1.867830602999989 ], [ -50.323699248, -1.871107251999939 ], [ -50.326749709999973, -1.873288688999954 ], [ -50.330081334999939, -1.875117847999954 ], [ -50.335115775999938, -1.879298922000041 ], [ -50.339967370999901, -1.883668266999985 ], [ -50.344393799999949, -1.886764201 ], [ -50.346833470000014, -1.888763911999982 ], [ -50.35115536299994, -1.891995946999971 ], [ -50.355477255999958, -1.895227981999961 ], [ -50.359693239, -1.89796252899991 ], [ -50.363669248999905, -1.900694777999936 ], [ -50.370142810999958, -1.903977455999941 ], [ -50.372475539999968, -1.90597610600002 ], [ -50.375277493999903, -1.907525383999955 ], [ -50.379136292999966, -1.910440656999937 ], [ -50.383111799999924, -1.912994268000014 ], [ -50.386611479999942, -1.915718370999988 ], [ -50.390390725, -1.917999922000027 ], [ -50.39460722, -1.921367294999934 ], [ -50.398143502000025, -1.924642988999983 ], [ -50.401193832999986, -1.926914912000024 ], [ -50.405051313999948, -1.930469312999952 ], [ -50.409665028999946, -1.933018059999982 ], [ -50.413080495000017, -1.933484720999958 ], [ -50.41633253799997, -1.934302138 ], [ -50.425057835999908, -1.935414557999939 ], [ -50.431210122000024, -1.935511504999967 ], [ -50.439121731999954, -1.932012528 ], [ -50.443114553, -1.931471230999984 ], [ -50.446359118999972, -1.931568306000022 ], [ -50.450423115999961, -1.930944092999978 ], [ -50.454473847999921, -1.931946368999951 ], [ -50.454751692999906, -1.928860872 ], [ -50.454221034999968, -1.924688729000037 ], [ -50.455942308000012, -1.922065674999986 ], [ -50.461165746999924, -1.921444703999944 ], [ -50.466503771, -1.922357530999976 ], [ -50.469638988999961, -1.922734122999961 ], [ -50.47655816199994, -1.921841309999985 ], [ -50.484083402999964, -1.922133991999955 ], [ -50.493435986999934, -1.92197005399998 ], [ -50.496335411999937, -1.921615862999984 ], [ -50.502944077999977, -1.920474938 ], [ -50.506314134999926, -1.920732799999927 ], [ -50.518011258999906, -1.923019801999972 ], [ -50.522558970999953, -1.923627593 ], [ -50.526532165999981, -1.923431706999947 ], [ -50.529420374999944, -1.921954471999934 ], [ -50.534084907999976, -1.918119368999962 ], [ -50.538087775999969, -1.911645164999944 ], [ -50.539695300999931, -1.908732670000015 ], [ -50.543559786999936, -1.903540849999965 ], [ -50.54858623099998, -1.897972166 ], [ -50.550558979999956, -1.894868056999934 ], [ -50.553507456999931, -1.891490546999988 ], [ -50.556396051999926, -1.888842293999984 ], [ -50.560783998, -1.883822818999983 ], [ -50.562748747999926, -1.880630142999964 ], [ -50.56472283399993, -1.878169585000036 ], [ -50.567390739999958, -1.874347251999966 ], [ -50.572597671000018, -1.868697310999936 ], [ -50.575558599999958, -1.865759264999935 ], [ -50.578088265999916, -1.863660809999947 ], [ -50.580583582999971, -1.86119214699997 ], [ -50.584500089999928, -1.852994661 ], [ -50.585305577999961, -1.850088455999979 ], [ -50.586723983, -1.846262618999974 ], [ -50.588697505999946, -1.843070667999926 ], [ -50.590391896999982, -1.840610302000014 ], [ -50.592643865999975, -1.837967733999948 ], [ -50.597227809999907, -1.833128669999953 ], [ -50.602136639, -1.827558921999985 ], [ -50.606521274999956, -1.821107911000022 ], [ -50.608032544999944, -1.817990780999947 ], [ -50.609281092999957, -1.814534605999976 ], [ -50.611063950999942, -1.807443943000022 ], [ -50.613026356999953, -1.804801575999972 ], [ -50.61546552599998, -1.802411057999977 ], [ -50.621903764999949, -1.79730967599995 ], [ -50.624890128999951, -1.795468111999989 ], [ -50.631276541999988, -1.792611758 ], [ -50.631834925, -1.792471952999977 ], [ -50.634612453999956, -1.791777410999975 ], [ -50.639476108999943, -1.791018993000018 ], [ -50.642278754999936, -1.791826744999971 ], [ -50.644810475999975, -1.79334812 ], [ -50.648778811999961, -1.795143888999986 ], [ -50.651860663999955, -1.796124596999951 ], [ -50.655671110999933, -1.796283275999935 ], [ -50.658728316999934, -1.795992765999967 ], [ -50.66503008599998, -1.794685291999967 ], [ -50.668804985999948, -1.79412432 ], [ -50.673947264999981, -1.795345316999954 ], [ -50.675507737999958, -1.795715620999951 ], [ -50.678587955, -1.797609080000031 ], [ -50.684393957999973, -1.802569067 ], [ -50.68774969499998, -1.805183524999956 ], [ -50.691239775, -1.810041822999944 ], [ -50.692921629999987, -1.81286721899995 ], [ -50.695306934, -1.815848301999958 ], [ -50.700337168, -1.823846924999986 ], [ -50.703113141, -1.827972691999937 ], [ -50.705946933999897, -1.830949238000015 ], [ -50.710944162000011, -1.836831609 ], [ -50.714393564999959, -1.841800160999965 ], [ -50.723755130999955, -1.85363706399996 ], [ -50.728493754999903, -1.85889161699996 ], [ -50.735642199000019, -1.866010646999952 ], [ -50.737198573999919, -1.870085587999961 ], [ -50.736415343999951, -1.874175125000024 ], [ -50.735448683999905, -1.877810157999962 ], [ -50.735280427999925, -1.880808339999964 ], [ -50.7377512099999, -1.88661315799993 ], [ -50.739588362999939, -1.889505875 ], [ -50.742306303999939, -1.891938882999957 ], [ -50.748366075999947, -1.896264361 ], [ -50.752091764999925, -1.898603587000016 ], [ -50.754812489999978, -1.900033505000023 ], [ -50.760508335999987, -1.901915976 ], [ -50.763309232, -1.903254858000016 ], [ -50.768006856999932, -1.904952162000031 ], [ -50.771259402999931, -1.905573174999988 ], [ -50.779757548, -1.908063174999954 ], [ -50.787610414999946, -1.909556926999914 ], [ -50.791419401999981, -1.910629539000022 ], [ -50.794831359999932, -1.91205445699997 ], [ -50.798281894999974, -1.913036104000012 ], [ -50.804698780999956, -1.912912672000013 ], [ -50.81128401499992, -1.910696473999964 ], [ -50.814422706999913, -1.909219659999986 ], [ -50.817562782999936, -1.907474654999932 ], [ -50.820254256999959, -1.90528634799997 ], [ -50.823142396, -1.904168405999931 ], [ -50.828531731999966, -1.900696509 ], [ -50.831698237999952, -1.899220563 ], [ -50.834477826999901, -1.897482930000018 ], [ -50.840863336999952, -1.894802857999958 ], [ -50.844722709999978, -1.892876627 ], [ -50.850842932999925, -1.888753899999953 ], [ -50.857062794999948, -1.884176174 ], [ -50.864310712999945, -1.877146762999962 ], [ -50.867092301999968, -1.874226028999972 ], [ -50.869530987999951, -1.87256797 ], [ -50.87247425599994, -1.870197423999977 ], [ -50.875453574999895, -1.868271206000029 ], [ -50.878617428000013, -1.86770705099998 ], [ -50.881861471999933, -1.868048757 ], [ -50.884673129999953, -1.868937822999941 ], [ -50.886057261, -1.869964315999963 ], [ -50.887832756, -1.871280474999972 ], [ -50.893200508999946, -1.875786210999921 ], [ -50.895281143999966, -1.877869598 ], [ -50.897281328, -1.880212921 ], [ -50.90009139099989, -1.882014069999984 ], [ -50.90306355699996, -1.88363671199995 ], [ -50.911560877999946, -1.886668928000015 ], [ -50.915281961999902, -1.886647562999935 ], [ -50.919059159999968, -1.885895721999988 ], [ -50.922558413999951, -1.884240319999977 ], [ -50.925086355999944, -1.882412502 ], [ -50.92830892799995, -1.879120236 ], [ -50.931001549999984, -1.876650601999943 ], [ -50.932974520999984, -1.874009006999957 ], [ -50.935835505999911, -1.871358121 ], [ -50.937531195999973, -1.868444189999954 ], [ -50.938866026999925, -1.865258698 ], [ -50.939951139999913, -1.86198064799993 ], [ -50.941196496000018, -1.859065903 ], [ -50.94350194, -1.85642481599996 ], [ -50.946310086999986, -1.854135880999932 ], [ -50.94891880499992, -1.852306249999982 ], [ -50.954307558000011, -1.849363389000027 ], [ -50.957195902999985, -1.847985743 ], [ -50.959895956999922, -1.846337739999973 ], [ -50.963033110999966, -1.845042678000022 ], [ -50.96645154299992, -1.844298969999949 ], [ -50.969613342999963, -1.844366692999957 ], [ -50.973668085999989, -1.844167716000014 ], [ -50.976923406999951, -1.843142835000036 ], [ -50.977954431999905, -1.842720102999964 ], [ -50.980062322999963, -1.841855843999953 ], [ -50.983029705, -1.841021003999979 ], [ -50.986794453999913, -1.840630030999959 ], [ -50.992889887999944, -1.840685520000021 ], [ -50.996582833999966, -1.841306793 ], [ -51.000445296999985, -1.842677033999953 ], [ -51.005118658999947, -1.842856524999972 ], [ -51.011087244999963, -1.84245025299993 ], [ -51.015059241999978, -1.842819096999984 ], [ -51.020333286, -1.843902697000024 ], [ -51.025472019999917, -1.845285005 ], [ -51.030450197999961, -1.845933687000025 ], [ -51.035701453999955, -1.844506481999977 ], [ -51.038589074999962, -1.84297685699998 ], [ -51.045366342, -1.837242281999965 ], [ -51.048643813999938, -1.833635086999932 ], [ -51.050060667999929, -1.830656100999919 ], [ -51.051452533999985, -1.825908674999956 ], [ -51.053144807999935, -1.823220036999986 ], [ -51.05559217699993, -1.821552300999931 ], [ -51.05864102099995, -1.820311834999968 ], [ -51.061562587999916, -1.819963479000011 ], [ -51.068006485999916, -1.820137487999931 ], [ -51.072391718999931, -1.820054325999978 ], [ -51.077615392999952, -1.818923018999987 ], [ -51.079300554000028, -1.818383848999963 ], [ -51.080529803999951, -1.817990251 ], [ -51.085780425999978, -1.816860752999974 ], [ -51.089869001999965, -1.81737225699993 ], [ -51.093704489999965, -1.818780219999985 ], [ -51.096954644999947, -1.820337168000021 ], [ -51.102559970999927, -1.82333672799996 ], [ -51.105505475999919, -1.824316948999973 ], [ -51.110924252999922, -1.825391483999974 ], [ -51.113978835999973, -1.825044158000013 ], [ -51.117343327999905, -1.824236685 ], [ -51.121120156999943, -1.822987286 ], [ -51.137700310999911, -1.818101167000021 ], [ -51.143483967999899, -1.815191112000027 ], [ -51.152341706999955, -1.812070894999964 ], [ -51.158447943999903, -1.809750149999969 ], [ -51.16497569499991, -1.807999068999946 ], [ -51.170810671999973, -1.806707522999931 ], [ -51.173867249999923, -1.805619357999957 ], [ -51.178533098999978, -1.804795636999925 ], [ -51.192367023, -1.803509202999978 ], [ -51.199660246999933, -1.801304746000012 ], [ -51.207702818999955, -1.801000993999926 ], [ -51.218617216, -1.799320469999968 ], [ -51.223698475999967, -1.797158524999967 ], [ -51.22662085, -1.796224455999953 ], [ -51.231540524999915, -1.79391949300002 ], [ -51.234698137999963, -1.791937015999947 ], [ -51.237001886999977, -1.789979426999979 ], [ -51.240924766999925, -1.787096571999927 ], [ -51.242753248999961, -1.784405653000034 ], [ -51.245313030000013, -1.780083532999912 ], [ -51.250928567999949, -1.774517573 ], [ -51.253340514999941, -1.771667583 ], [ -51.257162244999961, -1.769656150000012 ], [ -51.26319884299992, -1.766162001999918 ], [ -51.266198238999934, -1.762272180000037 ], [ -51.268170622999975, -1.759429591999941 ], [ -51.271923223999956, -1.756706134999932 ], [ -51.27817411099997, -1.753490370999957 ], [ -51.281789058999934, -1.752087337999955 ], [ -51.286562648999933, -1.749935293999973 ], [ -51.290060098999945, -1.748981920999961 ], [ -51.296173139999922, -1.747834486999968 ], [ -51.301142579999954, -1.747598666 ], [ -51.304954268999943, -1.748119079999979 ], [ -51.30922937, -1.74950648100002 ], [ -51.313342943999913, -1.751355268999957 ], [ -51.315869961999923, -1.752778098 ], [ -51.318811362999938, -1.75478690800003 ], [ -51.32281541399994, -1.757820774999965 ], [ -51.334844355999927, -1.767776162999981 ], [ -51.339423714999931, -1.771377328999959 ], [ -51.343012841999979, -1.77485151 ], [ -51.345670459999958, -1.776725359999967 ], [ -51.350952924999959, -1.778250677999962 ], [ -51.357557443999923, -1.779154552999964 ], [ -51.377174947999933, -1.780709445 ], [ -51.383179788999932, -1.78177682399995 ], [ -51.396866733999964, -1.786981070999962 ], [ -51.402732778999933, -1.788343656 ], [ -51.410810023999986, -1.789522362 ], [ -51.416226277999954, -1.791190559 ], [ -51.419044941000024, -1.79193467800002 ], [ -51.423011173999917, -1.792981751999969 ], [ -51.426370063999926, -1.79409683599995 ], [ -51.43255921999998, -1.797088770999968 ], [ -51.43380925799994, -1.797993882999984 ], [ -51.434308232000014, -1.798355171000035 ], [ -51.435532000999928, -1.799242283999982 ], [ -51.441761025999909, -1.80459051 ], [ -51.446062084999973, -1.807461457999961 ], [ -51.452036179999915, -1.815167416000021 ], [ -51.455178583999945, -1.818794766999945 ], [ -51.463761669999926, -1.824687617 ], [ -51.466150676999973, -1.826561193000034 ], [ -51.469679146999979, -1.828566488000041 ], [ -51.47678999, -1.833887215999921 ], [ -51.479898041999945, -1.835753697999989 ], [ -51.485339880999987, -1.837865619999937 ], [ -51.488153079999961, -1.83913448499994 ], [ -51.491368452999907, -1.840105766000013 ], [ -51.494624892999958, -1.840633487999979 ], [ -51.503986897999908, -1.841052351 ], [ -51.507202892999899, -1.841583613999989 ], [ -51.515522099999899, -1.842161785999954 ], [ -51.522424051999955, -1.843954979 ], [ -51.527319768000019, -1.846517868999955 ], [ -51.53381113099995, -1.850818658 ], [ -51.537671716999988, -1.853850854999974 ], [ -51.540337925999964, -1.856157666999971 ], [ -51.546594971999959, -1.862239931999978 ], [ -51.551622946999949, -1.865390349999965 ], [ -51.554424998999892, -1.86696732099997 ], [ -51.557515093999946, -1.86823659 ], [ -51.567541507999977, -1.871881912 ], [ -51.572402167999897, -1.873859316999917 ], [ -51.57931763700001, -1.876381712999988 ], [ -51.58692781299996, -1.878306914999941 ], [ -51.590756482999929, -1.879117295000023 ], [ -51.599256429999961, -1.880430189000029 ], [ -51.603347672999988, -1.880499087999956 ], [ -51.607920427999971, -1.880087939999955 ], [ -51.611299656999975, -1.87961640600002 ], [ -51.628841652999945, -1.876187829999933 ], [ -51.631923918999973, -1.875973356999951 ], [ -51.63903665399998, -1.874221914999987 ], [ -51.641813400999958, -1.873277804999942 ], [ -51.649647327999944, -1.869889042999953 ], [ -51.658479380999921, -1.865438904999985 ], [ -51.664228452999978, -1.861045107999972 ], [ -51.667421877999971, -1.859658698000013 ], [ -51.672950595999922, -1.858082899999927 ], [ -51.676006753999921, -1.857870978999978 ], [ -51.681587592999918, -1.858358168999965 ], [ -51.692923924999974, -1.862574948999987 ], [ -51.702806298999988, -1.867985321 ], [ -51.70664796599997, -1.870581989 ], [ -51.71348216800002, -1.87561338000001 ], [ -51.719181729999981, -1.880242085 ], [ -51.722063520999946, -1.88282757899997 ], [ -51.729067391999912, -1.888746627999973 ], [ -51.731590732999976, -1.891209677000019 ], [ -51.736398164000015, -1.898344908999929 ], [ -51.741537835000017, -1.907108097999979 ], [ -51.744541873999971, -1.911776743 ], [ -51.747732684999924, -1.918646965 ], [ -51.750507752999937, -1.926568522999963 ], [ -51.752514385999966, -1.931695859999918 ], [ -51.755400142, -1.938132885999968 ], [ -51.757203524, -1.940612235999941 ], [ -51.760597887, -1.943056659999955 ], [ -51.76500972, -1.94414603299994 ], [ -51.769818786, -1.943910238999971 ], [ -51.77348515399995, -1.944573881 ], [ -51.78678666499998, -1.951703455999967 ], [ -51.796982617999916, -1.957565593999968 ], [ -51.806675260999953, -1.961363042999933 ], [ -51.810817493999934, -1.962461065000012 ], [ -51.815203176999901, -1.962976516000028 ], [ -51.821791101, -1.963435197999965 ], [ -51.825596901999944, -1.963357938999968 ], [ -51.837541301999956, -1.961512758999975 ], [ -51.843815567999947, -1.961240742000028 ], [ -51.847321889999897, -1.960584658000011 ], [ -51.852258341999956, -1.959163144999989 ], [ -51.856179213999916, -1.958354837999989 ], [ -51.86490067899998, -1.954788154000022 ], [ -51.868067605999912, -1.953110350000022 ], [ -51.872672950999927, -1.949772391999973 ], [ -51.874649716999976, -1.94457027899996 ], [ -51.874284189999926, -1.940737971999953 ], [ -51.874369327999958, -1.937337316999956 ], [ -51.876316529999954, -1.93273161 ], [ -51.880042885999984, -1.928524858 ], [ -51.882346486999985, -1.926412983999972 ], [ -51.885234855999961, -1.924590123999961 ], [ -51.888570307999977, -1.923192566999967 ], [ -51.893784503999925, -1.92161929 ], [ -51.902067510999949, -1.918366079999947 ], [ -51.905869421999924, -1.91844306100001 ], [ -51.911570217999987, -1.917302289999947 ], [ -51.916733837000017, -1.912916329999961 ], [ -51.921621624999958, -1.907661473000024 ], [ -51.924202502999982, -1.905840804000016 ], [ -51.92809743199993, -1.902517840999964 ], [ -51.930095471999955, -1.900268960999965 ], [ -51.932957814, -1.897552957999951 ], [ -51.938174137999944, -1.894059801000028 ], [ -51.940621928999974, -1.89224794399995 ], [ -51.943204168999934, -1.889982543 ], [ -51.948124207999967, -1.886931807 ], [ -51.953484466999917, -1.884027068 ], [ -51.956370369999959, -1.883383362999949 ], [ -51.960461418999969, -1.882862175 ], [ -51.963347964999969, -1.880885366000031 ], [ -51.966175888999921, -1.875963926999971 ], [ -51.96656647, -1.872411583000035 ], [ -51.966211022999985, -1.868877348 ], [ -51.966929893999954, -1.861190539000015 ], [ -51.967405382999949, -1.854089097999969 ], [ -51.967379143, -1.845558181999953 ], [ -51.967014845999969, -1.841854026999981 ], [ -51.96659250499993, -1.834630445999954 ], [ -51.964458307, -1.829503518000033 ], [ -51.964302659999916, -1.828847189 ], [ -51.963525315, -1.825572777999964 ], [ -51.962882195999981, -1.823618053999967 ], [ -51.959434588999919, -1.810738777999967 ], [ -51.952180520999946, -1.798008904999984 ], [ -51.950097822999929, -1.795838381999983 ], [ -51.94381479, -1.788427536 ], [ -51.938624976999947, -1.783957937000027 ], [ -51.935482328999981, -1.780473961999975 ], [ -51.932180607, -1.77537296899998 ], [ -51.930098749999964, -1.772461389999949 ], [ -51.92449472499991, -1.762251547999929 ], [ -51.920625013999917, -1.758765906 ], [ -51.91734732799997, -1.754694392000014 ], [ -51.913316403999964, -1.751527616 ], [ -51.908846329999946, -1.74644258 ], [ -51.906620769999918, -1.744272878999977 ], [ -51.903953440999935, -1.742550046999982 ], [ -51.899202718999966, -1.738514891999978 ], [ -51.894741886, -1.734037234999954 ], [ -51.889847080000017, -1.730280299999967 ], [ -51.886450970999952, -1.729309492000022 ], [ -51.881787143999979, -1.728807206999941 ], [ -51.876841427999949, -1.731259829000011 ], [ -51.873431631, -1.735313772999971 ], [ -51.869900540999957, -1.749698161999982 ], [ -51.868343260999978, -1.75267780699996 ], [ -51.864599520999931, -1.756290258999984 ], [ -51.859682199999945, -1.758154422999949 ], [ -51.854703078999904, -1.758248088999972 ], [ -51.849406081999945, -1.757312935999957 ], [ -51.841486399999965, -1.754961313999983 ], [ -51.836347882999974, -1.752992475999973 ], [ -51.830595809999934, -1.750006245999982 ], [ -51.825255724999963, -1.746710527999964 ], [ -51.809541268999943, -1.742134825 ], [ -51.804817981000028, -1.739420016 ], [ -51.796791292999984, -1.736430236999977 ], [ -51.793175145999925, -1.735365064999952 ], [ -51.786584356999938, -1.732628192999988 ], [ -51.783625925999942, -1.731702055 ], [ -51.778622305999917, -1.729736986999955 ], [ -51.770537944999901, -1.726934194999954 ], [ -51.769025477, -1.72609018600002 ], [ -51.761095895, -1.723136660999982 ], [ -51.740361606999947, -1.720730013999985 ], [ -51.732815160999941, -1.719107993999982 ], [ -51.718077859999951, -1.716904436 ], [ -51.717002283999953, -1.716743200999984 ], [ -51.713040994999936, -1.716518857999985 ], [ -51.70030207, -1.716164641999987 ], [ -51.684484546999983, -1.712479466999985 ], [ -51.671978915999901, -1.708732316 ], [ -51.667010696999967, -1.708085598999967 ], [ -51.660777054999961, -1.706724379000049 ], [ -51.647645978, -1.705207405999944 ], [ -51.639754729999972, -1.705647687999958 ], [ -51.63195539, -1.705020702999951 ], [ -51.629366613999949, -1.704812592999962 ], [ -51.623809917999907, -1.704036759999985 ], [ -51.614425001999926, -1.701559240999986 ], [ -51.609150166999939, -1.701065652 ], [ -51.605621636999928, -1.700487487999949 ], [ -51.599337648999928, -1.69918935100001 ], [ -51.593428168999921, -1.69737664199995 ], [ -51.586426694999972, -1.697069698999956 ], [ -51.578511055999975, -1.696184213999965 ], [ -51.571898237999946, -1.694829599999972 ], [ -51.566031551, -1.693319604 ], [ -51.558953621999954, -1.690204289999988 ], [ -51.549955195999985, -1.684915359999986 ], [ -51.547288937, -1.682599849999979 ], [ -51.54353851299993, -1.678392790999963 ], [ -51.537510533999971, -1.668618059999973 ], [ -51.53542790799996, -1.666005156999963 ], [ -51.532702233999949, -1.660885080999988 ], [ -51.529147517999903, -1.658297454000026 ], [ -51.521562181999968, -1.651357963999969 ], [ -51.518421454999981, -1.647576438999989 ], [ -51.516275276999956, -1.645488446999979 ], [ -51.515593992999982, -1.644826224999987 ], [ -51.51117762599997, -1.64210204 ], [ -51.504258896999943, -1.639725289 ], [ -51.500287715999903, -1.63891619500002 ], [ -51.496344756999974, -1.638540810999958 ], [ -51.484228760999983, -1.639211306999924 ], [ -51.480011820999948, -1.64018084000003 ], [ -51.478319558, -1.640212126999954 ], [ -51.476642573999975, -1.640242528999982 ], [ -51.46614490999994, -1.641772338 ], [ -51.462098189999956, -1.641723813999976 ], [ -51.458117450000017, -1.642801090000026 ], [ -51.457941679999948, -1.642506333999973 ], [ -51.419044941000024, -1.577507190000018 ], [ -51.325805070999948, -1.42169691299995 ], [ -51.321527, -1.414549854000038 ], [ -51.297131658999916, -1.373794584 ], [ -51.211640264999957, -1.230971209999945 ], [ -51.209059685999954, -1.226659803 ], [ -51.213003384999944, -1.226582637 ], [ -51.218114115999946, -1.227519279999969 ], [ -51.237010244999958, -1.237802391999923 ], [ -51.249816053999915, -1.234309074999986 ], [ -51.254181194999958, -1.231579243999983 ], [ -51.257172612999931, -1.228716985999947 ], [ -51.259923506, -1.227334116000014 ], [ -51.262980048999935, -1.226680539000027 ], [ -51.26894635499994, -1.225683962 ], [ -51.271841746999968, -1.224449354999981 ], [ -51.276309107999936, -1.220976958 ], [ -51.2740748269999, -1.217065027999977 ], [ -51.271680086999915, -1.21456486599997 ], [ -51.263356886999944, -1.207616111999945 ], [ -51.25649723, -1.200808016999924 ], [ -51.246560007999982, -1.184186843000026 ], [ -51.244614893999895, -1.180381933999977 ], [ -51.237814774999912, -1.168703454000033 ], [ -51.235538043, -1.164021149999952 ], [ -51.232870348, -1.153883396000035 ], [ -51.23281044299992, -1.150785891999986 ], [ -51.231785316999918, -1.14699009599998 ], [ -51.22942860199997, -1.140388248999971 ], [ -51.228170016999925, -1.136409778000038 ], [ -51.225286383999986, -1.129240189000038 ], [ -51.224139357999938, -1.126028751999977 ], [ -51.220057809, -1.116192433000043 ], [ -51.21839067699991, -1.112828774 ], [ -51.216866879999955, -1.107987466 ], [ -51.208077941999903, -1.108895994999939 ], [ -51.202147067999903, -1.11077371799996 ], [ -51.196924402999962, -1.11337922799998 ], [ -51.193760336999915, -1.115796991 ], [ -51.190585899999981, -1.117772121 ], [ -51.188284509, -1.120038031 ], [ -51.183975253999954, -1.124838372999983 ], [ -51.178145101999938, -1.133061472999932 ], [ -51.17333979999998, -1.142453408999957 ], [ -51.169919026999921, -1.147235497999946 ], [ -51.166033050999914, -1.150853694 ], [ -51.161700303999979, -1.15285639399997 ], [ -51.158204347, -1.153656784000026 ], [ -51.153422786999968, -1.156108812999959 ], [ -51.150114635999984, -1.158679724999958 ], [ -51.145644394999955, -1.161564671 ], [ -51.14203147699989, -1.165175761 ], [ -51.133362403, -1.17080307399994 ], [ -51.127398012999969, -1.170914359 ], [ -51.121953883999915, -1.169236885000027 ], [ -51.117390299999975, -1.167552194 ], [ -51.113421536999958, -1.165859088999968 ], [ -51.110035324999913, -1.164734711999929 ], [ -51.100003822, -1.16005388699997 ], [ -51.093869339000015, -1.158695473000018 ], [ -51.082838105999983, -1.155504849 ], [ -51.079316671999941, -1.154831952 ], [ -51.075337447999942, -1.153725954999976 ], [ -51.067425289999967, -1.151061523999966 ], [ -51.059170956999921, -1.147377074000024 ], [ -51.056503871999958, -1.145955439 ], [ -51.050755346999942, -1.14325897 ], [ -51.047944809999919, -1.141538252 ], [ -51.044834023999925, -1.13908567200002 ], [ -51.034040389000012, -1.131165634000011 ], [ -51.029147409, -1.128304853 ], [ -51.026785227999945, -1.126580131000035 ], [ -51.023364003000026, -1.123695595999932 ], [ -51.018640548999912, -1.121124035999967 ], [ -51.011006979999891, -1.117576841000014 ], [ -51.003092641999913, -1.116249270999949 ], [ -51.000900167999959, -1.116815596 ], [ -50.997130506999987, -1.117789303 ], [ -50.989836058999956, -1.11917801599998 ], [ -50.986418753999914, -1.119522188999946 ], [ -50.985664842999974, -1.119598175000016 ], [ -50.975334157, -1.117705419 ], [ -50.970287957, -1.117109566999988 ], [ -50.967036478999916, -1.116085699 ], [ -50.959282775999988, -1.115842851999984 ], [ -50.951699134999927, -1.116232323999968 ], [ -50.947530148999952, -1.117103965999968 ], [ -50.944006648, -1.117614137 ], [ -50.93686192800002, -1.11928727399996 ], [ -50.933806654999913, -1.121408985 ], [ -50.918897917999949, -1.131758525999951 ], [ -50.914176634999926, -1.135717877999989 ], [ -50.911722255999976, -1.13796473899991 ], [ -50.907340078999951, -1.142375010999954 ], [ -50.904175572999954, -1.144891076000034 ], [ -50.899547378, -1.149929522 ], [ -50.896368642999974, -1.152279362999922 ], [ -50.893528037999957, -1.153521536000026 ], [ -50.889454408999967, -1.156669543 ], [ -50.887007379999915, -1.158690074999926 ], [ -50.884560350999948, -1.160710607999951 ], [ -50.881362411999937, -1.162503179999943 ], [ -50.877756753999947, -1.164107454999987 ], [ -50.875113176999974, -1.165901517999925 ], [ -50.870699861999945, -1.167404625999948 ], [ -50.866699641, -1.169098713999963 ], [ -50.862448131999933, -1.170521597999921 ], [ -50.858645773, -1.172031657999986 ], [ -50.855031885999956, -1.173727030000018 ], [ -50.851778105999941, -1.174787985999961 ], [ -50.848945696999976, -1.176672037999973 ], [ -50.846228955999905, -1.179559431999957 ], [ -50.844393250999985, -1.181995416999984 ], [ -50.843483171999914, -1.185074476000016 ], [ -50.841806936999951, -1.188693540999965 ], [ -50.839532418999966, -1.19139988599998 ], [ -50.83753262599997, -1.194288034999937 ], [ -50.836252727999941, -1.197003633 ], [ -50.833699267999961, -1.199249096 ], [ -50.830526288999977, -1.200310922 ], [ -50.826833325999949, -1.200369828 ], [ -50.82341962999994, -1.199797877000011 ], [ -50.81969971199991, -1.199855840999922 ], [ -50.81700192599989, -1.201016613999952 ], [ -50.815086370999936, -1.20327359 ], [ -50.811671989999958, -1.210231420999976 ], [ -50.80847693799992, -1.216294628 ], [ -50.807090499999958, -1.219364843999928 ], [ -50.804702137999968, -1.225520155000028 ], [ -50.803671606999963, -1.229238191 ], [ -50.800863360999955, -1.242294211999964 ], [ -50.800471612999964, -1.246012091 ], [ -50.800610853999935, -1.249010964999977 ], [ -50.800508851999936, -1.253103017999981 ], [ -50.802654512999922, -1.267122199999973 ], [ -50.804641570999927, -1.274110828999921 ], [ -50.811146819999941, -1.274985768000017 ], [ -50.812643219999941, -1.277634211999947 ], [ -50.814895402999944, -1.280191503999975 ], [ -50.821281281999937, -1.283151273 ], [ -50.825670059999894, -1.285823229 ], [ -50.828445970999979, -1.287026749999933 ], [ -50.833114420999976, -1.290247187000029 ], [ -50.838671192999939, -1.295193459000012 ], [ -50.841640737999967, -1.297490766000022 ], [ -50.843228103999948, -1.299958820000038 ], [ -50.845750169999988, -1.302977977 ], [ -50.847615856999901, -1.305626092 ], [ -50.848951956999962, -1.308543541999976 ], [ -50.852590509000017, -1.315475925999978 ], [ -50.854366549999973, -1.317944264999928 ], [ -50.856859366, -1.322056079999969 ], [ -50.858283272999948, -1.325152478999927 ], [ -50.859501612999942, -1.328794939000035 ], [ -50.861164754999976, -1.335253545 ], [ -50.862230447999956, -1.338084027999988 ], [ -50.86436276, -1.343006349999945 ], [ -50.866416517999923, -1.346105414000034 ], [ -50.86820057300001, -1.349304373999951 ], [ -50.870146605999906, -1.352316628999963 ], [ -50.872309453999982, -1.354422549999947 ], [ -50.873805765999975, -1.357070324 ], [ -50.881784473999957, -1.365217803 ], [ -50.885335903999902, -1.36988294 ], [ -50.887112205999969, -1.372802034999934 ], [ -50.889892434999972, -1.375549975000014 ], [ -50.89267555099994, -1.378842457999943 ], [ -50.892723329999988, -1.383563568999948 ], [ -50.894227948999955, -1.38739531 ], [ -50.896442852999897, -1.390223825 ], [ -50.897138864999931, -1.393955183 ], [ -50.896947010999959, -1.397043308999981 ], [ -50.895478745999974, -1.399760395 ], [ -50.893032229999967, -1.401554174 ], [ -50.890726658999895, -1.404802006999963 ], [ -50.888727657999965, -1.408601081999974 ], [ -50.886721705999904, -1.410855956000026 ], [ -50.885333118999938, -1.413753702999978 ], [ -50.883306346000019, -1.417453366000023 ], [ -50.882115338999974, -1.421083710999929 ], [ -50.881363500999939, -1.424882605999924 ], [ -50.880700836999914, -1.430508428 ], [ -50.879673537, -1.433315418 ], [ -50.878094218999891, -1.440283656000032 ], [ -50.876972518999892, -1.44309952799996 ], [ -50.876034524, -1.446279562 ], [ -50.874313957999924, -1.448713518000035 ], [ -50.87177742799993, -1.450507901 ], [ -50.867584557999933, -1.453101839999951 ], [ -50.863422709999924, -1.455344523999971 ], [ -50.858173549999925, -1.456927371000019 ], [ -50.858925029999931, -1.452855884000028 ], [ -50.858146747999932, -1.449667202999985 ], [ -50.856920428999985, -1.446207001999946 ], [ -50.855666399999961, -1.443287666999984 ], [ -50.850508229999946, -1.436886392999961 ], [ -50.848256407999969, -1.434869598999979 ], [ -50.847199278999895, -1.431862076 ], [ -50.844867176999941, -1.428750761999966 ], [ -50.842731255999958, -1.426744084999934 ], [ -50.839866477999983, -1.424808648000022 ], [ -50.836584934999983, -1.42668955200004 ], [ -50.83458497099997, -1.430399846999988 ], [ -50.832560291999961, -1.432463959999977 ], [ -50.830032501999973, -1.434446998 ], [ -50.827755587999967, -1.437605144000011 ], [ -50.824921118999917, -1.439759290999989 ], [ -50.823352303999968, -1.439655962999966 ], [ -50.821694537000027, -1.439547091999929 ], [ -50.819083301999974, -1.437529818 ], [ -50.813575752, -1.434309364999988 ], [ -50.81019433999991, -1.433000759999983 ], [ -50.805782391, -1.432879006999945 ], [ -50.797562995999911, -1.432172211 ], [ -50.795393589999911, -1.434246844999967 ], [ -50.794084803999979, -1.437774617 ], [ -50.791258012999947, -1.440839730999945 ], [ -50.787395429999926, -1.450064107999962 ], [ -50.786120964, -1.452781037999964 ], [ -50.782812038999943, -1.459295499999937 ], [ -50.781253189000019, -1.462914926999916 ], [ -50.779504991999964, -1.465711497000024 ], [ -50.777667010999949, -1.469698891999984 ], [ -50.776198514999948, -1.472314355000028 ], [ -50.773083459999953, -1.476374804 ], [ -50.771763597, -1.478408973 ], [ -50.770443733999947, -1.480443141 ], [ -50.76877669899995, -1.48360996 ], [ -50.766777961999949, -1.486225496999962 ], [ -50.765418766999936, -1.489022549000021 ], [ -50.763221677999958, -1.491456284000039 ], [ -50.757950347999987, -1.495143211 ], [ -50.755332052999975, -1.497388475999974 ], [ -50.753307862, -1.499549737999919 ], [ -50.75086630899996, -1.503798789000035 ], [ -50.749890451999953, -1.506795879000036 ], [ -50.748751040999913, -1.51099538499996 ], [ -50.747262988999985, -1.518769852 ], [ -50.746364026999942, -1.521988243000019 ], [ -50.745256706999982, -1.529887852999936 ], [ -50.743751757999988, -1.537432899 ], [ -50.742612834999896, -1.540619288999947 ], [ -50.740919559999952, -1.543723558000023 ], [ -50.739223384999939, -1.547540194999977 ], [ -50.737054143999956, -1.551003957000043 ], [ -50.731255397999959, -1.559032482999969 ], [ -50.728195133999975, -1.561591002 ], [ -50.722446645999959, -1.565525789999969 ], [ -50.717416614999976, -1.569736123 ], [ -50.710666931999988, -1.573682749999952 ], [ -50.70825581299998, -1.575415144000027 ], [ -50.704643044999926, -1.577805609999929 ], [ -50.702419760999916, -1.580087216999972 ], [ -50.699811086999901, -1.582277908999954 ], [ -50.696922289999975, -1.584297496999989 ], [ -50.693700428999939, -1.587229321 ], [ -50.691001431999915, -1.589684353999923 ], [ -50.687861733000013, -1.591792868000033 ], [ -50.685092690999966, -1.593078568 ], [ -50.682833821999935, -1.59508916200001 ], [ -50.680224597999967, -1.597017019 ], [ -50.677615208999981, -1.598483509999928 ], [ -50.66398024999998, -1.61091219599995 ], [ -50.661442112999943, -1.612741658999974 ], [ -50.659389721999943, -1.615383546999984 ], [ -50.658441712999931, -1.616425643999966 ], [ -50.656895007999942, -1.618124 ], [ -50.654474860999983, -1.620322869999926 ], [ -50.649337096999965, -1.624162132999976 ], [ -50.646558206999899, -1.625358243 ], [ -50.643859136999957, -1.627192761 ], [ -50.641618243, -1.629113798999962 ], [ -50.638721609999955, -1.630850455999946 ], [ -50.636139637000021, -1.633048958999952 ], [ -50.633167624999963, -1.635247692999977 ], [ -50.630838024999946, -1.637527840999988 ], [ -50.629036536999926, -1.639989429 ], [ -50.627414168999984, -1.642812425999987 ], [ -50.624562232, -1.645191858000041 ], [ -50.621060838999931, -1.647387804000013 ], [ -50.617724652999939, -1.649134424000023 ], [ -50.614673474999989, -1.651333806000013 ], [ -50.612170164, -1.654252721000029 ], [ -50.607750439999961, -1.65845206699994 ], [ -50.605976709999929, -1.660914486000022 ], [ -50.604363681999963, -1.663466545999972 ], [ -50.602031517999912, -1.666116654999952 ], [ -50.600974727999954, -1.669211318999944 ], [ -50.599360421999968, -1.672485557999961 ], [ -50.597117424999922, -1.676038546000038 ], [ -50.595781991999921, -1.679133594999973 ], [ -50.593367187999959, -1.682235770999965 ], [ -50.591861272999971, -1.68515716799992 ], [ -50.589452692999899, -1.691881182 ], [ -50.587755895000015, -1.694981858999958 ], [ -50.586778642999981, -1.698257127999971 ], [ -50.585530192999983, -1.701402814999922 ], [ -50.584394032999946, -1.70507770499996 ], [ -50.582859355999972, -1.70845216 ], [ -50.5807255409999, -1.711644078999965 ], [ -50.579561357999943, -1.714368291999948 ], [ -50.576485538, -1.718632754 ], [ -50.576335980999971, -1.718840116000022 ], [ -50.573637197999965, -1.720306724999956 ], [ -50.56625551, -1.722082623 ], [ -50.562830205999916, -1.722734516000015 ], [ -50.559314215999969, -1.72383759799998 ], [ -50.555168267999946, -1.725410741999935 ], [ -50.551138165999916, -1.727525706999957 ], [ -50.545837059999975, -1.731731719999976 ], [ -50.540172443999971, -1.738120658999955 ], [ -50.538108872999942, -1.741122880000026 ], [ -50.534697153999915, -1.744142452999933 ], [ -50.532567228, -1.747043410999973 ], [ -50.527893552, -1.74962549 ], [ -50.524199140999947, -1.749466066999963 ], [ -50.520748722999919, -1.748584036 ], [ -50.516779852999981, -1.747151303000019 ], [ -50.512891193999927, -1.746087018999978 ], [ -50.508639079, -1.746196443999972 ], [ -50.502891221999953, -1.748866658999928 ], [ -50.500442081, -1.751334495000014 ], [ -50.496997135999976, -1.753313903999922 ], [ -50.493304654999989, -1.756937481999978 ], [ -50.491142946000011, -1.759469889999989 ], [ -50.489422318999928, -1.762102410999935 ], [ -50.487053147000012, -1.764543229 ], [ -50.483361652000021, -1.768075537999971 ], [ -50.480031520999908, -1.77060565399997 ], [ -50.476672529999988, -1.774129506999946 ], [ -50.467366350999953, -1.780556538999969 ], [ -50.460145662999899, -1.783441889999962 ], [ -50.455109901999968, -1.784875462 ], [ -50.451946476999971, -1.784778172999948 ], [ -50.447448802999979, -1.782132905000013 ], [ -50.441421162999966, -1.780578657000023 ], [ -50.438058633999923, -1.781203063 ], [ -50.425328358999906, -1.787435129999961 ], [ -50.421642435999935, -1.788429804000016 ], [ -50.416302098999942, -1.789321935000023 ], [ -50.410448587999944, -1.790664321999982 ], [ -50.404055073999942, -1.791924377999967 ], [ -50.399172021999945, -1.793357962000011 ], [ -50.393670403999934, -1.79444009799993 ], [ -50.390783984999942, -1.795156434999958 ], [ -50.386280339999985, -1.795596981 ], [ -50.382225707999972, -1.796222524999971 ], [ -50.379060487999915, -1.797028530000047 ], [ -50.37483473099995, -1.797833313000021 ], [ -50.368863936999929, -1.79936475 ], [ -50.364608859999933, -1.800898680999987 ], [ -50.359474442999925, -1.802151939999943 ], [ -50.355699103999925, -1.803325772999989 ], [ -50.350807510999935, -1.80449192500002 ], [ -50.34783207899995, -1.804755785 ], [ -50.33837656, -1.806367540999956 ], [ -50.33405964599995, -1.80644273799996 ], [ -50.329609160999951, -1.806793819999966 ], [ -50.317890766999902, -1.806501077 ], [ -50.312669900999936, -1.806029280999946 ], [ -50.308361996000016, -1.805203758999943 ], [ -50.300411765, -1.805534994 ] ] ] ] } },
{ "type": "Feature", "properties": { "CD_MUN": "1504901", "NM_MUN": "Muaná", "SIGLA": "PA", "AREA_KM2": 3763.337 }, "geometry": { "type": "MultiPolygon", "coordinates": [ [ [ [ -48.947606779999937, -1.550960568999917 ], [ -48.963848493999969, -1.556458663 ], [ -48.971961256000029, -1.559204968999941 ], [ -48.985215261999947, -1.563453743999945 ], [ -48.989047752999966, -1.565454807999958 ], [ -48.993931372, -1.567581830999911 ], [ -48.997433319999949, -1.568761404999988 ], [ -49.000380481, -1.568563955 ], [ -49.006486684000024, -1.570521861999987 ], [ -49.007868355999946, -1.571093654999958 ], [ -49.009881158999953, -1.57192823 ], [ -49.012574027999918, -1.573232021999962 ], [ -49.025570560999938, -1.58185279000004 ], [ -49.026954803999985, -1.583230971000029 ], [ -49.032860241999927, -1.589108616999981 ], [ -49.03462741999995, -1.591566201000019 ], [ -49.036212374999906, -1.594309863000012 ], [ -49.038237206999931, -1.596872606000046 ], [ -49.040576315999935, -1.59916673299997 ], [ -49.043242049999968, -1.601290479 ], [ -49.045118722999987, -1.602213006999955 ], [ -49.046463562999975, -1.602874098000031 ], [ -49.049570413, -1.603560068000034 ], [ -49.053855695, -1.604505677000025 ], [ -49.056874248, -1.606406878999946 ], [ -49.063798026, -1.611459363999925 ], [ -49.065750933999936, -1.613284139 ], [ -49.069579635, -1.616861447999964 ], [ -49.071804163999943, -1.619336541999941 ], [ -49.075155501999944, -1.62260639499995 ], [ -49.07659626999996, -1.624012798999965 ], [ -49.079709348999963, -1.62732445699997 ], [ -49.08290758, -1.630725551 ], [ -49.092963101999949, -1.642464607999985 ], [ -49.099799021999964, -1.65143788 ], [ -49.101926205000019, -1.654008438999979 ], [ -49.104320757, -1.65748704100003 ], [ -49.106903780000017, -1.65997135899997 ], [ -49.109043779999979, -1.662805107999956 ], [ -49.111437394999967, -1.665198879999954 ], [ -49.113489973999975, -1.667764823999986 ], [ -49.115633314999947, -1.669968776 ], [ -49.118028699, -1.672732937 ], [ -49.12346772799998, -1.677413205999914 ], [ -49.126153227999957, -1.680240315999972 ], [ -49.12855218699994, -1.681922341999966 ], [ -49.131295150999961, -1.684768552 ], [ -49.13482619, -1.687289656999971 ], [ -49.139602688999972, -1.690952904000023 ], [ -49.145413485999896, -1.695743379 ], [ -49.148016496999979, -1.697407073999981 ], [ -49.151247676999986, -1.699083172000018 ], [ -49.154547355999973, -1.701759702999963 ], [ -49.160878915999916, -1.707461789999956 ], [ -49.166053439999956, -1.711880515999988 ], [ -49.171686749999942, -1.71612292999991 ], [ -49.176740589999945, -1.714918247999977 ], [ -49.179547477999925, -1.713770049999921 ], [ -49.179982632999959, -1.713700856999969 ], [ -49.182720334, -1.713262584999944 ], [ -49.18896382099993, -1.711074042999963 ], [ -49.195294448999967, -1.709612010999964 ], [ -49.19863017499992, -1.709017481999977 ], [ -49.202719003000013, -1.708793413 ], [ -49.21029857, -1.707072154999958 ], [ -49.213274807999973, -1.70683625799998 ], [ -49.216350120999962, -1.706149997999953 ], [ -49.222938858999953, -1.705687861 ], [ -49.226192102, -1.705732903 ], [ -49.229797423999976, -1.705138042999979 ], [ -49.232961486999933, -1.704902567000035 ], [ -49.236386163999967, -1.705037235999987 ], [ -49.244139038999911, -1.70591082899997 ], [ -49.249070729999929, -1.706466495000027 ], [ -49.267739875, -1.706061085999968 ], [ -49.275244342999898, -1.705251292999934 ], [ -49.279577605999968, -1.705025812000018 ], [ -49.283191650999946, -1.704531767999908 ], [ -49.294382336999938, -1.703845374999959 ], [ -49.297634923999944, -1.70415978299995 ], [ -49.301241748999942, -1.702934701999927 ], [ -49.307989059, -1.703057083000017 ], [ -49.31065897400002, -1.703105509999938 ], [ -49.319460432999946, -1.703709223999974 ], [ -49.32260135999995, -1.703743911 ], [ -49.332321205999925, -1.705136704999957 ], [ -49.335296549, -1.705263816 ], [ -49.33818836, -1.706116321 ], [ -49.341522949999934, -1.705971185 ], [ -49.354681392999943, -1.707702191999951 ], [ -49.361603038999945, -1.708939439 ], [ -49.365465849999985, -1.709263375999983 ], [ -49.37258153399997, -1.710165762999951 ], [ -49.376994569999972, -1.711153557999969 ], [ -49.385375122999982, -1.713404817999988 ], [ -49.387885430999944, -1.714078836999979 ], [ -49.392467507999989, -1.715037303999969 ], [ -49.400741659999902, -1.716319279 ], [ -49.404046923, -1.717544202 ], [ -49.410278632999933, -1.719435149999962 ], [ -49.415852967999925, -1.718868937 ], [ -49.418832233999964, -1.712458551999942 ], [ -49.420215427999921, -1.709027265999987 ], [ -49.42188578699993, -1.706145645999948 ], [ -49.423581400999979, -1.70017381799993 ], [ -49.42468481099997, -1.696831064000017 ], [ -49.426632329, -1.693769753999943 ], [ -49.430283392000014, -1.68972352 ], [ -49.432021135999911, -1.687572166999987 ], [ -49.434739121999911, -1.685522270000019 ], [ -49.4375782239999, -1.682013122999928 ], [ -49.440576046999958, -1.672436346999975 ], [ -49.441021536999962, -1.670215645 ], [ -49.441467027999963, -1.667994943999931 ], [ -49.442660383999936, -1.664923606 ], [ -49.445720684000015, -1.659340481 ], [ -49.447100300999942, -1.656539988 ], [ -49.448851526999889, -1.653929654000033 ], [ -49.450769954, -1.651688405999954 ], [ -49.453939667999975, -1.648910907 ], [ -49.456495521999976, -1.646941535999948 ], [ -49.459493778999985, -1.645254431999978 ], [ -49.461887766, -1.642924048999985 ], [ -49.46414228699993, -1.641061221999953 ], [ -49.468164209999905, -1.637737405999919 ], [ -49.471080967000013, -1.635505507 ], [ -49.47896440200001, -1.630609916000028 ], [ -49.482327514999923, -1.629293112999965 ], [ -49.485047223999977, -1.627143616999929 ], [ -49.490331007, -1.623306716999986 ], [ -49.492439081999983, -1.620976389 ], [ -49.496435432999974, -1.617756798999972 ], [ -49.498104740999977, -1.614694281999975 ], [ -49.501359580999988, -1.610682300999935 ], [ -49.501915240999956, -1.606868977999989 ], [ -49.501555442999944, -1.603325006000036 ], [ -49.500386491999947, -1.599111194 ], [ -49.498691411000024, -1.596727326000016 ], [ -49.497550264000019, -1.593352057999988 ], [ -49.49713459199991, -1.590268690999954 ], [ -49.497797691999978, -1.587006467999954 ], [ -49.499027107, -1.583663429000017 ], [ -49.501357561, -1.578141866999951 ], [ -49.501593022999941, -1.574687855999981 ], [ -49.501635936999939, -1.574058348999943 ], [ -49.50147182599995, -1.570965602999932 ], [ -49.501415969999947, -1.559244145999985 ], [ -49.501679921999937, -1.549188574000029 ], [ -49.50179815599995, -1.544687275 ], [ -49.501914432999982, -1.540248177999972 ], [ -49.504021935999916, -1.528991060999987 ], [ -49.504497836999946, -1.52571934 ], [ -49.504518011999927, -1.524660030999927 ], [ -49.504606773, -1.519994561 ], [ -49.502969766, -1.516808587 ], [ -49.500385779999974, -1.514836875000016 ], [ -49.498359686999933, -1.512505706999958 ], [ -49.49694532299997, -1.509853059999946 ], [ -49.496160372999952, -1.506578746999923 ], [ -49.496776124999919, -1.500357411999955 ], [ -49.500415292999932, -1.496092376000027 ], [ -49.504245678999958, -1.494991311999962 ], [ -49.51676911299991, -1.496215206999976 ], [ -49.520491911, -1.494988549 ], [ -49.520885104999941, -1.492086212999935 ], [ -49.520301212999946, -1.487540077999929 ], [ -49.519407393999977, -1.484716267999966 ], [ -49.520360782, -1.480724136999969 ], [ -49.522576992999952, -1.477482872999927 ], [ -49.523330100999914, -1.473859966000015 ], [ -49.520830094999923, -1.470292718 ], [ -49.518358851, -1.466266639000038 ], [ -49.518022277999947, -1.463353819 ], [ -49.519690267999934, -1.460101500999924 ], [ -49.519824694999954, -1.455747967999956 ], [ -49.517663948999967, -1.453724093999922 ], [ -49.516357204999935, -1.45107893 ], [ -49.515385264999985, -1.448164862999937 ], [ -49.512970026999902, -1.446230674999951 ], [ -49.509580350999926, -1.44310357499994 ], [ -49.508516367, -1.439459982 ], [ -49.506023107999937, -1.436982928999955 ], [ -49.502639911999964, -1.435128926999942 ], [ -49.500354433999959, -1.432085223 ], [ -49.501359241999964, -1.428310514999955 ], [ -49.500358137, -1.425575887 ], [ -49.49638588699996, -1.421185586 ], [ -49.497165897999928, -1.41792434 ], [ -49.499047740999934, -1.415502788000014 ], [ -49.499747059999976, -1.41213137499995 ], [ -49.499545416999986, -1.409049415999943 ], [ -49.501527065, -1.401883950000018 ], [ -49.504075414999903, -1.399553776999953 ], [ -49.507188449, -1.397493339 ], [ -49.510520678000013, -1.397349164999975 ], [ -49.514384212999936, -1.398023742000012 ], [ -49.517640690999905, -1.39896763599995 ], [ -49.525177058999965, -1.399953087000041 ], [ -49.527441971999963, -1.402068077999976 ], [ -49.529722447, -1.398827561 ], [ -49.531400065999982, -1.397662726999984 ], [ -49.533077684999967, -1.396497892999973 ], [ -49.53571353400001, -1.394436415000024 ], [ -49.538890685, -1.392659054000047 ], [ -49.540637440999923, -1.390319055999969 ], [ -49.54149772799996, -1.386784525 ], [ -49.542526977999941, -1.383704721 ], [ -49.544440284999979, -1.379730353999955 ], [ -49.552045258999939, -1.377634800999941 ], [ -49.555776987999977, -1.376217194999976 ], [ -49.559470959, -1.376261061999964 ], [ -49.563240084999926, -1.377936147 ], [ -49.56691183099997, -1.379791391999943 ], [ -49.568403749999952, -1.376729455 ], [ -49.570426375999972, -1.375796402999976 ], [ -49.57438078699996, -1.37397158599998 ], [ -49.57702819299989, -1.371910788 ], [ -49.580552151999967, -1.370582848 ], [ -49.581832932999887, -1.367963157999954 ], [ -49.584549558999953, -1.366361389000028 ], [ -49.591133827999933, -1.36760792199996 ], [ -49.594217542, -1.366729046999984 ], [ -49.597271132999964, -1.36758405499994 ], [ -49.600604679999911, -1.368166368999981 ], [ -49.602164315, -1.365366765999978 ], [ -49.603471199999944, -1.362203302999978 ], [ -49.602497777999965, -1.359379212 ], [ -49.605690189999962, -1.357509504999923 ], [ -49.608826552000025, -1.35781278199997 ], [ -49.611526361999942, -1.360018766999973 ], [ -49.614491915, -1.359870883 ], [ -49.616770915999915, -1.357258262 ], [ -49.618438548999961, -1.354826660999988 ], [ -49.620388476999921, -1.349302665999987 ], [ -49.622737376999936, -1.346911657999952 ], [ -49.623386162999971, -1.346251240999932 ], [ -49.622161886999926, -1.342966775000045 ], [ -49.620160030999934, -1.336316616000035 ], [ -49.618196407, -1.333932573999954 ], [ -49.614772623999954, -1.334080648999949 ], [ -49.611248067999924, -1.335315997000022 ], [ -49.608356849999979, -1.334104338000044 ], [ -49.60566379999991, -1.332620726999947 ], [ -49.602438986999985, -1.332045082000013 ], [ -49.59727043, -1.333074571999928 ], [ -49.593776385, -1.332310886999979 ], [ -49.590164229, -1.332277353999958 ], [ -49.587765770999965, -1.326830514999946 ], [ -49.526630850999908, -1.18804379099994 ], [ -49.524770538, -1.183821271999976 ], [ -49.525531996000026, -1.177386863999965 ], [ -49.524884690999933, -1.173116735999971 ], [ -49.523132914999941, -1.167829647999943 ], [ -49.519857934999955, -1.153535020999987 ], [ -49.519521948999952, -1.150630450999914 ], [ -49.517777740999968, -1.144432854999957 ], [ -49.515935659999961, -1.139326961 ], [ -49.514827789999956, -1.134692863 ], [ -49.511661203999964, -1.126119265 ], [ -49.510525984999916, -1.122285778 ], [ -49.508771201999942, -1.118181777999974 ], [ -49.507106039999925, -1.113624439000018 ], [ -49.506802909999976, -1.106718774999917 ], [ -49.508356038999963, -1.095568565999985 ], [ -49.509244505999938, -1.090222613999972 ], [ -49.51055526599994, -1.086059253000018 ], [ -49.510323487999948, -1.08177548099996 ], [ -49.507795029, -1.072683789 ], [ -49.506212379999965, -1.068668529000041 ], [ -49.503440866999981, -1.066004812 ], [ -49.500165538999958, -1.063799275999946 ], [ -49.496139330999895, -1.063902473999958 ], [ -49.491549489999919, -1.062968045 ], [ -49.485191029999974, -1.061090708999926 ], [ -49.481463014999981, -1.05940837 ], [ -49.477801762999917, -1.057535914999965 ], [ -49.473275493999957, -1.054897708 ], [ -49.469914155999923, -1.05376588399996 ], [ -49.466887785, -1.052747245999965 ], [ -49.467149874, -1.05044331599994 ], [ -49.469942332999949, -1.049186130999926 ], [ -49.47768945199995, -1.047574592 ], [ -49.48226797099997, -1.043235747 ], [ -49.483216361999922, -1.04036026400002 ], [ -49.48279837499998, -1.036710189 ], [ -49.481940802999986, -1.033849246999976 ], [ -49.481521857999965, -1.030856408999972 ], [ -49.48168949799998, -1.027934728 ], [ -49.483498712000014, -1.02558514700001 ], [ -49.48738106, -1.024237403999964 ], [ -49.490328893, -1.023610473999961 ], [ -49.493826936999973, -1.021443538 ], [ -49.495967841, -1.018955520000011 ], [ -49.49722227499997, -1.016236344999912 ], [ -49.501494987999912, -1.011949925 ], [ -49.504829441999938, -1.010447123 ], [ -49.508083085999942, -1.010209111999929 ], [ -49.511244993999988, -1.010692236000024 ], [ -49.514026920999953, -1.013086203999949 ], [ -49.517521882999937, -1.013117201999938 ], [ -49.520972913000016, -1.012427759 ], [ -49.52300003899996, -1.009004486 ], [ -49.526801422999895, -1.007683469999945 ], [ -49.530325557999987, -1.006084359999972 ], [ -49.533498430999963, -1.005114975999968 ], [ -49.536990961999926, -1.00560663799997 ], [ -49.540601503999966, -1.007188524000027 ], [ -49.542385817999985, -1.009842648999983 ], [ -49.54497061699989, -1.011864045 ], [ -49.546564473999965, -1.012528035999951 ], [ -49.54766445899994, -1.012986677999974 ], [ -49.548694296999969, -1.009544764999939 ], [ -49.547385491999947, -1.006720865999968 ], [ -49.548274026999927, -1.002890620999954 ], [ -49.548094578, -1.00231186099994 ], [ -49.547923087999934, -1.001735662999961 ], [ -49.547682056999975, -1.001103837 ], [ -49.547443346999941, -1.000663215999955 ], [ -49.547118518999973, -1.00032191299996 ], [ -49.546642669999947, -1.00023139400002 ], [ -49.546086957999975, -1.000026617999952 ], [ -49.545867701999953, -0.999797129999971 ], [ -49.545735173, -0.999316378999984 ], [ -49.545728531999984, -0.998682693000044 ], [ -49.545848916999908, -0.998108920999909 ], [ -49.546025671999971, -0.997566620999981 ], [ -49.546064377999976, -0.997125497999987 ], [ -49.545961038999948, -0.996744926000028 ], [ -49.54576, -0.996475746999961 ], [ -49.54550484199995, -0.996298462999947 ], [ -49.545223283000013, -0.996302038999977 ], [ -49.544961319, -0.996349062000048 ], [ -49.544699045999984, -0.99652523999997 ], [ -49.544526718000022, -0.996743912999944 ], [ -49.544297882999921, -0.996843619999934 ], [ -49.543990642999987, -0.996898718999963 ], [ -49.543620819999944, -0.996800831999947 ], [ -49.543330993999945, -0.99655959099997 ], [ -49.54296917899994, -0.996178795 ], [ -49.542926904, -0.996139463999937 ], [ -49.542443861, -0.99593302 ], [ -49.542415002, -0.995903015 ], [ -49.541870024999945, -0.995742985 ], [ -49.541515134999976, -0.995595722999978 ], [ -49.541275927, -0.99543938500001 ], [ -49.541305702999971, -0.99495297 ], [ -49.541534859999921, -0.994683488 ], [ -49.541915928, -0.994451348999972 ], [ -49.542193145999946, -0.994425303999948 ], [ -49.542620473999953, -0.994384193000011 ], [ -49.543097980999939, -0.994228570000013 ], [ -49.543401516999914, -0.994150909999982 ], [ -49.543701490999958, -0.993921339 ], [ -49.543938898999969, -0.993538558999942 ], [ -49.544024517999951, -0.993030160999977 ], [ -49.544047471999896, -0.99236836300002 ], [ -49.543887479999981, -0.991868394999953 ], [ -49.543662669999939, -0.991532753999982 ], [ -49.543322588999956, -0.991276588000014 ], [ -49.542835159999953, -0.991117475 ], [ -49.542294596999987, -0.991120737 ], [ -49.541975949999916, -0.991048851 ], [ -49.541663869999937, -0.990881807999946 ], [ -49.541082232999955, -0.99058701499998 ], [ -49.540694984999973, -0.990327723999931 ], [ -49.540230971999954, -0.990164537999929 ], [ -49.539774900999966, -0.990176233 ], [ -49.539552327999935, -0.990310363999916 ], [ -49.539397795999939, -0.990561448 ], [ -49.53939613999998, -0.990878906999972 ], [ -49.539398572, -0.99121903699996 ], [ -49.53970545, -0.991750835 ], [ -49.539930610999967, -0.992285424 ], [ -49.53995218999998, -0.992340215 ], [ -49.539918125, -0.992803848 ], [ -49.539733664000018, -0.993083236000016 ], [ -49.539495892999973, -0.993196251000041 ], [ -49.539053231999937, -0.993017730000014 ], [ -49.538669446999982, -0.99284038 ], [ -49.53834359499993, -0.992593992999948 ], [ -49.538069217999968, -0.992443910999965 ], [ -49.537662568999984, -0.992611003000023 ], [ -49.537247746999945, -0.992991296999959 ], [ -49.53668519699994, -0.993502845 ], [ -49.536341705000027, -0.993669633999952 ], [ -49.536030381999936, -0.993689931999944 ], [ -49.535755016999978, -0.993457786 ], [ -49.53566827799991, -0.992980922999989 ], [ -49.535774718999924, -0.992668501999985 ], [ -49.535847216999969, -0.992232783 ], [ -49.53577694200002, -0.991846075999971 ], [ -49.535268185999932, -0.991550802999965 ], [ -49.534927255999968, -0.991342766999983 ], [ -49.534672112, -0.991203375 ], [ -49.534471546999924, -0.99080552299994 ], [ -49.53441679299992, -0.990311544000013 ], [ -49.534439166, -0.989920778999922 ], [ -49.534616947999965, -0.989678013 ], [ -49.534911271999889, -0.989496424999983 ], [ -49.535188428, -0.989411733 ], [ -49.535548357999936, -0.989523776999937 ], [ -49.53612246499992, -0.989715466999987 ], [ -49.536540337999945, -0.989688274999958 ], [ -49.536786841, -0.989620953999983 ], [ -49.536962322999955, -0.989354271000034 ], [ -49.536963065999927, -0.988835702999937 ], [ -49.536970712999938, -0.988221192999985 ], [ -49.536871372999975, -0.987732403999955 ], [ -49.536751562999925, -0.987589182 ], [ -49.536679433, -0.987449180999969 ], [ -49.536643885999986, -0.987184920999953 ], [ -49.536602232999911, -0.98688658899996 ], [ -49.5364744, -0.986697886999979 ], [ -49.5364163899999, -0.985848588999962 ], [ -49.536574378999916, -0.985549698999924 ], [ -49.536694415999904, -0.985104610999956 ], [ -49.536670173999937, -0.984838421999958 ], [ -49.536550786999918, -0.984565967999975 ], [ -49.536349504999961, -0.984425986999939 ], [ -49.536043725999974, -0.984422449 ], [ -49.53572246699995, -0.984527399999982 ], [ -49.535474059999913, -0.984842144 ], [ -49.535124429999939, -0.98519375699996 ], [ -49.53469422699996, -0.985281917999972 ], [ -49.534219422000021, -0.985248976 ], [ -49.533736040999905, -0.985229455999983 ], [ -49.533424390999969, -0.985120961999977 ], [ -49.533063793999972, -0.984997979000015 ], [ -49.532098968, -0.984832027999962 ], [ -49.531661564999951, -0.984805398999979 ], [ -49.531410405999949, -0.98483883 ], [ -49.531125398, -0.984749756 ], [ -49.530944333000022, -0.98465369099995 ], [ -49.530743732999944, -0.984514359999968 ], [ -49.530475249999938, -0.984258579000032 ], [ -49.530373407999946, -0.984148236999962 ], [ -49.530336456, -0.983944339999967 ], [ -49.530356872, -0.98366995 ], [ -49.530349289, -0.982853254000018 ], [ -49.530405074, -0.982644496999976 ], [ -49.530523678999948, -0.982459514000036 ], [ -49.530818451999913, -0.982277968999936 ], [ -49.531291344999957, -0.982239867999981 ], [ -49.531848655999973, -0.98228018100003 ], [ -49.532354310999978, -0.982423320999972 ], [ -49.533649247, -0.982530075999923 ], [ -49.533852189999926, -0.982552130999972 ], [ -49.533982751999979, -0.982692394000031 ], [ -49.534169117999944, -0.98275249200003 ], [ -49.534351751999957, -0.982661469999959 ], [ -49.534633774000021, -0.982471190999936 ], [ -49.534889486999951, -0.982004043 ], [ -49.535026210999987, -0.981721969000029 ], [ -49.535103119999953, -0.98136846 ], [ -49.535044478999986, -0.980910812999971 ], [ -49.53497907, -0.980676703999963 ], [ -49.534833029, -0.980515589999955 ], [ -49.534659238999907, -0.980426687999971 ], [ -49.534429153999966, -0.980514771999976 ], [ -49.534080261999968, -0.98078796200002 ], [ -49.533825341999922, -0.980997460000035 ], [ -49.533527304999957, -0.98109769999998 ], [ -49.533148959, -0.981142164000017 ], [ -49.532903701999963, -0.981080883999921 ], [ -49.532772924999975, -0.980940577999947 ], [ -49.532546226999962, -0.980852564000037 ], [ -49.53210923699995, -0.980767175999988 ], [ -49.531719655999957, -0.980684977999937 ], [ -49.531313343, -0.980582956000022 ], [ -49.53108815300002, -0.980448389 ], [ -49.530878455999989, -0.980334282999964 ], [ -49.530703581, -0.980342417000015 ], [ -49.530405957999974, -0.980079258 ], [ -49.530006257999943, -0.979636683999976 ], [ -49.529624843, -0.979295365999979 ], [ -49.529497668999966, -0.979118897000033 ], [ -49.529427421000015, -0.978932039000027 ], [ -49.529391345999962, -0.978738894999944 ], [ -49.529429283, -0.978626328999956 ], [ -49.529700959, -0.978565709 ], [ -49.530005116999938, -0.978616724999961 ], [ -49.530399423999967, -0.978710159999965 ], [ -49.530706220999953, -0.978713628999985 ], [ -49.531115256999954, -0.97856960599997 ], [ -49.531449697, -0.978403790000018 ], [ -49.531878432999953, -0.978174023999925 ], [ -49.532254441999974, -0.977977195999982 ], [ -49.532404711999973, -0.977832683000015 ], [ -49.532445249999952, -0.97760205399994 ], [ -49.532424728999942, -0.977229155 ], [ -49.532395770999948, -0.977069425000012 ], [ -49.532156129000015, -0.97698279799995 ], [ -49.531823899999971, -0.976841916999929 ], [ -49.531557984, -0.976807032999973 ], [ -49.531233644999979, -0.976711725 ], [ -49.53058166699995, -0.976698745999984 ], [ -49.529944873000019, -0.976706595999923 ], [ -49.529823283, -0.976752070000044 ], [ -49.529676675999944, -0.976790206 ], [ -49.529502164999982, -0.976868828000024 ], [ -49.529304789, -0.976951549000029 ], [ -49.529166029999971, -0.976905496999949 ], [ -49.529022238999971, -0.976895815000036 ], [ -49.528786633999928, -0.976713220999939 ], [ -49.528603757999988, -0.97649724500001 ], [ -49.528359019999989, -0.976268368 ], [ -49.528235249999959, -0.976053125000034 ], [ -49.52810584799991, -0.975933747999926 ], [ -49.528029964000027, -0.975721445000035 ], [ -49.528125337999924, -0.975409994000023 ], [ -49.528473290999941, -0.975156964999959 ], [ -49.528929393999931, -0.974979162 ], [ -49.528973412999932, -0.974959310000036 ], [ -49.529594764, -0.974846194 ], [ -49.530542988999947, -0.974579065999928 ], [ -49.53121909799993, -0.974456062999964 ], [ -49.531824933999964, -0.974145372999926 ], [ -49.532284498999978, -0.973814566 ], [ -49.532464656999963, -0.973440610999967 ], [ -49.532438247, -0.973162813999986 ], [ -49.532404524999961, -0.972909855999928 ], [ -49.532172389999936, -0.972798546999956 ], [ -49.531804913, -0.972852875999921 ], [ -49.53150520299998, -0.973118566999966 ], [ -49.53130759799997, -0.973215679 ], [ -49.531089791999889, -0.973285802999948 ], [ -49.530804179999976, -0.973322041000015 ], [ -49.530628167999978, -0.973284551999933 ], [ -49.530481299, -0.973195555999942 ], [ -49.53036077899997, -0.973124870999955 ], [ -49.530238298999961, -0.973000594999975 ], [ -49.530134164999957, -0.97284987999994 ], [ -49.530095109999927, -0.972718272999975 ], [ -49.530105827999925, -0.972477687999964 ], [ -49.530167500999966, -0.972301617999962 ], [ -49.530264735999928, -0.972114673999949 ], [ -49.530377611999938, -0.971886449999984 ], [ -49.530326903999921, -0.97121823899994 ], [ -49.530272385999936, -0.970743013999966 ], [ -49.530195535999972, -0.970571994999938 ], [ -49.529827119999958, -0.96980594199997 ], [ -49.529644694999959, -0.969476229999957 ], [ -49.529530963999967, -0.96935770499992 ], [ -49.529384470999922, -0.969314348999974 ], [ -49.529208626999939, -0.969322452000023 ], [ -49.529099540999972, -0.969407999 ], [ -49.528900661999948, -0.969628674000047 ], [ -49.52871986199991, -0.969907896999969 ], [ -49.528358265999927, -0.970381713999915 ], [ -49.528264524999983, -0.970460299000022 ], [ -49.528067032999985, -0.970518965 ], [ -49.527792268, -0.970491163 ], [ -49.527659680999946, -0.970418448000023 ], [ -49.527527092999989, -0.970345732999958 ], [ -49.527302009000017, -0.970123454999952 ], [ -49.52708504, -0.969860932 ], [ -49.526823034999907, -0.969606285999971 ], [ -49.526637520999927, -0.969477012000022 ], [ -49.526509582, -0.969453551999946 ], [ -49.526269690999953, -0.969581841 ], [ -49.526030727999988, -0.969716509000031 ], [ -49.525978089999988, -0.969916205999946 ], [ -49.525661, -0.970222238999954 ], [ -49.52529578799993, -0.970554686000016 ], [ -49.525058369999918, -0.971004112999987 ], [ -49.524342594999936, -0.97081713399997 ], [ -49.52296580699997, -0.973677039999989 ], [ -49.520359878, -0.975359554000024 ], [ -49.516490711999971, -0.978402670000014 ], [ -49.513356662, -0.977921527 ], [ -49.509723343999944, -0.979936201999978 ], [ -49.50791421199991, -0.982367138000031 ], [ -49.504739089999923, -0.983707106999967 ], [ -49.500355474999957, -0.984430552999962 ], [ -49.493436662999919, -0.984312093000019 ], [ -49.490077043999946, -0.985209997999972 ], [ -49.48823995, -0.987696702999932 ], [ -49.485298956999934, -0.989954694999975 ], [ -49.482380223999932, -0.989041043999963 ], [ -49.479244030999965, -0.98947942 ], [ -49.477221741999976, -0.983406563999969 ], [ -49.476573278999965, -0.977898158000015 ], [ -49.473412874999951, -0.976974315999959 ], [ -49.47433232799991, -0.974035637 ], [ -49.472520507999924, -0.971754108999958 ], [ -49.469601474999898, -0.971063215 ], [ -49.466690821999947, -0.970825804999977 ], [ -49.463519606999924, -0.971270499 ], [ -49.461492465999974, -0.968085389999986 ], [ -49.457881341999972, -0.967611749999966 ], [ -49.452247484999944, -0.968731971999928 ], [ -49.452053172999939, -0.965548471999957 ], [ -49.448443235999946, -0.964859381999963 ], [ -49.446830362999989, -0.961602782999984 ], [ -49.445102879999965, -0.956002135999947 ], [ -49.448910769, -0.956466968999949 ], [ -49.448717896999938, -0.953516977999938 ], [ -49.44674587199993, -0.949368340000047 ], [ -49.452543097999978, -0.947627057000036 ], [ -49.45190995, -0.944678278999946 ], [ -49.449883019999973, -0.941953058999969 ], [ -49.450103065999969, -0.93854473899996 ], [ -49.452163387, -0.935607595000034 ], [ -49.450137320999964, -0.932188239 ], [ -49.448137913, -0.929689374000011 ], [ -49.445184974999918, -0.927412863999946 ], [ -49.443193656999917, -0.924903218999953 ], [ -49.445657662999949, -0.923106086999939 ], [ -49.441413865999913, -0.91854716300003 ], [ -49.439602485999963, -0.91582142400001 ], [ -49.436470743000015, -0.913536650999971 ], [ -49.433073216000011, -0.913974051000013 ], [ -49.4303582269999, -0.915332730999987 ], [ -49.427214882999969, -0.914408300999972 ], [ -49.42404605699997, -0.913033104999963 ], [ -49.422044814999943, -0.910534366999984 ], [ -49.420244509000021, -0.913253618 ], [ -49.417521727999976, -0.914378777000016 ], [ -49.417050506999978, -0.917550439999983 ], [ -49.414802433999959, -0.919811130999983 ], [ -49.412076677999934, -0.921843117999979 ], [ -49.409382844999982, -0.920695685999986 ], [ -49.406667280999912, -0.923180193999942 ], [ -49.40374473199995, -0.924529484999939 ], [ -49.401467888999946, -0.927474264999963 ], [ -49.39829584299995, -0.927911837999931 ], [ -49.395608948999943, -0.929044148 ], [ -49.394022691999972, -0.932207026999956 ], [ -49.391075823999948, -0.932202258 ], [ -49.388609285999969, -0.929692136999973 ], [ -49.385688178999949, -0.929914569 ], [ -49.382301090999924, -0.929899309999973 ], [ -49.379827437999978, -0.931474452 ], [ -49.37666495399997, -0.931463080999952 ], [ -49.373269470999958, -0.931683966000021 ], [ -49.369910833999974, -0.931209907999966 ], [ -49.366963669999926, -0.931431376 ], [ -49.364270136, -0.928696578000023 ], [ -49.360443421999918, -0.929592939000026 ], [ -49.357523811999933, -0.928668769999943 ], [ -49.354576354999956, -0.92911648199995 ], [ -49.350971857999966, -0.930463803999961 ], [ -49.348022919999956, -0.932036419999962 ], [ -49.344185118000027, -0.932473910000011 ], [ -49.34105196999996, -0.931334025000021 ], [ -49.337663692, -0.932221886000031 ], [ -49.334965391999951, -0.933804701999987 ], [ -49.331800502, -0.936289142999938 ], [ -49.328851834999931, -0.937637238000013 ], [ -49.327247177999944, -0.942394237999968 ], [ -49.326800891999966, -0.945574512999938 ], [ -49.325439977999984, -0.949422346999986 ], [ -49.326323929999937, -0.953505770999987 ], [ -49.327657371999955, -0.957376197999951 ], [ -49.328551197999921, -0.960775527999926 ], [ -49.328520153999932, -0.965092978000017 ], [ -49.327822520000026, -0.968039444999915 ], [ -49.326685499999918, -0.971661313 ], [ -49.278899693, -0.984543541999985 ], [ -49.220080443999969, -1.000397489 ], [ -49.217300741999921, -1.002789746999957 ], [ -49.216765065999923, -1.006008082999967 ], [ -49.21668715499996, -1.010135508999968 ], [ -49.215963506999948, -1.014071821999964 ], [ -49.215024435999965, -1.01724358199994 ], [ -49.212047993999896, -1.018961354999961 ], [ -49.209717967999929, -1.020994594999971 ], [ -49.207097298999898, -1.022713768000019 ], [ -49.203237331, -1.022832351999972 ], [ -49.200352201999941, -1.023548977000024 ], [ -49.198766852999952, -1.026267278999962 ], [ -49.198411764999967, -1.029998552999958 ], [ -49.197237965999925, -1.033259066 ], [ -49.198293100999919, -1.036612172999964 ], [ -49.199025805999973, -1.039877384000034 ], [ -49.198741575999989, -1.043048224000023 ], [ -49.200184754999938, -1.045845013999971 ], [ -49.199991422000018, -1.048898841999959 ], [ -49.197461608999959, -1.051068606999985 ], [ -49.194720525, -1.052144895999954 ], [ -49.188316996999966, -1.05398510799998 ], [ -49.185048327999965, -1.056339299999989 ], [ -49.181522515, -1.057639606999929 ], [ -49.179130054000026, -1.059852735 ], [ -49.176878263999967, -1.062887020999961 ], [ -49.179070546999988, -1.068648864000012 ], [ -49.181413696999975, -1.070419729999985 ], [ -49.182711039999937, -1.07332442499998 ], [ -49.185453369, -1.072062613000027 ], [ -49.18666535099991, -1.078970188000019 ], [ -49.188413726999975, -1.081289873999927 ], [ -49.189020191999973, -1.084139444999979 ], [ -49.18813451599997, -1.087400275999952 ], [ -49.190215633999941, -1.09008009 ], [ -49.191108308, -1.093163540000033 ], [ -49.195573968, -1.09303552900001 ], [ -49.199605725, -1.093996349999928 ], [ -49.201855945999924, -1.097676812999984 ], [ -49.204655955999961, -1.09859242199998 ], [ -49.207214703999931, -1.100362883999919 ], [ -49.20813435, -1.103419426999954 ], [ -49.209460301000014, -1.106351368999983 ], [ -49.212802022999931, -1.107312954999964 ], [ -49.213990033999906, -1.110531281999974 ], [ -49.214325899999984, -1.113975336 ], [ -49.213630121999969, -1.116965303999953 ], [ -49.210938342, -1.119673524999945 ], [ -49.208267311999982, -1.121768941999948 ], [ -49.207238444999945, -1.124579888 ], [ -49.204746443999987, -1.126522362999962 ], [ -49.200412157999928, -1.128687071999925 ], [ -49.197381014999948, -1.130645734999982 ], [ -49.195355783999979, -1.132841257999919 ], [ -49.195574343999944, -1.136509429999935 ], [ -49.198159298999954, -1.138146686999955 ], [ -49.198603492999936, -1.141733245999967 ], [ -49.199271648999975, -1.144628074000034 ], [ -49.198268800999955, -1.147932839 ], [ -49.19793852799998, -1.151465828000022 ], [ -49.195797355999922, -1.15363405900001 ], [ -49.194022655999987, -1.156398576999953 ], [ -49.18824357299993, -1.157947788999971 ], [ -49.185410309999988, -1.159710156999951 ], [ -49.181412184999935, -1.159585284000011 ], [ -49.178577685999976, -1.156768828999946 ], [ -49.172858055999953, -1.154507103999949 ], [ -49.168849794999957, -1.155066199000023 ], [ -49.165775690999979, -1.156322556999969 ], [ -49.16365777999998, -1.159581064000017 ], [ -49.160940301999929, -1.161929273999975 ], [ -49.158969529999936, -1.164241801 ], [ -49.155775124999955, -1.166471099999979 ], [ -49.152575328999966, -1.167123396999949 ], [ -49.150654393000011, -1.170220837 ], [ -49.149239607000013, -1.173659761999959 ], [ -49.150437535, -1.177690758999974 ], [ -49.148939613999971, -1.180860086999926 ], [ -49.14646429899998, -1.183396902999947 ], [ -49.146523993999942, -1.190372548999976 ], [ -49.143742572999933, -1.192719543000011 ], [ -49.140992206999918, -1.193750952 ], [ -49.138325976999937, -1.197511946999965 ], [ -49.136469765999919, -1.200492198 ], [ -49.133295569000012, -1.201866117999986 ], [ -49.129524515999918, -1.200842044999986 ], [ -49.126380404999921, -1.20499945999998 ], [ -49.124659473, -1.207670800000029 ], [ -49.123296235999909, -1.211289808999974 ], [ -49.123154601999914, -1.215111054999953 ], [ -49.120938534999965, -1.218280654999928 ], [ -49.119270632999985, -1.221899066 ], [ -49.119488077999947, -1.224874827999924 ], [ -49.12051648799995, -1.228065631999966 ], [ -49.117933701999945, -1.229781062999971 ], [ -49.117127483999944, -1.233853353000027 ], [ -49.116214003999943, -1.237114467000024 ], [ -49.114689430999924, -1.240416790999967 ], [ -49.111157641, -1.240726527999927 ], [ -49.106992272999967, -1.238656275999963 ], [ -49.103213011, -1.237217497999934 ], [ -49.101490426999938, -1.240204913999934 ], [ -49.102436181999941, -1.243828918000025 ], [ -49.104435617, -1.24614836 ], [ -49.101438201999969, -1.249495603000019 ], [ -49.098217469999938, -1.251156525999955 ], [ -49.095159304999946, -1.253331330999954 ], [ -49.094602866999914, -1.25731201099998 ], [ -49.095180161999984, -1.260917286999943 ], [ -49.09807096799998, -1.262240080999968 ], [ -49.100105325, -1.264595675 ], [ -49.100853484, -1.268586960999931 ], [ -49.101873689999941, -1.27172727599997 ], [ -49.096683371000012, -1.27854645000002 ], [ -49.093628269999918, -1.278576642000031 ], [ -49.090798774999932, -1.277624226 ], [ -49.088935170999925, -1.28046884 ], [ -49.090598019999931, -1.284418591999961 ], [ -49.09559999, -1.290636437 ], [ -49.096663679999985, -1.293540771999959 ], [ -49.096658119999965, -1.296893565 ], [ -49.09801775899993, -1.299617378999942 ], [ -49.097714227999951, -1.303239911999912 ], [ -49.100519518999896, -1.306938804999982 ], [ -49.103578830999979, -1.309384851999953 ], [ -49.107578371999971, -1.308880874 ], [ -49.109324586999946, -1.31148746799993 ], [ -49.106687424999969, -1.314206214 ], [ -49.105134030999963, -1.317779471999971 ], [ -49.107797777, -1.320775348999961 ], [ -49.106020871999974, -1.323755257999961 ], [ -49.103329623999969, -1.322416367000026 ], [ -49.101356443999954, -1.32467411399996 ], [ -49.102995317999927, -1.327460726999954 ], [ -49.106298679999959, -1.329154071 ], [ -49.106768310999911, -1.333407118 ], [ -49.106210029, -1.337173345999956 ], [ -49.106212894999963, -1.341156044999972 ], [ -49.10916421, -1.343197465999948 ], [ -49.11018188299991, -1.346102746 ], [ -49.107184401999966, -1.349179257 ], [ -49.10473971899993, -1.353498513999964 ], [ -49.101229968999967, -1.355699897000031 ], [ -49.098907982999961, -1.353955256 ], [ -49.095963880999903, -1.356821829999957 ], [ -49.095831273999941, -1.360634794999962 ], [ -49.099107485999944, -1.361957904999924 ], [ -49.102076954999973, -1.364774349999989 ], [ -49.104765876999963, -1.367683051999959 ], [ -49.107958250999957, -1.374437647 ], [ -49.109769704, -1.377118433999938 ], [ -49.113353068000016, -1.37808003499992 ], [ -49.117546539999978, -1.379495235999952 ], [ -49.120218363999975, -1.382402208999958 ], [ -49.123908327000017, -1.383967784 ], [ -49.126827259999949, -1.384678449 ], [ -49.131022677999979, -1.385145747000029 ], [ -49.133988826999904, -1.385178886999929 ], [ -49.136907234999967, -1.385708432999957 ], [ -49.141188666999923, -1.387618579 ], [ -49.143772645999938, -1.389983008999964 ], [ -49.145184669999971, -1.394195924000021 ], [ -49.144962148999944, -1.397097049999987 ], [ -49.143688465999986, -1.400338414999949 ], [ -49.142934974999903, -1.40404852699997 ], [ -49.144905906, -1.406496451 ], [ -49.147771688999974, -1.407276484999977 ], [ -49.150519292999938, -1.408281556 ], [ -49.152822362999977, -1.411324046999942 ], [ -49.151357636999933, -1.412200481999983 ], [ -49.14987941499993, -1.413084093 ], [ -49.14598938799994, -1.413094872 ], [ -49.142131423999942, -1.414537575 ], [ -49.139133127999933, -1.413096720999976 ], [ -49.136407084999973, -1.410370574000011 ], [ -49.133132192, -1.407552286999971 ], [ -49.131659401, -1.403656471000039 ], [ -49.128849128999903, -1.402108835999973 ], [ -49.125631783999978, -1.402302165999982 ], [ -49.123127986999933, -1.400728149999955 ], [ -49.118600770999898, -1.399925753 ], [ -49.11504176399994, -1.40021658 ], [ -49.113907325999961, -1.396951428000017 ], [ -49.112242391999956, -1.393840166999984 ], [ -49.10941091599998, -1.389940768000022 ], [ -49.102774885999985, -1.383393419 ], [ -49.100768950000017, -1.388776673999983 ], [ -49.101183981999981, -1.392310573 ], [ -49.10043143999998, -1.395120294000032 ], [ -49.100409148, -1.398067595 ], [ -49.103269073999932, -1.400361360999982 ], [ -49.102408866, -1.403937654999945 ], [ -49.00069161699998, -1.477034129999923 ], [ -48.998880313999948, -1.479300354000026 ], [ -48.990548094999937, -1.484191446999974 ], [ -48.987077851999956, -1.484886269 ], [ -48.983984899999932, -1.485239597000012 ], [ -48.980325946999969, -1.486329456999949 ], [ -48.977769734999939, -1.48418222600001 ], [ -48.975072282999953, -1.48528237 ], [ -48.971543598000018, -1.487572467999945 ], [ -48.969488944999924, -1.489728073000043 ], [ -48.969631589, -1.494567902000012 ], [ -48.968881481999937, -1.500358800999981 ], [ -48.96962798399997, -1.503999156 ], [ -48.967852835, -1.506501284 ], [ -48.967322348999986, -1.509751303999964 ], [ -48.965876711999918, -1.51353160400002 ], [ -48.965773479999903, -1.514250299999977 ], [ -48.964991662999964, -1.519693290000026 ], [ -48.963991088999954, -1.524114211999974 ], [ -48.962458721999909, -1.526894293999961 ], [ -48.960454752000011, -1.531126345 ], [ -48.956057353999967, -1.53816518400002 ], [ -48.954245809, -1.542307523000011 ], [ -48.952322948999978, -1.54562709499996 ], [ -48.950464939999989, -1.548117118999928 ], [ -48.947606779999937, -1.550960568999917 ] ] ] ] } },
{ "type": "Feature", "properties": { "CD_MUN": "1505205", "NM_MUN": "Oeiras do Pará", "SIGLA": "PA", "AREA_KM2": 3852.291 }, "geometry": { "type": "MultiPolygon", "coordinates": [ [ [ [ -49.718189831999936, -1.835600899999958 ], [ -49.725308950999931, -1.849572169999982 ], [ -49.728804556999968, -1.857715253999972 ], [ -49.729776786999942, -1.860810944000049 ], [ -49.730666590999938, -1.864538635000015 ], [ -49.732359350999928, -1.875174651999947 ], [ -49.733693366, -1.880274273 ], [ -49.73738336899995, -1.885641233999982 ], [ -49.739553588000014, -1.887646882999929 ], [ -49.746855194999924, -1.893664022999966 ], [ -49.746852454999967, -1.894050015000017 ], [ -49.746826547999952, -1.898028984 ], [ -49.744024130999982, -1.900565322999972 ], [ -49.742219392999964, -1.904193556999969 ], [ -49.74254795099997, -1.908742456000025 ], [ -49.741190307999901, -1.91292371199995 ], [ -49.739546610999973, -1.915733414999989 ], [ -49.737464241999895, -1.922177387 ], [ -49.737328074999908, -1.933178772999957 ], [ -49.732548950999984, -1.93607068799996 ], [ -49.729107374999977, -1.935693141999986 ], [ -49.722889268999921, -1.936407011999988 ], [ -49.718442753, -1.937478855999943 ], [ -49.715186256000017, -1.93856181199993 ], [ -49.717081902999922, -1.94248146999997 ], [ -49.71708612199992, -1.947927638000015 ], [ -49.712359395999982, -1.951371378000024 ], [ -49.70982880199994, -1.953637499999941 ], [ -49.712440731999962, -1.957918837999975 ], [ -49.717301353999964, -1.958751062 ], [ -49.722189650999944, -1.959305586999962 ], [ -49.723441054999924, -1.962402998 ], [ -49.722246066, -1.965392228999976 ], [ -49.721689439999949, -1.968304631999986 ], [ -49.722855761999902, -1.972675232000034 ], [ -49.726193631999948, -1.975315406 ], [ -49.729352294, -1.973871578999988 ], [ -49.732442459999966, -1.97460822900001 ], [ -49.734690236999967, -1.97751977999995 ], [ -49.738024224999954, -1.97816778399992 ], [ -49.740464915999922, -1.979807333999952 ], [ -49.739719379999968, -1.986624356 ], [ -49.741967096999957, -1.98990301700003 ], [ -49.740692472000013, -1.992715319000018 ], [ -49.738609278999952, -1.995712194 ], [ -49.735799700000015, -1.997697986 ], [ -49.734048095999945, -2.000370119000019 ], [ -49.733057059000018, -2.005067974999966 ], [ -49.732833508999903, -2.008080468 ], [ -49.73360608699997, -2.011365225 ], [ -49.73619505399995, -2.014735922 ], [ -49.735107970999977, -2.017970716999953 ], [ -49.733158800999909, -2.020879465999927 ], [ -49.73263929599991, -2.023953401999981 ], [ -49.733968263999913, -2.027221606999943 ], [ -49.738499046999983, -2.032200090000016 ], [ -49.70646426, -2.06904626500001 ], [ -49.794787823, -2.164311697 ], [ -49.799234941999977, -2.158445304 ], [ -49.802430449999967, -2.156910048999974 ], [ -49.807837302999957, -2.157040441999927 ], [ -49.809978188999899, -2.156866869999954 ], [ -49.813069199999944, -2.155405235999988 ], [ -49.815125071999965, -2.15344466399995 ], [ -49.816293962999957, -2.152693855999912 ], [ -49.817987391, -2.145178979000031 ], [ -49.81873895699993, -2.144169954999944 ], [ -49.819667103999983, -2.142686985999989 ], [ -49.819745934999936, -2.141133142999943 ], [ -49.820023468999985, -2.140227441999967 ], [ -49.821205402999986, -2.140624824999984 ], [ -49.82245851299993, -2.141294792 ], [ -49.826651512999938, -2.144491958999941 ], [ -49.828479900999966, -2.146505621000019 ], [ -49.829177560999959, -2.14813286200001 ], [ -49.829538451999973, -2.148973575000026 ], [ -49.829498549999961, -2.158343933999953 ], [ -49.830883722, -2.163652181999955 ], [ -49.830641791999959, -2.16434963300002 ], [ -49.82960541300001, -2.168571558999934 ], [ -49.829809001999976, -2.172675142 ], [ -49.824962295999974, -2.175104213 ], [ -49.822961047999947, -2.177116327999942 ], [ -49.822024715999923, -2.17827814599997 ], [ -49.820937302999923, -2.182060609000027 ], [ -49.819853583999958, -2.190013684000016 ], [ -49.820143593999973, -2.193702566999969 ], [ -49.821360204, -2.196828528999974 ], [ -49.821989635999948, -2.200003359999938 ], [ -49.820003332999917, -2.20692655699998 ], [ -49.818081515999978, -2.209419533000014 ], [ -49.815389234999969, -2.211278052999957 ], [ -49.812245305, -2.212939556000029 ], [ -49.810933332999973, -2.214022677999941 ], [ -49.809750214999958, -2.214998828999972 ], [ -49.808608861000025, -2.218061273999963 ], [ -49.807162676, -2.220825202999945 ], [ -49.806470606999937, -2.224269523 ], [ -49.806548339999978, -2.227932496999943 ], [ -49.804215816999985, -2.229702641999944 ], [ -49.801239466000013, -2.23120396 ], [ -49.79478046199992, -2.233623350999983 ], [ -49.791580445, -2.234420478999946 ], [ -49.788474276999949, -2.232886418999938 ], [ -49.786468659, -2.230030618 ], [ -49.785048412, -2.227130512000022 ], [ -49.783797419999964, -2.224142511999974 ], [ -49.781548912999902, -2.221655831000016 ], [ -49.778584029999905, -2.221340692999965 ], [ -49.772157779999944, -2.223320868000025 ], [ -49.76413338, -2.228657705 ], [ -49.761082443999989, -2.22982135 ], [ -49.75744292499995, -2.229638577999973 ], [ -49.75446946699995, -2.228549539000015 ], [ -49.75113273999991, -2.229053055999932 ], [ -49.749391016999951, -2.231681467999982 ], [ -49.749417731999941, -2.23489309599997 ], [ -49.750027597999953, -2.238204720999972 ], [ -49.749883325, -2.24146906299997 ], [ -49.749162643999973, -2.24477772 ], [ -49.747357917999956, -2.247405001999949 ], [ -49.743937718000026, -2.249081493000018 ], [ -49.740581807999916, -2.249667804999946 ], [ -49.737607579999938, -2.249153156 ], [ -49.734718660999917, -2.250216994 ], [ -49.734745953999955, -2.253501611999988 ], [ -49.734133939999943, -2.256510187999963 ], [ -49.732830351999908, -2.259592478 ], [ -49.731025548999973, -2.261905806 ], [ -49.730191056999935, -2.264736038999962 ], [ -49.730576774999967, -2.26809294399998 ], [ -49.73163741599997, -2.270917055999968 ], [ -49.731277911999982, -2.273937175 ], [ -49.730245239999888, -2.276884046999941 ], [ -49.728581708, -2.279737948 ], [ -49.728500031999907, -2.283038448999966 ], [ -49.730523795999936, -2.285759029 ], [ -49.733134220999915, -2.287705780999962 ], [ -49.73507755199995, -2.290263809999962 ], [ -49.734357788, -2.293779777 ], [ -49.732551706999949, -2.296172389999986 ], [ -49.729830381999939, -2.29826553999998 ], [ -49.726663660999932, -2.298969400000042 ], [ -49.723661886999899, -2.300841905999986 ], [ -49.723583208999962, -2.300890984999961 ], [ -49.723292446999977, -2.301617892999976 ], [ -49.72321092499989, -2.301821462999945 ], [ -49.722496237, -2.303610358999988 ], [ -49.723717779, -2.307004941999926 ], [ -49.724409790999964, -2.310093115 ], [ -49.723278676, -2.312829480999925 ], [ -49.723141428999917, -2.314225108999937 ], [ -49.722943912999916, -2.316229292999941 ], [ -49.723717512999976, -2.319082339000014 ], [ -49.726273557999988, -2.321163408999984 ], [ -49.72829897799997, -2.323604518 ], [ -49.728575802999963, -2.326916020999983 ], [ -49.729356873999926, -2.330265131999978 ], [ -49.730973273999908, -2.333578013 ], [ -49.733692531000017, -2.335796713999985 ], [ -49.736473120999953, -2.337356359999978 ], [ -49.73935334699997, -2.339862359999936 ], [ -49.738964936999892, -2.342838198999955 ], [ -49.736136797000015, -2.344805528999929 ], [ -49.734995028999961, -2.347751091000019 ], [ -49.735938828999977, -2.350785097999966 ], [ -49.737917726999932, -2.353730294999936 ], [ -49.738717529999938, -2.356807165999966 ], [ -49.739353401999971, -2.360274042999935 ], [ -49.739585086999959, -2.363900212000027 ], [ -49.740167047999968, -2.367347090999941 ], [ -49.741634155999947, -2.370057181999909 ], [ -49.739416627999965, -2.371942435999932 ], [ -49.738998296999988, -2.376128454999984 ], [ -49.74016814099997, -2.379306603999956 ], [ -49.743050213999958, -2.380027990999958 ], [ -49.742168471999925, -2.383740917999946 ], [ -49.741486173999959, -2.385711365 ], [ -49.741023626999969, -2.387047181999948 ], [ -49.740864235999922, -2.390042654 ], [ -49.740027064999936, -2.392988217 ], [ -49.738613339999937, -2.396292715999939 ], [ -49.739078790999898, -2.399866412999954 ], [ -49.740634799999945, -2.402585858999986 ], [ -49.740911753999946, -2.406050754999969 ], [ -49.739609198, -2.408859563000023 ], [ -49.740246326999959, -2.411856622000021 ], [ -49.739221755999914, -2.414893557999944 ], [ -49.736438346999918, -2.422000414 ], [ -49.735916472, -2.424992009999984 ], [ -49.734696532999955, -2.426943364999969 ], [ -49.73389408, -2.428226863000029 ], [ -49.732102107999964, -2.431090867000032 ], [ -49.729251124999969, -2.437318070999952 ], [ -49.729102924999964, -2.43783796299998 ], [ -49.728359192999982, -2.440446428999978 ], [ -49.728195898999971, -2.442610327999963 ], [ -49.728079502999933, -2.444159320999963 ], [ -49.729274405999945, -2.447012953 ], [ -49.729389811999987, -2.450314967 ], [ -49.72655243399997, -2.452199758999987 ], [ -49.724584195, -2.45446699 ], [ -49.724942043999953, -2.457858143 ], [ -49.726947633999984, -2.460805476999974 ], [ -49.729474402999969, -2.463572325000021 ], [ -49.731159458999947, -2.467781236000013 ], [ -49.731800472999964, -2.478198709999981 ], [ -49.732070661999934, -2.479445530000026 ], [ -49.732438419, -2.481142593000021 ], [ -49.732940016000015, -2.484542372000034 ], [ -49.733889132999941, -2.488299836999976 ], [ -49.734888954999974, -2.491106925999977 ], [ -49.734750333999962, -2.494777901999958 ], [ -49.735191381999954, -2.497700425 ], [ -49.737964607, -2.499036970000015 ], [ -49.742328907999962, -2.503578483 ], [ -49.741161717999937, -2.508319347999945 ], [ -49.741805826999936, -2.512387920999961 ], [ -49.742829889999939, -2.515467503999949 ], [ -49.741804109999975, -2.518728870999967 ], [ -49.741191737999934, -2.521775138999951 ], [ -49.741860368999923, -2.526025076999963 ], [ -49.744025529999924, -2.529360047999942 ], [ -49.744860030999959, -2.535398040000016 ], [ -49.74693920199995, -2.543015706999965 ], [ -49.746112801999963, -2.556964777000017 ], [ -49.745220390000021, -2.560079543999985 ], [ -49.744473516999953, -2.562686139 ], [ -49.744749792999983, -2.568866602999966 ], [ -49.744609031999971, -2.573347475 ], [ -49.743997237999977, -2.581552345000029 ], [ -49.744305512, -2.588607723 ], [ -49.743029060999987, -2.591695897999982 ], [ -49.74211204199996, -2.596735088999926 ], [ -49.744723579999949, -2.603391510999922 ], [ -49.747275366999965, -2.606683823000013 ], [ -49.750138192999955, -2.611074774999969 ], [ -49.750414739999925, -2.614404500000047 ], [ -49.751662521999961, -2.620649656999943 ], [ -49.751825405999938, -2.625403955999941 ], [ -49.752083184999947, -2.627471972999986 ], [ -49.752084317999952, -2.627481062000028 ], [ -49.75302654399993, -2.635040009 ], [ -49.751999458999947, -2.637987409999978 ], [ -49.750974459999959, -2.643222846 ], [ -49.750411674999938, -2.64739565400002 ], [ -49.747750563999936, -2.652438744999932 ], [ -49.745626453999954, -2.653229575 ], [ -49.744445955999979, -2.653941581000021 ], [ -49.743228732999988, -2.65434862999995 ], [ -49.742279748999984, -2.656254586 ], [ -49.741396930999947, -2.659316943999981 ], [ -49.738553260999936, -2.663536793 ], [ -49.73834716999994, -2.666192032000039 ], [ -49.733479392999968, -2.66616792 ], [ -49.734014259999988, -2.670136099999967 ], [ -49.735429727999957, -2.674564588 ], [ -49.737184678999945, -2.677561233999972 ], [ -49.738534981000022, -2.68028682599998 ], [ -49.738459195999972, -2.688391503999989 ], [ -49.738699955, -2.691568668999968 ], [ -49.739188269999985, -2.698026740999984 ], [ -49.738558790999953, -2.702652835000032 ], [ -49.739305140999974, -2.707307215000023 ], [ -49.745303072999931, -2.710033903999944 ], [ -49.751166019, -2.710216865999984 ], [ -49.756499801999986, -2.709730558999981 ], [ -49.760834757999923, -2.709925244000013 ], [ -49.765223006000014, -2.710312203999967 ], [ -49.767970308999949, -2.716545743999967 ], [ -49.770862924000014, -2.721851787999965 ], [ -49.771438411999931, -2.722906317 ], [ -49.774887142, -2.726572007999986 ], [ -49.777512736, -2.72799271099994 ], [ -49.780138330999897, -2.729413414999984 ], [ -49.784355366999939, -2.732234062999952 ], [ -49.788635269999943, -2.737912199 ], [ -49.789470444999949, -2.740830114999939 ], [ -49.789721695999951, -2.746125218 ], [ -49.789770168999965, -2.752555111999913 ], [ -49.787300420999898, -2.759229509999974 ], [ -49.787173931482108, -2.759466128723167 ], [ -49.787173787, -2.759466398999946 ], [ -49.787173642740989, -2.759466668861412 ], [ -49.785163821999951, -2.76322638599992 ], [ -49.782249904, -2.769574430999979 ], [ -49.780453174999927, -2.773319023999923 ], [ -49.779281671999982, -2.775492022000039 ], [ -49.777661125999927, -2.77773375099998 ], [ -49.772752072999914, -2.782855137999976 ], [ -49.772504730999962, -2.783362915999978 ], [ -49.771102398000018, -2.785434026000013 ], [ -49.770522926999945, -2.788528124999958 ], [ -49.772049884999987, -2.795112910999977 ], [ -49.77515595999995, -2.800744715999928 ], [ -49.778160096, -2.805458057 ], [ -49.779360544999939, -2.809279231999975 ], [ -49.780226060999965, -2.819412498999965 ], [ -49.780226384999899, -2.819416288000012 ], [ -49.78041339, -2.821605697999976 ], [ -49.780994059999912, -2.825186548999961 ], [ -49.782861406999963, -2.830857291000024 ], [ -49.782777964999987, -2.832539034 ], [ -49.782688664999974, -2.834347023000019 ], [ -49.782657882, -2.844801759999962 ], [ -49.784576510999941, -2.853646545999924 ], [ -49.784906765999914, -2.854587542999978 ], [ -49.786818057999959, -2.874733239 ], [ -49.790880104999964, -2.893016465000011 ], [ -49.795768127000017, -2.916959773 ], [ -49.797180708, -2.925066090999975 ], [ -49.799292425999937, -2.937182298999987 ], [ -49.805141327999912, -2.95268679699995 ], [ -49.806078655999926, -2.95363466000004 ], [ -49.813615938999973, -2.962898970999985 ], [ -49.834069859999914, -2.973036695999989 ], [ -49.846666304999964, -2.97773844 ], [ -49.847539571999917, -2.977785933000012 ], [ -49.851838872000016, -2.979108222 ], [ -49.85387501, -2.979455948999989 ], [ -49.856042482999925, -2.980283122999952 ], [ -49.862955843999956, -2.982326924999947 ], [ -49.866657225999965, -2.983103046999949 ], [ -49.873228172, -2.98386830799994 ], [ -49.882365117999967, -2.985461298999939 ], [ -49.888856601, -2.985589373999966 ], [ -49.894936231999964, -2.98761644799991 ], [ -49.896708347999947, -2.988819174999948 ], [ -49.896340079999945, -2.987222102999967 ], [ -49.895628493999951, -2.986026054000037 ], [ -49.894600676, -2.984963225999939 ], [ -49.884251449, -2.977002043 ], [ -49.880835188999946, -2.974782933999967 ], [ -49.877585575999923, -2.970323864999971 ], [ -49.871355559999948, -2.964247217999985 ], [ -49.869525091999932, -2.960839834999964 ], [ -49.86366569499998, -2.954764661000011 ], [ -49.858638335999949, -2.949181525 ], [ -49.855723358, -2.944722962999959 ], [ -49.851136810999925, -2.936938916000011 ], [ -49.849329213999937, -2.934642068999951 ], [ -49.847580456999928, -2.931026757999957 ], [ -49.846808925999952, -2.927794819999976 ], [ -49.846910916999953, -2.919396906999951 ], [ -49.846334310999936, -2.915002155000037 ], [ -49.846886328999958, -2.906488645999952 ], [ -49.848053155999956, -2.902497187999922 ], [ -49.84866411099997, -2.89529263599996 ], [ -49.849271484999953, -2.89152459500003 ], [ -49.849449575999948, -2.885094141 ], [ -49.849470095999955, -2.874224472 ], [ -49.848582837, -2.868365601999914 ], [ -49.848611092999938, -2.862529006999983 ], [ -49.849447938, -2.857681200999975 ], [ -49.852940765999975, -2.849322543 ], [ -49.857054493, -2.84839028999996 ], [ -49.868640344, -2.845274973999947 ], [ -49.87489081899998, -2.843149709999961 ], [ -49.88108022499997, -2.840483854000011 ], [ -49.88624610899992, -2.836785972000024 ], [ -49.888550465999977, -2.83346571499993 ], [ -49.893190628999946, -2.828853903 ], [ -49.899830734000012, -2.823041265 ], [ -49.902188993, -2.820217195999932 ], [ -49.907165832999944, -2.816238692 ], [ -49.91049631, -2.812892986000017 ], [ -49.914361052999929, -2.808497321999939 ], [ -49.919526252, -2.800215570000022 ], [ -49.922361548999937, -2.79671643999996 ], [ -49.926409540999934, -2.791028569999989 ], [ -49.929252050999935, -2.785931820999989 ], [ -49.936057717999937, -2.774891397 ], [ -49.939995591999974, -2.764745709999952 ], [ -49.942221199999913, -2.759547409999987 ], [ -49.942377826, -2.757544769999933 ], [ -49.94237848399996, -2.757536359000037 ], [ -49.942942260999978, -2.750327862000015 ], [ -49.941532304999932, -2.739879637999989 ], [ -49.941136902, -2.732078736999979 ], [ -49.941136695999973, -2.73207467999991 ], [ -49.941003134999939, -2.729439654000023 ], [ -49.940884608999987, -2.727101239999987 ], [ -49.940800379999949, -2.708731844999948 ], [ -49.941025828999948, -2.700442457999932 ], [ -49.941751879999984, -2.684883036999954 ], [ -49.943632118999943, -2.67621843999998 ], [ -49.945749700999919, -2.66973132299996 ], [ -49.949863332999932, -2.66608241599994 ], [ -49.955438661, -2.660108143999986 ], [ -49.961219448999934, -2.655356789999965 ], [ -49.967163039999924, -2.650017695999987 ], [ -49.968225973999942, -2.648633713999962 ], [ -49.971218786999948, -2.644734598000023 ], [ -49.972941509999934, -2.640086171 ], [ -49.974361178999978, -2.634866599999954 ], [ -49.974309794, -2.629028811000014 ], [ -49.975330301999961, -2.621499393 ], [ -49.97397117799995, -2.613447195999976 ], [ -49.971945519999949, -2.605718553 ], [ -49.968299927999936, -2.589594199 ], [ -49.966860227, -2.581640190000014 ], [ -49.966415376999969, -2.574711454999958 ], [ -49.966993955999968, -2.56514998999994 ], [ -49.967630476999965, -2.558277366 ], [ -49.968777, -2.545898173999985 ], [ -49.970412896999967, -2.541190641999949 ], [ -49.974831143999964, -2.533779990999987 ], [ -49.976720360999956, -2.528245029999967 ], [ -49.983502255999944, -2.51882167 ], [ -49.989584831999977, -2.514255785999966 ], [ -49.993217893999926, -2.511190666999932 ], [ -50.000900185999981, -2.508336395999935 ], [ -50.015420854, -2.507796208 ], [ -50.019860867, -2.508432251999961 ], [ -50.025023212999926, -2.510756659 ], [ -50.031274271999955, -2.513149349 ], [ -50.035918498999905, -2.514652103999984 ], [ -50.048609455999959, -2.516477052 ], [ -50.054140094999973, -2.516258364000015 ], [ -50.058337544, -2.510850590999949 ], [ -50.059444828999951, -2.504717073999965 ], [ -50.061610872999935, -2.502334532 ], [ -50.065274611999939, -2.50035796499998 ], [ -50.068333424999899, -2.49467772799993 ], [ -50.072920694999929, -2.486892594999981 ], [ -50.073528134999918, -2.479422136999956 ], [ -50.072612069999977, -2.476009886999977 ], [ -50.072855901999986, -2.472292523999977 ], [ -50.074411082999966, -2.463536470999985 ], [ -50.075857214999985, -2.460670740999928 ], [ -50.077473511999955, -2.455875620000016 ], [ -50.07954946499995, -2.452542550000016 ], [ -50.081052504999967, -2.448947935000048 ], [ -50.083582505999956, -2.444984587000034 ], [ -50.089471282999938, -2.438966668000022 ], [ -50.093781739999898, -2.434909161999945 ], [ -50.10466137199991, -2.421679258999978 ], [ -50.107276112999983, -2.416605225 ], [ -50.109530154999966, -2.410619732 ], [ -50.109528241999989, -2.405278291 ], [ -50.111110896999932, -2.392802601 ], [ -50.11162660899997, -2.385272803999952 ], [ -50.111914974999934, -2.378314396000016 ], [ -50.111637353999967, -2.374713546999976 ], [ -50.111636601, -2.365329014999942 ], [ -50.110996711999988, -2.359426361999963 ], [ -50.110194905, -2.353865225 ], [ -50.108661721999965, -2.339018611000023 ], [ -50.10727579399996, -2.333318741000037 ], [ -50.106194680999948, -2.327596272999957 ], [ -50.10525212799994, -2.320184257999971 ], [ -50.103994249999957, -2.316609622999968 ], [ -50.100244728999961, -2.310209470999949 ], [ -50.091051844999974, -2.298402547999947 ], [ -50.088026125999917, -2.29394525800001 ], [ -50.086388922999987, -2.290991327000027 ], [ -50.084466517999914, -2.286787920999958 ], [ -50.083476019999935, -2.277410912999924 ], [ -50.08011278599993, -2.264743332000032 ], [ -50.079220355999986, -2.258948544 ], [ -50.079275002999978, -2.248617163999969 ], [ -50.079776284999973, -2.242690806999983 ], [ -50.081084172000011, -2.237010209 ], [ -50.082669958999944, -2.233304437999974 ], [ -50.084191242999964, -2.228825256999913 ], [ -50.086252814, -2.224336667999962 ], [ -50.088192662000019, -2.221336439999968 ], [ -50.091778741, -2.218603113000031 ], [ -50.097418779999913, -2.213890217 ], [ -50.101362006999949, -2.211726171 ], [ -50.102090092999973, -2.211073949000033 ], [ -50.105389892999973, -2.208117789999955 ], [ -50.10833826999994, -2.205121879999963 ], [ -50.10958636799991, -2.201543136999975 ], [ -50.109271679999985, -2.198095640000011 ], [ -50.108699761999915, -2.193996035 ], [ -50.107384678999907, -2.19117030699997 ], [ -50.103998232000023, -2.18282184000004 ], [ -50.103359660999942, -2.179799398999984 ], [ -50.102333360999936, -2.176880619999979 ], [ -50.101948452999977, -2.169237454999964 ], [ -50.105025937999969, -2.161368620000017 ], [ -50.107470626999913, -2.158026587999986 ], [ -50.110473438999946, -2.154371069000041 ], [ -50.112799243, -2.15074266099994 ], [ -50.114886558999956, -2.147209262999974 ], [ -50.116162935999959, -2.143701752000018 ], [ -50.115301243999987, -2.139623069999965 ], [ -50.107305131, -2.134279349999959 ], [ -50.104027069000011, -2.133060182999982 ], [ -50.097753001999941, -2.129282718999983 ], [ -50.092527496999949, -2.12677831999998 ], [ -50.088207141999973, -2.123595948000014 ], [ -50.083886785999908, -2.12041357599996 ], [ -50.069168565999988, -2.110784569000037 ], [ -50.066268076999982, -2.108501800999987 ], [ -50.060523165999911, -2.102732876999971 ], [ -50.058696510999944, -2.099886268999986 ], [ -50.05672135799994, -2.095315163999958 ], [ -50.056410818999915, -2.089730576 ], [ -50.061936976, -2.078680556999926 ], [ -50.07121617699994, -2.071864837999984 ], [ -50.074942767, -2.069420025999937 ], [ -50.075382071000014, -2.066237129999928 ], [ -50.077170892999966, -2.062938473000022 ], [ -50.075446313, -2.058738813 ], [ -50.073108828999956, -2.054843515000018 ], [ -50.072748965999935, -2.051658650000023 ], [ -50.073160952, -2.048592072999957 ], [ -50.071972318999975, -2.045395250999951 ], [ -50.071611750999985, -2.04248737699996 ], [ -50.073218643999979, -2.040029123999956 ], [ -50.072246128999986, -2.036291502999967 ], [ -50.069770165999934, -2.034246410999954 ], [ -50.070219519, -2.03131345799993 ], [ -50.073608235999977, -2.030969851000011 ], [ -50.072860013999971, -2.027766906999942 ], [ -50.075468895999919, -2.023152907 ], [ -50.078723851999939, -2.019361474999917 ], [ -50.07785857699993, -2.016221396999986 ], [ -50.078474908999944, -2.011087344 ], [ -50.076582116999923, -2.005722593000039 ], [ -50.076221003999976, -2.002230971999976 ], [ -50.075942963999971, -1.99819731 ], [ -50.075503006999988, -1.994207472000022 ], [ -50.07533294699995, -1.990488953000016 ], [ -50.073166920999967, -1.986216217999983 ], [ -50.068940986999984, -1.986387485999943 ], [ -50.066971883999955, -1.982844252999962 ], [ -50.064196002999957, -1.978751464999986 ], [ -50.061583349999971, -1.97366574200001 ], [ -50.064107164999982, -1.970676355000025 ], [ -50.066711477999903, -1.968001766999974 ], [ -50.0673598509999, -1.967335899000036 ], [ -50.068719795999982, -1.962349790999953 ], [ -50.070361839999954, -1.959718248 ], [ -50.071722203999975, -1.954912555000012 ], [ -50.070839390999943, -1.948016537 ], [ -50.069945642999976, -1.944659053000022 ], [ -50.065276264, -1.943466225 ], [ -50.061950077999938, -1.940191503999946 ], [ -50.057610822999905, -1.935011664 ], [ -50.057997628999935, -1.931375729999987 ], [ -50.062136947999946, -1.928941239 ], [ -50.062251837999945, -1.925494116999973 ], [ -50.057551394999962, -1.922578983 ], [ -50.056342480999945, -1.920621081 ], [ -50.055140728, -1.918674930000011 ], [ -50.054969765999964, -1.915227176000025 ], [ -50.055524616999953, -1.911962441 ], [ -50.056692643999966, -1.908610694999959 ], [ -50.056904220999975, -1.908455098999964 ], [ -50.060139088999932, -1.906074360999979 ], [ -50.06644228999992, -1.905365232999925 ], [ -50.070612285999978, -1.902019384000022 ], [ -50.072859336999919, -1.898036645 ], [ -50.072613335999989, -1.89512908999995 ], [ -50.070998235999937, -1.890317425 ], [ -50.072084371999921, -1.886151576000019 ], [ -50.07461134699993, -1.882348961999982 ], [ -50.077973089999901, -1.881446192999983 ], [ -50.082276593, -1.882635126000034 ], [ -50.086528007999952, -1.882197190999948 ], [ -50.089053723999939, -1.878934924000033 ], [ -50.085557096999906, -1.870581279999941 ], [ -50.085748515999938, -1.865319801999989 ], [ -50.088022273999954, -1.861337833999945 ], [ -50.092367714999959, -1.859804645 ], [ -50.098658323999977, -1.859817705999935 ], [ -50.102359517999972, -1.860647874999968 ], [ -50.108139311999906, -1.860389997000036 ], [ -50.110470641999981, -1.858401129999967 ], [ -50.111027935, -1.85468498999998 ], [ -50.111223818999946, -1.851416481 ], [ -50.115304856999927, -1.842899822 ], [ -50.118387115999958, -1.839010507999985 ], [ -50.124806347999957, -1.829767014999986 ], [ -50.128058767999946, -1.825692990999963 ], [ -50.130144548999951, -1.821618220999968 ], [ -50.131334233999979, -1.818805618999955 ], [ -50.131496032999955, -1.814999177999956 ], [ -50.125661471999926, -1.812352858999935 ], [ -50.123221466999922, -1.810172203999985 ], [ -50.120889269999957, -1.808434810999939 ], [ -50.117107677999968, -1.806974024999954 ], [ -50.108835112999927, -1.804600428999938 ], [ -50.105028172999972, -1.803230729999941 ], [ -50.097832493999945, -1.801209540999951 ], [ -50.086748728, -1.798374285000017 ], [ -50.081888790999969, -1.797271206999964 ], [ -50.078635574, -1.796712931999958 ], [ -50.07177366799997, -1.794974876999946 ], [ -50.068440982999917, -1.793334655999947 ], [ -50.064670222999936, -1.791873942999969 ], [ -50.044323672, -1.789171180999984 ], [ -50.036556403999931, -1.788438017999985 ], [ -50.03061046700001, -1.786241831 ], [ -50.011644010999952, -1.785013375999958 ], [ -50.005113329999972, -1.783921072 ], [ -50.003913928999943, -1.783719983999967 ], [ -49.991577192999976, -1.783098550999975 ], [ -49.986973725999938, -1.783538655999974 ], [ -49.981112116999981, -1.784338645 ], [ -49.97777272, -1.784994387999985 ], [ -49.968083901999911, -1.787580224999976 ], [ -49.967642144999957, -1.787794857999971 ], [ -49.965113062999954, -1.789020671999966 ], [ -49.95516609500001, -1.792085701 ], [ -49.944332019999948, -1.795959607999977 ], [ -49.938164412999981, -1.79894800799997 ], [ -49.931193403999984, -1.801476286 ], [ -49.927746325999962, -1.803642559 ], [ -49.924219127999976, -1.805457721 ], [ -49.920160573, -1.80735194599996 ], [ -49.912748772999933, -1.810420263 ], [ -49.91021909399997, -1.811865945999971 ], [ -49.906129704, -1.813863739999979 ], [ -49.89872026999997, -1.817840246000015 ], [ -49.891667858999895, -1.820909116999916 ], [ -49.88461374399995, -1.824710346000016 ], [ -49.880186362, -1.826691841 ], [ -49.876552218999954, -1.828046425 ], [ -49.867881757999939, -1.830389687 ], [ -49.864359820999944, -1.831012944999957 ], [ -49.860662829999946, -1.831544682999988 ], [ -49.851967804999937, -1.832436425999964 ], [ -49.847994464999985, -1.833148778999929 ], [ -49.837166069999945, -1.833114540999938 ], [ -49.829661251999923, -1.832737141999976 ], [ -49.824971625999943, -1.832265282000014 ], [ -49.820359754, -1.83198391 ], [ -49.816577888, -1.831515965999921 ], [ -49.810604223, -1.830139136999955 ], [ -49.80566157399997, -1.829486275000027 ], [ -49.79894772399993, -1.828325973999947 ], [ -49.797069140999923, -1.82800138 ], [ -49.785932140999932, -1.825038574 ], [ -49.774890470999921, -1.821675565 ], [ -49.770803380999972, -1.820295969999988 ], [ -49.767382684, -1.818744784999984 ], [ -49.760970592999975, -1.816548036000034 ], [ -49.754664683999934, -1.815070345999983 ], [ -49.751691093999924, -1.814883869 ], [ -49.745588401, -1.81605814 ], [ -49.74516219199991, -1.816140104999944 ], [ -49.742192411999952, -1.817394793999929 ], [ -49.731411974999972, -1.823367467000017 ], [ -49.718189831999936, -1.835600899999958 ] ] ] ] } },
{ "type": "Feature", "properties": { "CD_MUN": "1505700", "NM_MUN": "Ponta de Pedras", "SIGLA": "PA", "AREA_KM2": 3363.749 }, "geometry": { "type": "MultiPolygon", "coordinates": [ [ [ [ -49.1918843569999, -0.74043327800001 ], [ -49.190522222, -0.744739415999964 ], [ -49.190266973999925, -0.748136567000026 ], [ -49.188020066, -0.750621332 ], [ -49.186883955999967, -0.753567808 ], [ -49.187077848999934, -0.75697444899995 ], [ -49.186157212999966, -0.760830430999961 ], [ -49.187960611999969, -0.763779279999968 ], [ -49.188376491, -0.76787107099995 ], [ -49.186128600999908, -0.770356663 ], [ -49.186106031999905, -0.774438035 ], [ -49.188357155999917, -0.777848831999952 ], [ -49.191708631000019, -0.785349553 ], [ -49.19168728199994, -0.788297278 ], [ -49.190323371999973, -0.794639971999969 ], [ -49.1878234449999, -0.796674602999916 ], [ -49.18579701299992, -0.800979818999972 ], [ -49.187356511999987, -0.804162788999987 ], [ -49.189823124999975, -0.807572144 ], [ -49.187775957999968, -0.814149169 ], [ -49.189327866999939, -0.81687167000001 ], [ -49.190464419, -0.819829789999984 ], [ -49.187516017999954, -0.82117799499998 ], [ -49.185491144000011, -0.824797347999953 ], [ -49.181663653999962, -0.825009884999952 ], [ -49.179163886999987, -0.826818181 ], [ -49.177820109, -0.823634555000021 ], [ -49.174910282000027, -0.82203598 ], [ -49.171247673000025, -0.821112368999968 ], [ -49.16430153699995, -0.821545511000012 ], [ -49.16115664199998, -0.822669014999979 ], [ -49.157104207999964, -0.822420780999957 ], [ -49.155966508999981, -0.819697986 ], [ -49.153047316999938, -0.81991071499993 ], [ -49.149885114999954, -0.81899674399998 ], [ -49.149441339, -0.821942869999939 ], [ -49.150101136999979, -0.825350815 ], [ -49.147826930999926, -0.827835121000033 ], [ -49.142823986999957, -0.840741014000015 ], [ -49.1396587629999, -0.842998844999956 ], [ -49.136272310000017, -0.84253684600001 ], [ -49.134463400999913, -0.845021619999988 ], [ -49.132878227999939, -0.848191495999986 ], [ -49.130162740999971, -0.850000173999979 ], [ -49.128577538999906, -0.853170015999973 ], [ -49.124744848999953, -0.857463337999933 ], [ -49.121797180999955, -0.858135386999939 ], [ -49.119323941999959, -0.860168665999952 ], [ -49.116606383, -0.863562239999984 ], [ -49.113216445, -0.865819563999972 ], [ -49.110267603999986, -0.867391720999935 ], [ -49.110496802999947, -0.870798958000032 ], [ -49.107099924, -0.872145233999957 ], [ -49.104382275999932, -0.87485478399997 ], [ -49.101247966999949, -0.87393971599993 ], [ -49.095154021999953, -0.875275206000028 ], [ -49.093552175999932, -0.877997867999971 ], [ -49.093548029999944, -0.881165939 ], [ -49.09038380399997, -0.882514223 ], [ -49.091574618, -0.885623495999956 ], [ -49.085633563999949, -0.886804971000013 ], [ -49.084713867999973, -0.889976286999952 ], [ -49.081129162999936, -0.889962485999964 ], [ -49.076824507000012, -0.890857751999965 ], [ -49.073687801999917, -0.891754569 ], [ -49.070517872, -0.891288995999941 ], [ -49.066683714999932, -0.890366621999918 ], [ -49.066247038999954, -0.893762839 ], [ -49.062636577, -0.893523715000013 ], [ -49.058793463, -0.891238108 ], [ -49.05632845599996, -0.893045793 ], [ -49.054043720000017, -0.895080755999969 ], [ -49.047745265999971, -0.89609935799996 ], [ -49.049517283999954, -0.901192329 ], [ -49.04860377599995, -0.904362550000029 ], [ -49.047935179999968, -0.908443092999969 ], [ -49.044962569999946, -0.914782805999961 ], [ -49.044712849999982, -0.919314386 ], [ -49.043574861999971, -0.923618575999976 ], [ -49.042215337999927, -0.926340325999933 ], [ -49.041768825999931, -0.930194973000011 ], [ -49.040604123000016, -0.934273842 ], [ -49.039018408999908, -0.937443919 ], [ -49.039238856999944, -0.94039041 ], [ -49.039906320999926, -0.944247523999922 ], [ -49.040097191, -0.949013944999946 ], [ -49.035573020999941, -0.953764544 ], [ -49.033098154999983, -0.956023284 ], [ -49.029716099000019, -0.958731165999973 ], [ -49.02654296799993, -0.959851839999972 ], [ -49.023377410999935, -0.962560885999943 ], [ -49.019996959000011, -0.964139802000021 ], [ -49.017522710000016, -0.965939859999922 ], [ -49.013214296999962, -0.968644442999969 ], [ -49.010043352999965, -0.96886499700001 ], [ -49.007130075999967, -0.970437318999986 ], [ -49.005293921999922, -0.972694122999931 ], [ -49.005072930999937, -0.976327225999976 ], [ -49.001685118999937, -0.97677263999997 ], [ -48.998549550999932, -0.976758955 ], [ -48.995600073999967, -0.977881594999976 ], [ -48.993574527999968, -0.975148813 ], [ -48.990431428999969, -0.973547723000037 ], [ -48.987716671999969, -0.975128365 ], [ -48.986355639999978, -0.978074075999915 ], [ -48.983209395999978, -0.979195481999975 ], [ -48.980493732999904, -0.980767066999979 ], [ -48.977545811999974, -0.981439201 ], [ -48.975547017999972, -0.978256970999949 ], [ -48.973990141999941, -0.973937606999966 ], [ -48.97107255699995, -0.972339592 ], [ -48.968134652999957, -0.972325294999967 ], [ -48.966547088999967, -0.975954337999942 ], [ -48.964271203999949, -0.978438222000024 ], [ -48.961797764999936, -0.980244337999983 ], [ -48.960876028999962, -0.983188773999979 ], [ -48.957935375999924, -0.98499505300004 ], [ -48.960412233999961, -0.987494198999963 ], [ -48.964462857999912, -0.988418336999954 ], [ -48.965795377999939, -0.992501306 ], [ -48.968273225999965, -0.994336561999978 ], [ -48.96982127699998, -0.997283891999947 ], [ -48.967769048, -1.000334708999953 ], [ -48.964988531999971, -1.006650935999955 ], [ -48.96476853599998, -1.007153280999953 ], [ -48.963306084999942, -1.009701908999974 ], [ -48.963170971999958, -1.009937371 ], [ -48.963332948999948, -1.010030739 ], [ -48.963443371999936, -1.010081697000045 ], [ -48.963511324999963, -1.010098683000029 ], [ -48.963553794999925, -1.010183610999951 ], [ -48.963587771999983, -1.010277032000042 ], [ -48.963647229999928, -1.010336480999987 ], [ -48.963740664999932, -1.010378944999948 ], [ -48.963808616999955, -1.010446886999974 ], [ -48.963842593000017, -1.010540307999976 ], [ -48.963919038999947, -1.010616742 ], [ -48.963995485999966, -1.010642219999971 ], [ -48.964105907999951, -1.010642219999971 ], [ -48.964144130999919, -1.010650712999963 ], [ -48.964182353999973, -1.010659205999955 ], [ -48.964241811999919, -1.010735639999973 ], [ -48.964284281999966, -1.010803582 ], [ -48.964326752000019, -1.010897002 ], [ -48.96449663199995, -1.010964943000028 ], [ -48.964556088999984, -1.011032883999965 ], [ -48.964607052999938, -1.011092333 ], [ -48.96468349899996, -1.011143288999952 ], [ -48.964751450999984, -1.011211229999978 ], [ -48.964836390999906, -1.011287664 ], [ -48.964912837000014, -1.011355605999933 ], [ -48.96497229499996, -1.011406560999975 ], [ -48.965048740999983, -1.011491487999985 ], [ -48.965108199000014, -1.011601892999971 ], [ -48.965184644999944, -1.011652847999924 ], [ -48.965278079999948, -1.011712296999958 ], [ -48.965312055999917, -1.011763253 ], [ -48.965388501999939, -1.011831194000026 ], [ -48.965464947999955, -1.011873656999986 ], [ -48.965575370999943, -1.01193310600002 ], [ -48.965634828999981, -1.012001046999957 ], [ -48.965685793999931, -1.012077480999976 ], [ -48.965688394999972, -1.012087015999965 ], [ -48.965699835999942, -1.012128957999971 ], [ -48.965711276, -1.012170900999978 ], [ -48.965753746999958, -1.012255826999988 ], [ -48.965787722999927, -1.012349247 ], [ -48.965804712, -1.012459651999977 ], [ -48.965847182999966, -1.012570056999964 ], [ -48.965855676999958, -1.012629506 ], [ -48.965855677999954, -1.012748403999977 ], [ -48.965855677999954, -1.012850316999971 ], [ -48.96586417299995, -1.012935243999982 ], [ -48.965864173999947, -1.013028663999984 ], [ -48.96583869199997, -1.013113591 ], [ -48.965821703999985, -1.013207011 ], [ -48.965821704999897, -1.013291938 ], [ -48.965821705999986, -1.013376865999929 ], [ -48.965821705999986, -1.013447223999977 ], [ -48.965821706999989, -1.013495765 ], [ -48.965813212999905, -1.013589185 ], [ -48.965805862000011, -1.013725517 ], [ -48.965784449999923, -1.013832553999974 ], [ -48.965741627999932, -1.013950295000035 ], [ -48.965720216999941, -1.01405733199992 ], [ -48.965709510999943, -1.014185774999978 ], [ -48.965688098999948, -1.01430351499995 ], [ -48.965666687999949, -1.014399846999927 ], [ -48.965645276999958, -1.014528289999985 ], [ -48.96563457099996, -1.014646027999957 ], [ -48.965623864999962, -1.014742360000023 ], [ -48.965613158999965, -1.014881504999989 ], [ -48.965581043999968, -1.014977835999966 ], [ -48.965527517999895, -1.01508487099994 ], [ -48.965484697, -1.015191905 ], [ -48.965452582, -1.015309642999975 ], [ -48.965495400999899, -1.015416676000038 ], [ -48.965559630999977, -1.015598632 ], [ -48.965548925999975, -1.015620038999989 ], [ -48.96545258, -1.01573777600005 ], [ -48.965377644999926, -1.015812700000032 ], [ -48.965366939999932, -1.015930436 ], [ -48.965366939999932, -1.016080281999967 ], [ -48.965366939999932, -1.016198017999939 ], [ -48.965334824999935, -1.016315754 ], [ -48.965345528999933, -1.016444192999968 ], [ -48.965345528999933, -1.016516834000027 ], [ -48.965345528999933, -1.016551224999942 ], [ -48.96536693900002, -1.016679664 ], [ -48.965409758999918, -1.016797399999971 ], [ -48.965409758999918, -1.016904431999945 ], [ -48.965420464, -1.017032871 ], [ -48.965463284, -1.01712919999998 ], [ -48.965506103999985, -1.017204121999962 ], [ -48.965516808999986, -1.017353968000014 ], [ -48.965538218999981, -1.017461 ], [ -48.965538219999978, -1.017519867999974 ], [ -48.965538219999978, -1.01757873599996 ], [ -48.965591744999969, -1.01769647100002 ], [ -48.965623859999958, -1.017824909999989 ], [ -48.965639917999958, -1.017867722999979 ], [ -48.965655975999951, -1.017910536999969 ], [ -48.965730911000023, -1.018049678999935 ], [ -48.965816552, -1.018167415 ], [ -48.965848668, -1.018285151999967 ], [ -48.965859372999908, -1.018392184999941 ], [ -48.965891488999986, -1.018499217999915 ], [ -48.965966424999969, -1.018606251999978 ], [ -48.966019950999957, -1.01872398899995 ], [ -48.966052067999954, -1.018831022000013 ], [ -48.966062773999951, -1.018970165999979 ], [ -48.966105593999941, -1.01902670499995 ], [ -48.96614841300002, -1.01908324400001 ], [ -48.966201939, -1.01910465 ], [ -48.966319693999978, -1.019168868999989 ], [ -48.966341103999973, -1.019265198999966 ], [ -48.966426743999953, -1.019382935999937 ], [ -48.966523089999932, -1.019447155000011 ], [ -48.966672962, -1.01953278 ], [ -48.966694371999985, -1.019580944999978 ], [ -48.96671578199998, -1.019629109999967 ], [ -48.966726486999974, -1.019736142999941 ], [ -48.966790716999959, -1.019853878999912 ], [ -48.966897768999935, -1.019896692 ], [ -48.966972704999918, -1.020003724999965 ], [ -48.967036935999907, -1.020089351000033 ], [ -48.967101166999981, -1.020217791 ], [ -48.967165398999967, -1.020346229999971 ], [ -48.967208219999954, -1.02047466999994 ], [ -48.967240335999946, -1.020613813 ], [ -48.967240335999946, -1.020742252999964 ], [ -48.967240335999946, -1.020849287000027 ], [ -48.967240335999946, -1.020967023 ], [ -48.96724033699995, -1.021106166999965 ], [ -48.967229632999953, -1.021245309999932 ], [ -48.967229632999953, -1.021363047 ], [ -48.967218927999951, -1.021411211999981 ], [ -48.967208222999957, -1.021459376999969 ], [ -48.967154697999966, -1.021555706999946 ], [ -48.967079761999983, -1.021652037000012 ], [ -48.967036941999908, -1.021748366999988 ], [ -48.967015531999913, -1.02186610399996 ], [ -48.966962007999925, -1.022005246999926 ], [ -48.966945642, -1.022127977999956 ], [ -48.966463351999963, -1.024900374000017 ], [ -48.966491759999919, -1.025119330999926 ], [ -48.967235553, -1.030930230999951 ], [ -48.966630012999985, -1.033765216999951 ], [ -48.957797017999937, -1.040679683999981 ], [ -48.951350252999966, -1.04366017400003 ], [ -48.945828296999956, -1.040831646999942 ], [ -48.94237758, -1.041771982999942 ], [ -48.936744939999976, -1.041303494 ], [ -48.934239702, -1.039812194999969 ], [ -48.931157337999949, -1.040763910999933 ], [ -48.928104450999953, -1.040137427999968 ], [ -48.923607548999932, -1.042426352 ], [ -48.920853188999942, -1.045008121 ], [ -48.916684986999947, -1.045137385999952 ], [ -48.914042285999955, -1.051437788999978 ], [ -48.916660458999957, -1.054738998 ], [ -48.916689230999943, -1.059136763 ], [ -48.920019876, -1.060781704000027 ], [ -48.921268277, -1.066556140999966 ], [ -48.923825396000019, -1.068705202999967 ], [ -48.923406410999988, -1.072155517999986 ], [ -48.920851081999949, -1.074367260000022 ], [ -48.922021272999956, -1.079017387000016 ], [ -48.919462491999987, -1.082742444000031 ], [ -48.918495142999973, -1.086317915999926 ], [ -48.914069646, -1.089282188999965 ], [ -48.91488179199996, -1.093066921999943 ], [ -48.917320728999968, -1.095459989999972 ], [ -48.917240719999917, -1.100792607999947 ], [ -48.913410719999924, -1.106982652 ], [ -48.914686713999984, -1.11162486300004 ], [ -48.914489718999938, -1.116461815000038 ], [ -48.914584233999946, -1.118446440000023 ], [ -48.914905820999905, -1.125238129000019 ], [ -48.918696304, -1.130489756000044 ], [ -48.919182225999975, -1.13116298899997 ], [ -48.916849374999956, -1.133942374999988 ], [ -48.917015418999931, -1.137122501000034 ], [ -48.91818748, -1.139953994999923 ], [ -48.915495822999965, -1.143390291999937 ], [ -48.910160614999953, -1.141821545 ], [ -48.906104800000016, -1.144364475999984 ], [ -48.898266714999949, -1.150709999000012 ], [ -48.89277271999994, -1.158060328999957 ], [ -48.893907598999959, -1.161522236999959 ], [ -48.89479435399997, -1.168035519999924 ], [ -48.891799244999952, -1.174192215999961 ], [ -48.885766710999974, -1.176631227999971 ], [ -48.882380973999972, -1.180155962999931 ], [ -48.882250757999941, -1.180840814000019 ], [ -48.881547193, -1.184541092999938 ], [ -48.880049654999901, -1.189890537999974 ], [ -48.87985583399994, -1.190582898999972 ], [ -48.873651813999984, -1.19820963800005 ], [ -48.869187834999934, -1.201660088 ], [ -48.865102705999973, -1.200472440999958 ], [ -48.860291893999914, -1.201995514000034 ], [ -48.844935917999983, -1.207415754999976 ], [ -48.819604574999985, -1.213248854999973 ], [ -48.80154467599997, -1.213061039999976 ], [ -48.788965590999943, -1.208732729999964 ], [ -48.777979164999969, -1.203612129000033 ], [ -48.769735544999925, -1.199769907 ], [ -48.76783237199993, -1.198731504999975 ], [ -48.751964277, -1.190073615999934 ], [ -48.744969192999953, -1.187789066 ], [ -48.728872935999966, -1.187953771999952 ], [ -48.713907026999976, -1.188107035000021 ], [ -48.705931584, -1.186352869 ], [ -48.691241156999986, -1.181517008000013 ], [ -48.67702181999995, -1.175926524000017 ], [ -48.673544769999943, -1.174559484999973 ], [ -48.664130518999933, -1.173449261000039 ], [ -48.607519035999957, -1.172108839999977 ], [ -48.624408234, -1.192166764000016 ], [ -48.638708534999985, -1.21214852899997 ], [ -48.651598808999914, -1.232030170999989 ], [ -48.66388333, -1.25353214499996 ], [ -48.66832673399994, -1.260085657999968 ], [ -48.670908734999969, -1.267313462999988 ], [ -48.678236687000016, -1.28241218099995 ], [ -48.691285193999896, -1.30490720599993 ], [ -48.693934886999934, -1.309242332999974 ], [ -48.702296925, -1.322365869000022 ], [ -48.710770954999937, -1.338485964000027 ], [ -48.721937593999982, -1.360438742 ], [ -48.72895150199998, -1.375579885 ], [ -48.738634063999982, -1.397136616999974 ], [ -48.739938615999918, -1.400042018000027 ], [ -48.744241873, -1.412498281999932 ], [ -48.750303845, -1.427714123 ], [ -48.754383150999935, -1.437953375999959 ], [ -48.760656920999978, -1.452541904999984 ], [ -48.763044042999958, -1.456636998999974 ], [ -48.768408950999941, -1.465844524000017 ], [ -48.775929096999988, -1.474092717 ], [ -48.785987672000019, -1.480474688999935 ], [ -48.795632122999976, -1.487559233 ], [ -48.80758375499996, -1.498131072000044 ], [ -48.808904112999961, -1.499298996999956 ], [ -48.810909350999964, -1.501411285999934 ], [ -48.812936345999987, -1.503821754999981 ], [ -48.817676270999954, -1.50814 ], [ -48.818576551000014, -1.508959949999946 ], [ -48.824764817, -1.513758176999938 ], [ -48.827680066999974, -1.516368099999967 ], [ -48.831764087999936, -1.518746666000039 ], [ -48.837408279999934, -1.521444237000038 ], [ -48.841851755999976, -1.523823715999919 ], [ -48.846323677999969, -1.525203506999953 ], [ -48.850993023999955, -1.526323477999982 ], [ -48.859685461000012, -1.529000538999972 ], [ -48.866599771000025, -1.53080957 ], [ -48.870464155000022, -1.531089055999937 ], [ -48.875404648999975, -1.531939485999958 ], [ -48.88027411199991, -1.532429447 ], [ -48.885215065999986, -1.533466336 ], [ -48.894654867999975, -1.53515534000003 ], [ -48.898796488, -1.535625540999943 ], [ -48.901741468999944, -1.536704508999955 ], [ -48.906772056999976, -1.537465988999989 ], [ -48.922002468, -1.542298246999954 ], [ -48.930685562999905, -1.545161078000037 ], [ -48.935406507999986, -1.547279395999981 ], [ -48.93934918599998, -1.548658991 ], [ -48.947606779999937, -1.550960568999917 ], [ -48.950464939999989, -1.548117118999928 ], [ -48.952322948999978, -1.54562709499996 ], [ -48.954245809, -1.542307523000011 ], [ -48.956057353999967, -1.53816518400002 ], [ -48.960454752000011, -1.531126345 ], [ -48.962458721999909, -1.526894293999961 ], [ -48.963991088999954, -1.524114211999974 ], [ -48.964991662999964, -1.519693290000026 ], [ -48.965773479999903, -1.514250299999977 ], [ -48.965876711999918, -1.51353160400002 ], [ -48.967322348999986, -1.509751303999964 ], [ -48.967852835, -1.506501284 ], [ -48.96962798399997, -1.503999156 ], [ -48.968881481999937, -1.500358800999981 ], [ -48.969631589, -1.494567902000012 ], [ -48.969488944999924, -1.489728073000043 ], [ -48.971543598000018, -1.487572467999945 ], [ -48.975072282999953, -1.48528237 ], [ -48.977769734999939, -1.48418222600001 ], [ -48.980325946999969, -1.486329456999949 ], [ -48.983984899999932, -1.485239597000012 ], [ -48.987077851999956, -1.484886269 ], [ -48.990548094999937, -1.484191446999974 ], [ -48.998880313999948, -1.479300354000026 ], [ -49.00069161699998, -1.477034129999923 ], [ -49.102408866, -1.403937654999945 ], [ -49.103269073999932, -1.400361360999982 ], [ -49.100409148, -1.398067595 ], [ -49.10043143999998, -1.395120294000032 ], [ -49.101183981999981, -1.392310573 ], [ -49.100768950000017, -1.388776673999983 ], [ -49.102774885999985, -1.383393419 ], [ -49.10941091599998, -1.389940768000022 ], [ -49.112242391999956, -1.393840166999984 ], [ -49.113907325999961, -1.396951428000017 ], [ -49.11504176399994, -1.40021658 ], [ -49.118600770999898, -1.399925753 ], [ -49.123127986999933, -1.400728149999955 ], [ -49.125631783999978, -1.402302165999982 ], [ -49.128849128999903, -1.402108835999973 ], [ -49.131659401, -1.403656471000039 ], [ -49.133132192, -1.407552286999971 ], [ -49.136407084999973, -1.410370574000011 ], [ -49.139133127999933, -1.413096720999976 ], [ -49.142131423999942, -1.414537575 ], [ -49.14598938799994, -1.413094872 ], [ -49.14987941499993, -1.413084093 ], [ -49.151357636999933, -1.412200481999983 ], [ -49.152822362999977, -1.411324046999942 ], [ -49.150519292999938, -1.408281556 ], [ -49.147771688999974, -1.407276484999977 ], [ -49.144905906, -1.406496451 ], [ -49.142934974999903, -1.40404852699997 ], [ -49.143688465999986, -1.400338414999949 ], [ -49.144962148999944, -1.397097049999987 ], [ -49.145184669999971, -1.394195924000021 ], [ -49.143772645999938, -1.389983008999964 ], [ -49.141188666999923, -1.387618579 ], [ -49.136907234999967, -1.385708432999957 ], [ -49.133988826999904, -1.385178886999929 ], [ -49.131022677999979, -1.385145747000029 ], [ -49.126827259999949, -1.384678449 ], [ -49.123908327000017, -1.383967784 ], [ -49.120218363999975, -1.382402208999958 ], [ -49.117546539999978, -1.379495235999952 ], [ -49.113353068000016, -1.37808003499992 ], [ -49.109769704, -1.377118433999938 ], [ -49.107958250999957, -1.374437647 ], [ -49.104765876999963, -1.367683051999959 ], [ -49.102076954999973, -1.364774349999989 ], [ -49.099107485999944, -1.361957904999924 ], [ -49.095831273999941, -1.360634794999962 ], [ -49.095963880999903, -1.356821829999957 ], [ -49.098907982999961, -1.353955256 ], [ -49.101229968999967, -1.355699897000031 ], [ -49.10473971899993, -1.353498513999964 ], [ -49.107184401999966, -1.349179257 ], [ -49.11018188299991, -1.346102746 ], [ -49.10916421, -1.343197465999948 ], [ -49.106212894999963, -1.341156044999972 ], [ -49.106210029, -1.337173345999956 ], [ -49.106768310999911, -1.333407118 ], [ -49.106298679999959, -1.329154071 ], [ -49.102995317999927, -1.327460726999954 ], [ -49.101356443999954, -1.32467411399996 ], [ -49.103329623999969, -1.322416367000026 ], [ -49.106020871999974, -1.323755257999961 ], [ -49.107797777, -1.320775348999961 ], [ -49.105134030999963, -1.317779471999971 ], [ -49.106687424999969, -1.314206214 ], [ -49.109324586999946, -1.31148746799993 ], [ -49.107578371999971, -1.308880874 ], [ -49.103578830999979, -1.309384851999953 ], [ -49.100519518999896, -1.306938804999982 ], [ -49.097714227999951, -1.303239911999912 ], [ -49.09801775899993, -1.299617378999942 ], [ -49.096658119999965, -1.296893565 ], [ -49.096663679999985, -1.293540771999959 ], [ -49.09559999, -1.290636437 ], [ -49.090598019999931, -1.284418591999961 ], [ -49.088935170999925, -1.28046884 ], [ -49.090798774999932, -1.277624226 ], [ -49.093628269999918, -1.278576642000031 ], [ -49.096683371000012, -1.27854645000002 ], [ -49.101873689999941, -1.27172727599997 ], [ -49.100853484, -1.268586960999931 ], [ -49.100105325, -1.264595675 ], [ -49.09807096799998, -1.262240080999968 ], [ -49.095180161999984, -1.260917286999943 ], [ -49.094602866999914, -1.25731201099998 ], [ -49.095159304999946, -1.253331330999954 ], [ -49.098217469999938, -1.251156525999955 ], [ -49.101438201999969, -1.249495603000019 ], [ -49.104435617, -1.24614836 ], [ -49.102436181999941, -1.243828918000025 ], [ -49.101490426999938, -1.240204913999934 ], [ -49.103213011, -1.237217497999934 ], [ -49.106992272999967, -1.238656275999963 ], [ -49.111157641, -1.240726527999927 ], [ -49.114689430999924, -1.240416790999967 ], [ -49.116214003999943, -1.237114467000024 ], [ -49.117127483999944, -1.233853353000027 ], [ -49.117933701999945, -1.229781062999971 ], [ -49.12051648799995, -1.228065631999966 ], [ -49.119488077999947, -1.224874827999924 ], [ -49.119270632999985, -1.221899066 ], [ -49.120938534999965, -1.218280654999928 ], [ -49.123154601999914, -1.215111054999953 ], [ -49.123296235999909, -1.211289808999974 ], [ -49.124659473, -1.207670800000029 ], [ -49.126380404999921, -1.20499945999998 ], [ -49.129524515999918, -1.200842044999986 ], [ -49.133295569000012, -1.201866117999986 ], [ -49.136469765999919, -1.200492198 ], [ -49.138325976999937, -1.197511946999965 ], [ -49.140992206999918, -1.193750952 ], [ -49.143742572999933, -1.192719543000011 ], [ -49.146523993999942, -1.190372548999976 ], [ -49.14646429899998, -1.183396902999947 ], [ -49.148939613999971, -1.180860086999926 ], [ -49.150437535, -1.177690758999974 ], [ -49.149239607000013, -1.173659761999959 ], [ -49.150654393000011, -1.170220837 ], [ -49.152575328999966, -1.167123396999949 ], [ -49.155775124999955, -1.166471099999979 ], [ -49.158969529999936, -1.164241801 ], [ -49.160940301999929, -1.161929273999975 ], [ -49.16365777999998, -1.159581064000017 ], [ -49.165775690999979, -1.156322556999969 ], [ -49.168849794999957, -1.155066199000023 ], [ -49.172858055999953, -1.154507103999949 ], [ -49.178577685999976, -1.156768828999946 ], [ -49.181412184999935, -1.159585284000011 ], [ -49.185410309999988, -1.159710156999951 ], [ -49.18824357299993, -1.157947788999971 ], [ -49.194022655999987, -1.156398576999953 ], [ -49.195797355999922, -1.15363405900001 ], [ -49.19793852799998, -1.151465828000022 ], [ -49.198268800999955, -1.147932839 ], [ -49.199271648999975, -1.144628074000034 ], [ -49.198603492999936, -1.141733245999967 ], [ -49.198159298999954, -1.138146686999955 ], [ -49.195574343999944, -1.136509429999935 ], [ -49.195355783999979, -1.132841257999919 ], [ -49.197381014999948, -1.130645734999982 ], [ -49.200412157999928, -1.128687071999925 ], [ -49.204746443999987, -1.126522362999962 ], [ -49.207238444999945, -1.124579888 ], [ -49.208267311999982, -1.121768941999948 ], [ -49.210938342, -1.119673524999945 ], [ -49.213630121999969, -1.116965303999953 ], [ -49.214325899999984, -1.113975336 ], [ -49.213990033999906, -1.110531281999974 ], [ -49.212802022999931, -1.107312954999964 ], [ -49.209460301000014, -1.106351368999983 ], [ -49.20813435, -1.103419426999954 ], [ -49.207214703999931, -1.100362883999919 ], [ -49.204655955999961, -1.09859242199998 ], [ -49.201855945999924, -1.097676812999984 ], [ -49.199605725, -1.093996349999928 ], [ -49.195573968, -1.09303552900001 ], [ -49.191108308, -1.093163540000033 ], [ -49.190215633999941, -1.09008009 ], [ -49.18813451599997, -1.087400275999952 ], [ -49.189020191999973, -1.084139444999979 ], [ -49.188413726999975, -1.081289873999927 ], [ -49.18666535099991, -1.078970188000019 ], [ -49.185453369, -1.072062613000027 ], [ -49.182711039999937, -1.07332442499998 ], [ -49.181413696999975, -1.070419729999985 ], [ -49.179070546999988, -1.068648864000012 ], [ -49.176878263999967, -1.062887020999961 ], [ -49.179130054000026, -1.059852735 ], [ -49.181522515, -1.057639606999929 ], [ -49.185048327999965, -1.056339299999989 ], [ -49.188316996999966, -1.05398510799998 ], [ -49.194720525, -1.052144895999954 ], [ -49.197461608999959, -1.051068606999985 ], [ -49.199991422000018, -1.048898841999959 ], [ -49.200184754999938, -1.045845013999971 ], [ -49.198741575999989, -1.043048224000023 ], [ -49.199025805999973, -1.039877384000034 ], [ -49.198293100999919, -1.036612172999964 ], [ -49.197237965999925, -1.033259066 ], [ -49.198411764999967, -1.029998552999958 ], [ -49.198766852999952, -1.026267278999962 ], [ -49.200352201999941, -1.023548977000024 ], [ -49.203237331, -1.022832351999972 ], [ -49.207097298999898, -1.022713768000019 ], [ -49.209717967999929, -1.020994594999971 ], [ -49.212047993999896, -1.018961354999961 ], [ -49.215024435999965, -1.01724358199994 ], [ -49.215963506999948, -1.014071821999964 ], [ -49.21668715499996, -1.010135508999968 ], [ -49.216765065999923, -1.006008082999967 ], [ -49.217300741999921, -1.002789746999957 ], [ -49.220080443999969, -1.000397489 ], [ -49.278899693, -0.984543541999985 ], [ -49.326685499999918, -0.971661313 ], [ -49.327822520000026, -0.968039444999915 ], [ -49.328520153999932, -0.965092978000017 ], [ -49.328551197999921, -0.960775527999926 ], [ -49.327657371999955, -0.957376197999951 ], [ -49.326323929999937, -0.953505770999987 ], [ -49.325439977999984, -0.949422346999986 ], [ -49.326800891999966, -0.945574512999938 ], [ -49.327247177999944, -0.942394237999968 ], [ -49.328851834999931, -0.937637238000013 ], [ -49.331800502, -0.936289142999938 ], [ -49.334965391999951, -0.933804701999987 ], [ -49.337663692, -0.932221886000031 ], [ -49.34105196999996, -0.931334025000021 ], [ -49.344185118000027, -0.932473910000011 ], [ -49.348022919999956, -0.932036419999962 ], [ -49.350971857999966, -0.930463803999961 ], [ -49.354576354999956, -0.92911648199995 ], [ -49.357523811999933, -0.928668769999943 ], [ -49.360443421999918, -0.929592939000026 ], [ -49.364270136, -0.928696578000023 ], [ -49.366963669999926, -0.931431376 ], [ -49.369910833999974, -0.931209907999966 ], [ -49.373269470999958, -0.931683966000021 ], [ -49.37666495399997, -0.931463080999952 ], [ -49.379827437999978, -0.931474452 ], [ -49.382301090999924, -0.929899309999973 ], [ -49.385688178999949, -0.929914569 ], [ -49.388609285999969, -0.929692136999973 ], [ -49.391075823999948, -0.932202258 ], [ -49.394022691999972, -0.932207026999956 ], [ -49.395608948999943, -0.929044148 ], [ -49.39829584299995, -0.927911837999931 ], [ -49.401467888999946, -0.927474264999963 ], [ -49.40374473199995, -0.924529484999939 ], [ -49.406667280999912, -0.923180193999942 ], [ -49.409382844999982, -0.920695685999986 ], [ -49.412076677999934, -0.921843117999979 ], [ -49.414802433999959, -0.919811130999983 ], [ -49.417050506999978, -0.917550439999983 ], [ -49.417521727999976, -0.914378777000016 ], [ -49.420244509000021, -0.913253618 ], [ -49.422044814999943, -0.910534366999984 ], [ -49.42404605699997, -0.913033104999963 ], [ -49.427214882999969, -0.914408300999972 ], [ -49.4303582269999, -0.915332730999987 ], [ -49.433073216000011, -0.913974051000013 ], [ -49.436470743000015, -0.913536650999971 ], [ -49.439602485999963, -0.91582142400001 ], [ -49.441413865999913, -0.91854716300003 ], [ -49.445657662999949, -0.923106086999939 ], [ -49.443193656999917, -0.924903218999953 ], [ -49.445184974999918, -0.927412863999946 ], [ -49.448137913, -0.929689374000011 ], [ -49.450137320999964, -0.932188239 ], [ -49.452163387, -0.935607595000034 ], [ -49.450103065999969, -0.93854473899996 ], [ -49.449883019999973, -0.941953058999969 ], [ -49.45190995, -0.944678278999946 ], [ -49.452543097999978, -0.947627057000036 ], [ -49.44674587199993, -0.949368340000047 ], [ -49.448717896999938, -0.953516977999938 ], [ -49.448910769, -0.956466968999949 ], [ -49.445102879999965, -0.956002135999947 ], [ -49.446830362999989, -0.961602782999984 ], [ -49.448443235999946, -0.964859381999963 ], [ -49.452053172999939, -0.965548471999957 ], [ -49.452247484999944, -0.968731971999928 ], [ -49.457881341999972, -0.967611749999966 ], [ -49.461492465999974, -0.968085389999986 ], [ -49.463519606999924, -0.971270499 ], [ -49.466690821999947, -0.970825804999977 ], [ -49.469601474999898, -0.971063215 ], [ -49.472520507999924, -0.971754108999958 ], [ -49.47433232799991, -0.974035637 ], [ -49.473412874999951, -0.976974315999959 ], [ -49.476573278999965, -0.977898158000015 ], [ -49.477221741999976, -0.983406563999969 ], [ -49.479244030999965, -0.98947942 ], [ -49.482380223999932, -0.989041043999963 ], [ -49.485298956999934, -0.989954694999975 ], [ -49.48823995, -0.987696702999932 ], [ -49.490077043999946, -0.985209997999972 ], [ -49.493436662999919, -0.984312093000019 ], [ -49.500355474999957, -0.984430552999962 ], [ -49.504739089999923, -0.983707106999967 ], [ -49.50791421199991, -0.982367138000031 ], [ -49.509723343999944, -0.979936201999978 ], [ -49.513356662, -0.977921527 ], [ -49.516490711999971, -0.978402670000014 ], [ -49.520359878, -0.975359554000024 ], [ -49.52296580699997, -0.973677039999989 ], [ -49.524342594999936, -0.97081713399997 ], [ -49.52423756699995, -0.970633268999945 ], [ -49.524125250999894, -0.970365574 ], [ -49.524082475999904, -0.970011100999981 ], [ -49.523988205, -0.969666198999954 ], [ -49.523762134999956, -0.969239077999964 ], [ -49.523582070999979, -0.968889194999969 ], [ -49.523446018, -0.968606023999987 ], [ -49.523410026999954, -0.968347465 ], [ -49.523331682999959, -0.968266220000027 ], [ -49.523158758999948, -0.96830800200002 ], [ -49.522909950999967, -0.968458822999976 ], [ -49.522578606, -0.968741104999973 ], [ -49.52227693, -0.96907110800001 ], [ -49.522101050999922, -0.969452857999977 ], [ -49.521965886999929, -0.969646997999964 ], [ -49.521743975999954, -0.969654983 ], [ -49.521577064, -0.969557408000012 ], [ -49.521505533999942, -0.96933849999993 ], [ -49.521539692999923, -0.968227038999983 ], [ -49.521613699999918, -0.967809746 ], [ -49.521623924999965, -0.967393553999942 ], [ -49.521612702000013, -0.966917509999989 ], [ -49.521506362000011, -0.966437527999977 ], [ -49.521272779999954, -0.966023198999979 ], [ -49.521031674, -0.965864695999921 ], [ -49.520743170999921, -0.965799366999933 ], [ -49.520522578999966, -0.965817366 ], [ -49.520391859999989, -0.96586182899995 ], [ -49.520360926999913, -0.966047808999972 ], [ -49.520353774999947, -0.966367764999978 ], [ -49.520318331999945, -0.966895164999917 ], [ -49.520223696999928, -0.967018602 ], [ -49.519891592999983, -0.967067648999977 ], [ -49.519339668999969, -0.967081681999984 ], [ -49.519024202999979, -0.967106428999989 ], [ -49.518883117999941, -0.967035930999929 ], [ -49.518705505, -0.96678094399997 ], [ -49.518525953999969, -0.966374653000015 ], [ -49.518409453999922, -0.965725891999982 ], [ -49.518347585999955, -0.965205628000012 ], [ -49.518465506000027, -0.964865944999973 ], [ -49.518756417999938, -0.964601335999928 ], [ -49.519073649999896, -0.964458783999946 ], [ -49.519532851999969, -0.964396992999985 ], [ -49.520064203999965, -0.964385840999951 ], [ -49.520405373999949, -0.964387767999932 ], [ -49.52062229099996, -0.964231741 ], [ -49.520692752999928, -0.963911453999957 ], [ -49.520669141000013, -0.96348128099998 ], [ -49.520611717999969, -0.963099878999953 ], [ -49.52046174, -0.96273523099998 ], [ -49.520323867999956, -0.962379099 ], [ -49.520125721999904, -0.962160611999954 ], [ -49.519857747999936, -0.961848718 ], [ -49.51962187999996, -0.961657849000011 ], [ -49.51936111199997, -0.961566773000024 ], [ -49.51881273599998, -0.961476452999923 ], [ -49.51848414399997, -0.961366754 ], [ -49.518258100999923, -0.961174351999974 ], [ -49.518150628999912, -0.960928349999959 ], [ -49.518003080999961, -0.960636603999978 ], [ -49.517875700999987, -0.960277586000027 ], [ -49.517840695999936, -0.960018702000012 ], [ -49.51788349600001, -0.959777722999968 ], [ -49.518047123999963, -0.959557542999958 ], [ -49.518341464999978, -0.959483457000045 ], [ -49.51863847999995, -0.959546567000027 ], [ -49.518813551999962, -0.959578652999928 ], [ -49.51904702, -0.95987554499998 ], [ -49.519132433999964, -0.960114287999927 ], [ -49.519397625999972, -0.960352535000011 ], [ -49.519600473999965, -0.960538453000028 ], [ -49.519845513999904, -0.960547483999976 ], [ -49.520053452999967, -0.960467901999964 ], [ -49.520231870999986, -0.960224203999962 ], [ -49.520262191, -0.959922273999938 ], [ -49.520212288999964, -0.959645263000022 ], [ -49.520105354, -0.959463194999968 ], [ -49.520024230999944, -0.959128139999956 ], [ -49.52005683399998, -0.958641454000011 ], [ -49.520093716999924, -0.958188697000031 ], [ -49.520234882999965, -0.957856713 ], [ -49.520342549, -0.957456760999955 ], [ -49.520539486999944, -0.957199299999969 ], [ -49.520597633999962, -0.956935019999952 ], [ -49.520571078999986, -0.956611863000036 ], [ -49.520383299999899, -0.956275273999987 ], [ -49.520123526999988, -0.956067953999975 ], [ -49.519750484999946, -0.955927201999964 ], [ -49.519471904999897, -0.955733993999965 ], [ -49.519302307, -0.955616373 ], [ -49.519146846999917, -0.955284557 ], [ -49.519089271999945, -0.954966806 ], [ -49.51906178399998, -0.954485634999971 ], [ -49.519145686999906, -0.954089374000047 ], [ -49.519402311999912, -0.953756787999973 ], [ -49.519698978999948, -0.953459182999952 ], [ -49.520045957999969, -0.953205574000018 ], [ -49.520326271999977, -0.953112637999967 ], [ -49.520562658, -0.953070099 ], [ -49.520858969999914, -0.953123121000035 ], [ -49.521060696, -0.953235718000025 ], [ -49.521064221999929, -0.953542986999958 ], [ -49.521062871, -0.953765852000013 ], [ -49.521378329999983, -0.954037217 ], [ -49.521646416999964, -0.954168637999944 ], [ -49.522096828000016, -0.954256868999961 ], [ -49.522532241999983, -0.954263288999959 ], [ -49.522731659999963, -0.95431212 ], [ -49.522941322999898, -0.954359103999982 ], [ -49.523150177999952, -0.95434272999996 ], [ -49.523279067999958, -0.954234896 ], [ -49.52340902199996, -0.954073944000013 ], [ -49.523409564, -0.953840964999921 ], [ -49.523340491999974, -0.953631421 ], [ -49.523247896999955, -0.953468248 ], [ -49.523062717, -0.953321527999931 ], [ -49.522852751999942, -0.953274493000036 ], [ -49.522661526000022, -0.953320694999951 ], [ -49.522366896999976, -0.953475236000036 ], [ -49.52217260099998, -0.953527108999976 ], [ -49.521957533999945, -0.953464257000016 ], [ -49.521905452999903, -0.953270427999966 ], [ -49.521806945, -0.953101746999954 ], [ -49.521742857999946, -0.952841920000038 ], [ -49.521704151999941, -0.952628185000028 ], [ -49.521596961999954, -0.952409453999961 ], [ -49.521796159, -0.952288703 ], [ -49.52201568399996, -0.952470279999931 ], [ -49.52223999399996, -0.952582816 ], [ -49.522589958999959, -0.952638710000011 ], [ -49.522726053000028, -0.952639692 ], [ -49.522862147999923, -0.952640674 ], [ -49.522943814000016, -0.952337432000041 ], [ -49.522903535999973, -0.951877532 ], [ -49.523031778999922, -0.951598049999971 ], [ -49.523291351, -0.951306068999971 ], [ -49.523610355999921, -0.951159404 ], [ -49.524032955999985, -0.951217092999981 ], [ -49.524224907999965, -0.951416865 ], [ -49.524433354999985, -0.951702964999948 ], [ -49.524539337999961, -0.952162591999963 ], [ -49.524711714000013, -0.952498082000011 ], [ -49.524891792, -0.952632022 ], [ -49.525109802, -0.952792186 ], [ -49.525445412999964, -0.952742857000013 ], [ -49.525753684999984, -0.952665238999986 ], [ -49.525955336999971, -0.952363077000031 ], [ -49.525954214999963, -0.951919287 ], [ -49.525963181, -0.951405736999957 ], [ -49.525896717, -0.951094188999937 ], [ -49.52597894899997, -0.950677042999972 ], [ -49.526127775999939, -0.950412124 ], [ -49.526066442999927, -0.950132053 ], [ -49.52587421999992, -0.949931286 ], [ -49.525765669, -0.949760123000045 ], [ -49.525682005, -0.94953964000001 ], [ -49.525753705999897, -0.949313545999955 ], [ -49.526007051999983, -0.949043546 ], [ -49.526269572999944, -0.948828168000029 ], [ -49.526708867999965, -0.948546950000031 ], [ -49.527051964999934, -0.948294934999963 ], [ -49.527525900999976, -0.94803190299996 ], [ -49.528222682999989, -0.947614291999956 ], [ -49.528471999000011, -0.947458917999979 ], [ -49.528795614999964, -0.947345627999931 ], [ -49.529027704999983, -0.94709348600003 ], [ -49.529204174000014, -0.946840100000026 ], [ -49.529239478999919, -0.946789408 ], [ -49.529251208999909, -0.946299020000021 ], [ -49.529280724999957, -0.946216011 ], [ -49.529462618, -0.945805756999976 ], [ -49.52971645899995, -0.945671314000043 ], [ -49.529927944999947, -0.945610990000025 ], [ -49.530142967999979, -0.945694511999919 ], [ -49.530206794999927, -0.946049791 ], [ -49.530250176999964, -0.94635314499997 ], [ -49.530442192999956, -0.946535468999956 ], [ -49.530618793, -0.946697183000014 ], [ -49.530876775999943, -0.946751133999948 ], [ -49.531230245999964, -0.946733524 ], [ -49.531526888, -0.946702967999959 ], [ -49.531781222999903, -0.946610442999942 ], [ -49.531969500999935, -0.946452572999936 ], [ -49.532055116, -0.946197332999956 ], [ -49.532003193999969, -0.945951504999956 ], [ -49.531892081999928, -0.945677644999945 ], [ -49.531863210999937, -0.945474002999971 ], [ -49.532018033999954, -0.945345609 ], [ -49.532260379999933, -0.945317491999988 ], [ -49.532643224, -0.94534137300001 ], [ -49.532957287999956, -0.945284858000042 ], [ -49.533204061999946, -0.945155498 ], [ -49.533433832999947, -0.944975199 ], [ -49.533566763999936, -0.944642535 ], [ -49.533575007, -0.944216524000021 ], [ -49.533572320999951, -0.944201566999938 ], [ -49.533517106, -0.943979878999981 ], [ -49.533419345, -0.943649973999952 ], [ -49.533208792999979, -0.943378659999974 ], [ -49.533192509999964, -0.94337383499993 ], [ -49.533042823999928, -0.943184238999963 ], [ -49.532851811999933, -0.943065384999988 ], [ -49.53271955, -0.942973267 ], [ -49.532583645999949, -0.942989943999963 ], [ -49.532454260999899, -0.94312909299993 ], [ -49.532192672999926, -0.943392553999969 ], [ -49.531775552999967, -0.943738327999979 ], [ -49.531755771999926, -0.943757364999955 ], [ -49.531572135000012, -0.943983897999958 ], [ -49.53142051, -0.944173781999949 ], [ -49.5313153499999, -0.94427792499995 ], [ -49.531143578999988, -0.944270270999938 ], [ -49.531010792999929, -0.944178131999953 ], [ -49.530788231999985, -0.943931786 ], [ -49.530627234999898, -0.943898846000026 ], [ -49.530425905999941, -0.943857652 ], [ -49.530363264999906, -0.943768215999965 ], [ -49.530359215000018, -0.943745701999967 ], [ -49.530484820999931, -0.943451983 ], [ -49.530523699999947, -0.94315067699994 ], [ -49.53051944799995, -0.942911357999945 ], [ -49.530985496999968, -0.942572489999973 ], [ -49.531204175999939, -0.94232448699997 ], [ -49.531300081999973, -0.942083009999974 ], [ -49.531338680999966, -0.941867265999976 ], [ -49.531264257999936, -0.941625448999952 ], [ -49.531142628999909, -0.941477319999953 ], [ -49.531658296999943, -0.940542127000024 ], [ -49.531567292999966, -0.94029865100004 ], [ -49.531478825999926, -0.940157046999959 ], [ -49.531248358999953, -0.940190290999956 ], [ -49.531027177999952, -0.940363566 ], [ -49.53075056599998, -0.940712164999971 ], [ -49.530529493999985, -0.941019495 ], [ -49.530380699999931, -0.94129038099994 ], [ -49.530201502999937, -0.941480095 ], [ -49.530069057999988, -0.941552177999929 ], [ -49.529886462999983, -0.941608255999951 ], [ -49.529796747999931, -0.941531077000048 ], [ -49.529646003999979, -0.941406541999958 ], [ -49.529588009999976, -0.941212930999926 ], [ -49.529615472999943, -0.941090679000025 ], [ -49.529916791999916, -0.940948981999936 ], [ -49.530117714999932, -0.940866195000014 ], [ -49.530360253999923, -0.940723498999931 ], [ -49.530468943999949, -0.940517541999943 ], [ -49.53046979600002, -0.940360138999976 ], [ -49.530422601999931, -0.940129872999931 ], [ -49.530304948999969, -0.93999377999995 ], [ -49.530175858999947, -0.93992377000002 ], [ -49.530016189999969, -0.939975666999961 ], [ -49.529816776999986, -0.940098756999932 ], [ -49.529606987999948, -0.940229569 ], [ -49.529471181, -0.940318014999955 ], [ -49.529380740999969, -0.940334238999965 ], [ -49.529189075000012, -0.940176317999954 ], [ -49.529173102999934, -0.939956789 ], [ -49.529185536999897, -0.939733029999958 ], [ -49.529181492, -0.939710443999955 ], [ -49.529344025999954, -0.939413151999959 ], [ -49.529387034999957, -0.939067599999968 ], [ -49.529299561, -0.938774704999981 ], [ -49.52908304399994, -0.938574829999963 ], [ -49.528948612, -0.938331525 ], [ -49.528366205999959, -0.937784542000033 ], [ -49.528211560999956, -0.937651035 ], [ -49.528047090999934, -0.937634555999969 ], [ -49.52786289699997, -0.937636993 ], [ -49.527776350999915, -0.937368240999961 ], [ -49.527714319000026, -0.937279513 ], [ -49.527872666999983, -0.937089705 ], [ -49.527955382999984, -0.936821386000011 ], [ -49.527845186000015, -0.936549382999976 ], [ -49.527883448999987, -0.936204752999972 ], [ -49.52794220499996, -0.93601771299995 ], [ -49.52805070099997, -0.935936894000013 ], [ -49.528211832999979, -0.935892694 ], [ -49.528552421, -0.935992790999931 ], [ -49.528754223, -0.936133068 ], [ -49.528948141999969, -0.936443542000012 ], [ -49.529207860999968, -0.936949448999949 ], [ -49.529656438999957, -0.937352334999977 ], [ -49.529958459999897, -0.937367013999948 ], [ -49.530148477, -0.937271375000028 ], [ -49.530161910999944, -0.93696200200001 ], [ -49.530025388999931, -0.936672008 ], [ -49.529993090999923, -0.936278980999985 ], [ -49.530039851999973, -0.935856580999941 ], [ -49.530209668999902, -0.935670458 ], [ -49.530247215999985, -0.935195816999981 ], [ -49.530148762999922, -0.934860870999978 ], [ -49.529935472999952, -0.934569646999952 ], [ -49.529560051999972, -0.934315232999952 ], [ -49.529542526999947, -0.93430305400001 ], [ -49.529267115999986, -0.934007646 ], [ -49.52917095599993, -0.93385632 ], [ -49.52907739599992, -0.933674099000017 ], [ -49.529109472999906, -0.933377871999932 ], [ -49.529339756999953, -0.933206905 ], [ -49.529649725999931, -0.933098126999967 ], [ -49.529799059999945, -0.933163023 ], [ -49.529965733999965, -0.933453949 ], [ -49.530267541999891, -0.933728648 ], [ -49.530416089999925, -0.933916320999986 ], [ -49.530647713999905, -0.934096822 ], [ -49.530957094000016, -0.934156102000019 ], [ -49.531226048999976, -0.93416136000001 ], [ -49.531385930999967, -0.934071366999936 ], [ -49.531504939999955, -0.933797387 ], [ -49.531494984999931, -0.933531554999947 ], [ -49.531448083999962, -0.93318869 ], [ -49.531501728999956, -0.932791299999982 ], [ -49.531569136999941, -0.932653957999987 ], [ -49.531663371, -0.932386908 ], [ -49.531744065999938, -0.932098131 ], [ -49.531837261, -0.93183187 ], [ -49.531994181999934, -0.931687187000021 ], [ -49.532030121999981, -0.931655762 ], [ -49.532116680999948, -0.931581940999928 ], [ -49.532160209, -0.931315937999946 ], [ -49.532162598999925, -0.931190537999962 ], [ -49.532033607999914, -0.931122065999981 ], [ -49.531809972999973, -0.93103725599998 ], [ -49.531580412999986, -0.93101185300001 ], [ -49.5312908, -0.930838851 ], [ -49.531187317999965, -0.930574727 ], [ -49.531116048999934, -0.930270837999982 ], [ -49.531180603999942, -0.929934178999927 ], [ -49.5312071, -0.929896074999972 ], [ -49.531344541999921, -0.929779670000022 ], [ -49.531357785999951, -0.929760620999955 ], [ -49.531442992999985, -0.929353703999949 ], [ -49.53143568, -0.928988484999929 ], [ -49.531195360000012, -0.92885672800004 ], [ -49.531030568999967, -0.928728046999963 ], [ -49.531070270999962, -0.928346097999979 ], [ -49.531032967999984, -0.927953031999964 ], [ -49.53098636199995, -0.927648450999987 ], [ -49.531182530999928, -0.927305023 ], [ -49.531518476, -0.926953005 ], [ -49.531784076999962, -0.926763527999954 ], [ -49.531949149999939, -0.926708818999957 ], [ -49.532209539999904, -0.926720342000023 ], [ -49.532388459999964, -0.926788219999954 ], [ -49.5324909, -0.926986570999935 ], [ -49.53275703, -0.927122144999961 ], [ -49.532978439000019, -0.927240751999916 ], [ -49.533323432999964, -0.927212151999948 ], [ -49.533562423000021, -0.927010823999987 ], [ -49.533722773999962, -0.926881944999982 ], [ -49.533820168999938, -0.926584923 ], [ -49.533991374999985, -0.925916457999945 ], [ -49.534080917000018, -0.925088312 ], [ -49.534156583999973, -0.924181234 ], [ -49.53420020099994, -0.923906380999986 ], [ -49.534120607999931, -0.923613493 ], [ -49.534419760999988, -0.922757213999938 ], [ -49.534616122999985, -0.922735016999967 ], [ -49.534847167999914, -0.922680386999977 ], [ -49.535155333000013, -0.922906167 ], [ -49.535396453999979, -0.922983356 ], [ -49.535814179999903, -0.922855263999969 ], [ -49.536084563999978, -0.922800383000046 ], [ -49.536163735999956, -0.922572532999935 ], [ -49.536157472999975, -0.922240155999967 ], [ -49.53614524199994, -0.921948820999932 ], [ -49.535968318999956, -0.921780685999964 ], [ -49.535713379999912, -0.921773448999987 ], [ -49.535365353999978, -0.921769669999941 ], [ -49.535052251999922, -0.921812974999972 ], [ -49.53478880899997, -0.921686603 ], [ -49.534644391999926, -0.921551945999957 ], [ -49.534579, -0.921336372999972 ], [ -49.534513627999942, -0.921120862 ], [ -49.534498367000012, -0.921110236 ], [ -49.534391894999906, -0.920888820999979 ], [ -49.534392225000019, -0.920741797999982 ], [ -49.534590222999974, -0.920505761 ], [ -49.53482681, -0.920409697000037 ], [ -49.535092767999984, -0.920401893000014 ], [ -49.535280103999945, -0.920328077999946 ], [ -49.535599467999901, -0.920097029000013 ], [ -49.535527079999952, -0.919842550999919 ], [ -49.535419449999928, -0.919540806 ], [ -49.535465889999948, -0.91927841799996 ], [ -49.535602704, -0.919146921 ], [ -49.53583801500001, -0.919118420999956 ], [ -49.536092745999944, -0.919273622999919 ], [ -49.536574234999904, -0.919281340999936 ], [ -49.536787190999938, -0.919056369999973 ], [ -49.536806818999963, -0.91871889999994 ], [ -49.536473041999969, -0.918417296000031 ], [ -49.536128956999924, -0.918357919 ], [ -49.53577650699998, -0.918130933999963 ], [ -49.535605514999958, -0.917920180000023 ], [ -49.535345928999973, -0.917511235999937 ], [ -49.535210245999934, -0.917348067000026 ], [ -49.535166330999942, -0.917101869 ], [ -49.535155173, -0.916890008999962 ], [ -49.535276370999988, -0.916748181999951 ], [ -49.535470457999971, -0.916566621999939 ], [ -49.535491078999904, -0.916308994000028 ], [ -49.535365026999955, -0.916050869999987 ], [ -49.535084822999949, -0.915753880000016 ], [ -49.534974617999978, -0.915586709999952 ], [ -49.534977412999943, -0.915305745999975 ], [ -49.534967276, -0.91502707600001 ], [ -49.534812171999953, -0.914842120999984 ], [ -49.534555004, -0.914724697999949 ], [ -49.534582922, -0.914374499000017 ], [ -49.534695612999897, -0.913990971 ], [ -49.534935392999934, -0.913911889000021 ], [ -49.535250504999979, -0.913746670000029 ], [ -49.535413722999984, -0.913644865000043 ], [ -49.535519689999958, -0.913426023999966 ], [ -49.535437626000011, -0.9129681 ], [ -49.535259454000013, -0.912582017000032 ], [ -49.535264678, -0.91210906699998 ], [ -49.535418507999935, -0.911754632999964 ], [ -49.535775288999972, -0.911618049999943 ], [ -49.535962285999986, -0.911748028000039 ], [ -49.536155637, -0.911913191999938 ], [ -49.536097712, -0.912195972999976 ], [ -49.536110044999958, -0.91246628299996 ], [ -49.53640828399994, -0.912812964999956 ], [ -49.536676559999933, -0.913091967999948 ], [ -49.537015325999988, -0.913159312000014 ], [ -49.537234644999927, -0.913264624000023 ], [ -49.537534126000011, -0.913210443999981 ], [ -49.537756714999958, -0.913134151999975 ], [ -49.538010013999951, -0.912924841999976 ], [ -49.537860408, -0.912497605999976 ], [ -49.537568443999923, -0.911986952 ], [ -49.537095360999949, -0.91158127699992 ], [ -49.536871726999919, -0.911348728999952 ], [ -49.536724893000027, -0.911138742999986 ], [ -49.53697801, -0.910730139000018 ], [ -49.537244336999926, -0.910591144999975 ], [ -49.537607968, -0.910688917999982 ], [ -49.53794029999996, -0.910920385999949 ], [ -49.538285481999921, -0.911221765999928 ], [ -49.538742563999989, -0.911539239 ], [ -49.539004897999938, -0.911582826999959 ], [ -49.539192677999928, -0.911312796 ], [ -49.53921747199994, -0.910944913000025 ], [ -49.539467566999939, -0.910718167 ], [ -49.53967703199995, -0.910771315999961 ], [ -49.539944701999978, -0.910541421999946 ], [ -49.540001583999981, -0.910149574999943 ], [ -49.539949226, -0.909959084 ], [ -49.539615152999978, -0.909819240999967 ], [ -49.539288704999969, -0.909823416999958 ], [ -49.539015471000013, -0.909618034999928 ], [ -49.538781, -0.909223805 ], [ -49.538578463999912, -0.908805749999955 ], [ -49.538380183999941, -0.908714297000026 ], [ -49.538344, -0.908412022999974 ], [ -49.538454973999912, -0.908119553999933 ], [ -49.538676156999912, -0.907934242999966 ], [ -49.538831514999977, -0.907887947999955 ], [ -49.539040127, -0.907632195000021 ], [ -49.539087315999915, -0.907187807000023 ], [ -49.538931164999966, -0.906901414999952 ], [ -49.539996508999913, -0.905280154000012 ], [ -49.539550829999897, -0.902386303999938 ], [ -49.539240529999979, -0.898238467999937 ], [ -49.541781899999933, -0.895508757999943 ], [ -49.542444002999915, -0.894798184000036 ], [ -49.542574624999979, -0.890036864 ], [ -49.540360645999932, -0.886507937000038 ], [ -49.541301371999964, -0.881180480999957 ], [ -49.544047737, -0.875981394000016 ], [ -49.500462747999947, -0.749315894 ], [ -49.497719950999937, -0.743135513999951 ], [ -49.498793263000017, -0.741225297 ], [ -49.498937983999909, -0.740043557 ], [ -49.498752173999989, -0.739257794 ], [ -49.498596186999961, -0.738427187000026 ], [ -49.498333569, -0.73735079299996 ], [ -49.498251899999985, -0.736550932999949 ], [ -49.498263091999938, -0.735789652999932 ], [ -49.498208652999963, -0.735054572999951 ], [ -49.497926997999926, -0.734336031999918 ], [ -49.493911172000011, -0.733819356999978 ], [ -49.490991401000016, -0.733815504999926 ], [ -49.487167439, -0.731530699999974 ], [ -49.487387127999959, -0.727445969000042 ], [ -49.486275834999937, -0.722901016000046 ], [ -49.484940821999963, -0.720176993 ], [ -49.482495350999955, -0.712907163999956 ], [ -49.482939549000022, -0.709735042000039 ], [ -49.485213543999969, -0.707699756999949 ], [ -49.48746191399993, -0.70521365499995 ], [ -49.48569562399998, -0.70247932599993 ], [ -49.48413545199994, -0.698391976999959 ], [ -49.482772726999897, -0.695435379999934 ], [ -49.480738174999956, -0.693230430000016 ], [ -49.480494792999892, -0.692639723 ], [ -49.480401178999962, -0.692200378999965 ], [ -49.480088338999927, -0.691594918999963 ], [ -49.479897635999954, -0.690747248 ], [ -49.479876551, -0.68983024699997 ], [ -49.479858688999933, -0.689249129999938 ], [ -49.479708643999949, -0.68868703099997 ], [ -49.479725110999979, -0.688190064999974 ], [ -49.480029458999937, -0.68751528299992 ], [ -49.480297850999939, -0.687048662999947 ], [ -49.480167905999934, -0.686775393999985 ], [ -49.479598914999933, -0.686724091 ], [ -49.479103089999938, -0.686707774999986 ], [ -49.478795143999953, -0.686596050999979 ], [ -49.478939846999936, -0.68605683199995 ], [ -49.479161733, -0.685569415000034 ], [ -49.479451898999933, -0.685100387999951 ], [ -49.479955576999956, -0.68455519199996 ], [ -49.480489963999936, -0.684522132999978 ], [ -49.480795375999982, -0.684612349999982 ], [ -49.481200025999982, -0.684306013999949 ], [ -49.481757988999959, -0.683481133 ], [ -49.481735275999945, -0.683012499000037 ], [ -49.481266321999961, -0.682249807 ], [ -49.480835246, -0.681437194 ], [ -49.480594873, -0.680552265999959 ], [ -49.480192106999894, -0.679353533999985 ], [ -49.479727198999974, -0.678499648999944 ], [ -49.479342621999955, -0.678105966999967 ], [ -49.479253200999928, -0.67764727899994 ], [ -49.479232608, -0.677043717 ], [ -49.479649096999907, -0.676353694999934 ], [ -49.480317533999973, -0.675851558999954 ], [ -49.480952355999918, -0.675893430000043 ], [ -49.481577952999984, -0.67602648499995 ], [ -49.481965062999954, -0.676216750999972 ], [ -49.482462947999934, -0.675785160999967 ], [ -49.482951528999948, -0.675287169999974 ], [ -49.483349528999931, -0.674937067999961 ], [ -49.483476815999978, -0.674424361 ], [ -49.48354088199995, -0.673785797 ], [ -49.48357951999995, -0.673128777 ], [ -49.483926781, -0.672595997999972 ], [ -49.484407146999949, -0.672052771999967 ], [ -49.485085870999974, -0.671394729999966 ], [ -49.486013321999977, -0.671259609999977 ], [ -49.486276207999964, -0.668711232999977 ], [ -49.362499568999958, -0.738334998000036 ], [ -49.359798239, -0.73560094299995 ], [ -49.355741028999951, -0.732189454000034 ], [ -49.35169047499992, -0.731031470999968 ], [ -49.346730933999901, -0.730566616999964 ], [ -49.337720770999937, -0.730754650999978 ], [ -49.334577384999911, -0.728929722999974 ], [ -49.327141743000013, -0.726855188000011 ], [ -49.320614545999959, -0.725486478 ], [ -49.317690429999956, -0.727958529 ], [ -49.315413551999953, -0.73090353600004 ], [ -49.316748609999927, -0.734311998999972 ], [ -49.316968221999979, -0.739080321999976 ], [ -49.316714234999921, -0.742251870999935 ], [ -49.318748375, -0.746338014999983 ], [ -49.318491517999981, -0.751332080999925 ], [ -49.318019572000011, -0.754963080999973 ], [ -49.316219954999973, -0.75926143 ], [ -49.313933291999952, -0.76198008099996 ], [ -49.312133706999916, -0.765377952 ], [ -49.308746022000015, -0.76604032 ], [ -49.304907487999934, -0.767389895000017 ], [ -49.302184160999936, -0.770107085999951 ], [ -49.299046768999965, -0.771906252999957 ], [ -49.295885808, -0.771443078 ], [ -49.293857528999951, -0.768709856999985 ], [ -49.290940071999962, -0.765752147999956 ], [ -49.287573476999945, -0.764377557 ], [ -49.280576873999955, -0.763441521 ], [ -49.279904491999922, -0.760493553999977 ], [ -49.281740822999986, -0.758006189999962 ], [ -49.279050472999963, -0.754362932999966 ], [ -49.275884285999915, -0.757072362999969 ], [ -49.272937468999984, -0.757969524999949 ], [ -49.270241705999958, -0.759320296999979 ], [ -49.267524626999943, -0.760443009999969 ], [ -49.264576803999937, -0.762251326999932 ], [ -49.261665009999973, -0.763150285999972 ], [ -49.258494172999988, -0.762686236000034 ], [ -49.255574043999957, -0.763809585999988 ], [ -49.252858497999981, -0.765158465999951 ], [ -49.249463411, -0.767634945999953 ], [ -49.246324409999986, -0.767629645999959 ], [ -49.244295897999919, -0.765123722999919 ], [ -49.241136197999964, -0.763523209 ], [ -49.237768210999917, -0.762609219999968 ], [ -49.237547846999981, -0.75875258 ], [ -49.235078105999918, -0.75715466899994 ], [ -49.232825869999907, -0.754645863000016 ], [ -49.232184274999931, -0.751472826999935 ], [ -49.229491397999965, -0.748513854999979 ], [ -49.22610765899995, -0.745544239999942 ], [ -49.224106929999962, -0.743046586999965 ], [ -49.218471780999913, -0.737578227999949 ], [ -49.217350388999947, -0.734395744999974 ], [ -49.213768404999954, -0.732795865000027 ], [ -49.210828255999957, -0.735054731999965 ], [ -49.207878948, -0.736628657999985 ], [ -49.200877975000012, -0.739785179999943 ], [ -49.197741784999955, -0.741357949999957 ], [ -49.193884497999925, -0.744293404 ], [ -49.1918843569999, -0.74043327800001 ] ] ] ] } },
{ "type": "Feature", "properties": { "CD_MUN": "1505809", "NM_MUN": "Portel", "SIGLA": "PA", "AREA_KM2": 25384.96 }, "geometry": { "type": "MultiPolygon", "coordinates": [ [ [ [ -50.454473847999921, -1.931946368999951 ], [ -50.45608640599994, -1.934947372 ], [ -50.458247285999946, -1.937497316999961 ], [ -50.462392698, -1.940954070999981 ], [ -50.464086016999964, -1.943584294 ], [ -50.467411846999894, -1.947399511000016 ], [ -50.47111175499996, -1.949412960999988 ], [ -50.473003380999977, -1.951772839999935 ], [ -50.477228423999975, -1.955410373 ], [ -50.480560641999901, -1.956598959000013 ], [ -50.484085874999906, -1.96005542199992 ], [ -50.485333815999951, -1.965049736999971 ], [ -50.488113185999971, -1.963692590999946 ], [ -50.491361159999947, -1.962616242999973 ], [ -50.494694917999915, -1.963073689999986 ], [ -50.500418879999941, -1.963446792999948 ], [ -50.503361649999889, -1.962605362999961 ], [ -50.506534651999964, -1.962132697999932 ], [ -50.50977989499998, -1.961931880999925 ], [ -50.512943677999921, -1.962002594 ], [ -50.51600109799994, -1.961350027000011 ], [ -50.518976106999979, -1.961428456000016 ], [ -50.521498499999957, -1.963051343 ], [ -50.522525795999961, -1.966130762999976 ], [ -50.523363051999958, -1.969392136 ], [ -50.525976236, -1.971012525999951 ], [ -50.529219810999955, -1.971624122000017 ], [ -50.532311128999936, -1.971972712 ], [ -50.535918745999915, -1.970410449999962 ], [ -50.539417375999939, -1.969388661999973 ], [ -50.542474771999956, -1.969187407999931 ], [ -50.543140886999915, -1.972637152 ], [ -50.545138258999977, -1.975619365999917 ], [ -50.548308376, -1.977421481999988 ], [ -50.550747658999938, -1.980126603 ], [ -50.552987015999946, -1.982147054 ], [ -50.558277296999975, -1.985804207 ], [ -50.559672417999941, -1.988795147999936 ], [ -50.56094517, -1.994873169999947 ], [ -50.564421903999985, -2.005263676 ], [ -50.566922973999979, -2.008075542000034 ], [ -50.571696979999921, -2.011895153999967 ], [ -50.571311022999964, -2.016353863999933 ], [ -50.566535480999981, -2.017129138000042 ], [ -50.563391537, -2.020399387 ], [ -50.564497236, -2.024203134999949 ], [ -50.564220741999954, -2.027867634000016 ], [ -50.56078222599993, -2.030136080000036 ], [ -50.557697644999976, -2.030806535 ], [ -50.557194056999961, -2.034722377999989 ], [ -50.557277710999955, -2.037657314 ], [ -50.556167013999982, -2.040461497000026 ], [ -50.553335254999986, -2.04480020300001 ], [ -50.551004279999944, -2.04655457499995 ], [ -50.548204368, -2.049012039999978 ], [ -50.54800635999996, -2.052062788999978 ], [ -50.546418678999956, -2.055518548 ], [ -50.544891020999948, -2.059476332 ], [ -50.542970212999911, -2.061912177999927 ], [ -50.541724861999988, -2.064580579999911 ], [ -50.537338412999965, -2.068226951999987 ], [ -50.533641845, -2.069184742999921 ], [ -50.533586561999954, -2.074348074000012 ], [ -50.534972987999915, -2.080797321 ], [ -50.534417476999955, -2.084489049999929 ], [ -50.532034409999959, -2.089022558999956 ], [ -50.531120309999906, -2.092251292999938 ], [ -50.530921749999912, -2.096288623999945 ], [ -50.531058490999946, -2.099908749999981 ], [ -50.530285714999955, -2.10343657700002 ], [ -50.526162823999975, -2.110117235999978 ], [ -50.524063011999964, -2.11291087400002 ], [ -50.521642947999922, -2.11781606899998 ], [ -50.520664429999961, -2.120847801 ], [ -50.519476404999985, -2.125502083999988 ], [ -50.519361030999939, -2.128445486999988 ], [ -50.519608952999938, -2.137717551999954 ], [ -50.520696227000016, -2.142297558999919 ], [ -50.519473021999971, -2.146951733999982 ], [ -50.51869293, -2.153602751999975 ], [ -50.517589498999911, -2.156948282000029 ], [ -50.517366857999967, -2.159973570999965 ], [ -50.51503276899993, -2.166052283999944 ], [ -50.514446748999937, -2.170717798999968 ], [ -50.512783790999926, -2.174189271999962 ], [ -50.511423502, -2.180505775999988 ], [ -50.510108416999984, -2.185133455 ], [ -50.508897265999963, -2.188345062999977 ], [ -50.505865305, -2.192878427 ], [ -50.500446365, -2.195934796000012 ], [ -50.497142172999986, -2.198056416999963 ], [ -50.492867133999937, -2.200150450000029 ], [ -50.488941423999933, -2.202396925 ], [ -50.485700863999945, -2.204582709999938 ], [ -50.480142920999981, -2.205915383999981 ], [ -50.47669741, -2.206937119999965 ], [ -50.473362653999949, -2.207118742999983 ], [ -50.462277941999929, -2.210639664999983 ], [ -50.45922669199998, -2.212573017999988 ], [ -50.45577863599997, -2.214271620000021 ], [ -50.450611052999967, -2.21775054700001 ], [ -50.44769136999998, -2.219909798999966 ], [ -50.443978023999954, -2.224253243999987 ], [ -50.440417695999983, -2.22812675699994 ], [ -50.438692957999919, -2.23130787899998 ], [ -50.436812863999968, -2.23552750799997 ], [ -50.433834518999916, -2.240341057999986 ], [ -50.429887183999895, -2.244338953000016 ], [ -50.422971891999978, -2.248825032999937 ], [ -50.417612896999948, -2.252505232999971 ], [ -50.41311439499998, -2.257944827 ], [ -50.412746140999971, -2.261464890000022 ], [ -50.41058570300001, -2.266251329999927 ], [ -50.408306075999953, -2.272321814999936 ], [ -50.406359835999943, -2.280602606999951 ], [ -50.404004584999939, -2.284495822999935 ], [ -50.401111376999914, -2.287430934999959 ], [ -50.396026295999903, -2.293241483999955 ], [ -50.392470728999967, -2.302138979999926 ], [ -50.390947522999973, -2.306866335 ], [ -50.389196851999984, -2.309804221 ], [ -50.386276921999972, -2.312576645999966 ], [ -50.377389532999949, -2.317997175999933 ], [ -50.371782309999986, -2.324272582999933 ], [ -50.366719435999947, -2.331399487999954 ], [ -50.364223969999976, -2.337214366999953 ], [ -50.361414964999902, -2.346044650999959 ], [ -50.358764467999983, -2.356452906999964 ], [ -50.357112015999945, -2.361611022999979 ], [ -50.355311473, -2.36596638399992 ], [ -50.35219634500001, -2.374468945999988 ], [ -50.349805903999929, -2.384283826999924 ], [ -50.345169769999941, -2.393268649999927 ], [ -50.340886563999931, -2.398303124999925 ], [ -50.33338950800001, -2.407515594000023 ], [ -50.330527124999968, -2.410727985999985 ], [ -50.325643664999937, -2.418893177000028 ], [ -50.324110794999939, -2.424178522 ], [ -50.321533227999922, -2.429747984999944 ], [ -50.319613851, -2.442556265999931 ], [ -50.317330409, -2.447695962999932 ], [ -50.314447517999938, -2.45271755399993 ], [ -50.311695063999927, -2.456716958 ], [ -50.303300934999946, -2.46477170699996 ], [ -50.298371807999963, -2.468019486 ], [ -50.291894654999965, -2.475345602 ], [ -50.287942583999907, -2.488004082000019 ], [ -50.285387504999974, -2.494611846999986 ], [ -50.280974364999963, -2.500367792 ], [ -50.275969185999898, -2.505595851000022 ], [ -50.272269452999936, -2.50736761399998 ], [ -50.262148415999981, -2.510811212999977 ], [ -50.257195681, -2.512092879999974 ], [ -50.252922188, -2.51261392499992 ], [ -50.249772965999924, -2.513659784999946 ], [ -50.244555610999981, -2.514394649 ], [ -50.241363106999977, -2.514537037999967 ], [ -50.237469469999958, -2.517732026 ], [ -50.234254632999971, -2.519384035 ], [ -50.229307103999972, -2.520081671999987 ], [ -50.221857906999929, -2.521756509 ], [ -50.214137657000023, -2.523250909999932 ], [ -50.21024967399994, -2.52476456899994 ], [ -50.205694899000015, -2.526752701999948 ], [ -50.201969036999934, -2.530018273999959 ], [ -50.199633804999984, -2.532494719999958 ], [ -50.196721257999961, -2.535283469999952 ], [ -50.191473246999969, -2.543359416999982 ], [ -50.189412040999954, -2.547108907999975 ], [ -50.188004114, -2.551609270000013 ], [ -50.186273031999939, -2.556213326000014 ], [ -50.183941543999943, -2.566170998999953 ], [ -50.181835002, -2.570295628999988 ], [ -50.180109625999968, -2.572936123999972 ], [ -50.173528666, -2.581506584999973 ], [ -50.170163929999951, -2.584744822999943 ], [ -50.162667486, -2.589973657000035 ], [ -50.160275741999989, -2.592880891999974 ], [ -50.157330175999988, -2.600498328 ], [ -50.155362800999924, -2.614938409 ], [ -50.153359597999909, -2.619543081999955 ], [ -50.150499170999936, -2.622447836999955 ], [ -50.144806653999936, -2.626328226999943 ], [ -50.143967113999928, -2.629720098999924 ], [ -50.141336744999897, -2.634691749999964 ], [ -50.137969832999936, -2.63878764700002 ], [ -50.134280460999946, -2.642457515 ], [ -50.132445271999977, -2.645574618999982 ], [ -50.131191954999927, -2.652721354999956 ], [ -50.140838175999946, -2.653414750999952 ], [ -50.141078083999986, -2.656952521999925 ], [ -50.138136674999977, -2.660372037999972 ], [ -50.13677760099997, -2.663625964 ], [ -50.138893880999923, -2.66844186699994 ], [ -50.144888350999949, -2.669660785999985 ], [ -50.146892919999985, -2.672527400000027 ], [ -50.147885180999928, -2.677311851999944 ], [ -50.14827712599994, -2.681095564000016 ], [ -50.14819603799998, -2.687167844 ], [ -50.148440416999946, -2.695253302000014 ], [ -50.148894538999954, -2.702681648000018 ], [ -50.148557489999952, -2.70603716500001 ], [ -50.14864092600002, -2.711786038999966 ], [ -50.146250667999958, -2.721938377999935 ], [ -50.144302867999912, -2.732327578999962 ], [ -50.143497355999962, -2.739543410999969 ], [ -50.143693863999971, -2.745572332 ], [ -50.14461562999994, -2.750072396999927 ], [ -50.145188377, -2.759053988000018 ], [ -50.145223429999959, -2.767413954000011 ], [ -50.144530838999941, -2.773547362999986 ], [ -50.14444423399997, -2.777509095999955 ], [ -50.144942513999986, -2.784693067 ], [ -50.143970612999951, -2.790663126000039 ], [ -50.143276829999927, -2.796553782 ], [ -50.143059167999944, -2.799854588 ], [ -50.143305883999929, -2.804159383999929 ], [ -50.142887187000014, -2.808689360000018 ], [ -50.143053694999935, -2.814942862999983 ], [ -50.141692741999954, -2.823988421999948 ], [ -50.14024567999995, -2.826953973 ], [ -50.138142010999971, -2.829382258999926 ], [ -50.136031422999956, -2.831451392999975 ], [ -50.131665487999939, -2.837726655999964 ], [ -50.12947301, -2.842491500999946 ], [ -50.127112493999988, -2.846120675999932 ], [ -50.124696069999985, -2.85085764 ], [ -50.122941816999962, -2.856328559999968 ], [ -50.12275203399998, -2.859540937000018 ], [ -50.122089218999939, -2.863796547999966 ], [ -50.120553010000023, -2.868321672 ], [ -50.118661852999956, -2.87220495299997 ], [ -50.116141952999911, -2.875291166999974 ], [ -50.110387607999947, -2.879965117999985 ], [ -50.106220097999916, -2.880596871999943 ], [ -50.100530363999972, -2.882121127999939 ], [ -50.097029006, -2.88284895200003 ], [ -50.093800446999936, -2.885340690999962 ], [ -50.093616843999932, -2.889055519000019 ], [ -50.09402394599995, -2.893360648999979 ], [ -50.094778747999968, -2.896988493000032 ], [ -50.097163580999933, -2.89872183699992 ], [ -50.101196761999951, -2.900566442999954 ], [ -50.101857939999945, -2.904216551999985 ], [ -50.099637486999903, -2.906734285000026 ], [ -50.09711070199991, -2.908872892999961 ], [ -50.095002634999929, -2.912438492000016 ], [ -50.094494313999967, -2.916380457999947 ], [ -50.095444712999914, -2.919866448999988 ], [ -50.099668287999961, -2.923365653999968 ], [ -50.107912622999983, -2.926595561999958 ], [ -50.110448509000015, -2.933036635999988 ], [ -50.114638909999897, -2.941192414999962 ], [ -50.115747592999966, -2.947790987999968 ], [ -50.112054342999919, -2.952152261999954 ], [ -50.107916519999947, -2.95475521699994 ], [ -50.103419856999949, -2.956816414999954 ], [ -50.09599893499994, -2.959623346999942 ], [ -50.09169569799996, -2.960635812999959 ], [ -50.088609947999906, -2.960752122 ], [ -50.08574829599992, -2.961346498999964 ], [ -50.084610508999923, -2.964896386999962 ], [ -50.086022919999905, -2.969956641999962 ], [ -50.088306916999969, -2.972733728999968 ], [ -50.093833282999988, -2.977164429000014 ], [ -50.09901413999993, -2.980350626999941 ], [ -50.101918161999954, -2.982553416999947 ], [ -50.105170929999971, -2.986110841999947 ], [ -50.110863167999952, -2.994026774999972 ], [ -50.110471262999944, -3.000557783999982 ], [ -50.105220375999977, -3.010248278000018 ], [ -50.093447674999965, -3.022134677999935 ], [ -50.085917643999984, -3.032329875999986 ], [ -50.077971474999948, -3.035631182000023 ], [ -50.069308199, -3.036222186999984 ], [ -50.062967504, -3.042794248999927 ], [ -50.052309190999921, -3.049711193999984 ], [ -50.040634199, -3.059061815999966 ], [ -50.030416246999927, -3.068415661999948 ], [ -50.021083917999952, -3.074434467999945 ], [ -50.014556723999902, -3.085446208999967 ], [ -50.006831764999959, -3.09671844699996 ], [ -50.003525458999952, -3.10991522499994 ], [ -50.006083570999955, -3.120527014 ], [ -50.006832462999924, -3.127320363999955 ], [ -50.000419698999927, -3.131827373 ], [ -49.994885232999948, -3.132237417999919 ], [ -49.991753796999937, -3.134761324999937 ], [ -49.989663763999935, -3.137857547999969 ], [ -49.983914051999911, -3.144898197999959 ], [ -49.984391463999977, -3.149438641999938 ], [ -49.985188299999912, -3.154900495999948 ], [ -49.983307764999928, -3.157994734 ], [ -49.980637863, -3.159537847999951 ], [ -49.975778813999945, -3.159734606999978 ], [ -49.970882656999933, -3.162549126999972 ], [ -49.967500772999983, -3.16695539800004 ], [ -49.969194735999984, -3.173261438 ], [ -49.970995562999953, -3.177759184 ], [ -49.971941794, -3.184305008 ], [ -49.973163820999943, -3.191408532999942 ], [ -49.972220244999939, -3.200337561000035 ], [ -49.969639146999988, -3.206948894999941 ], [ -49.96583655599995, -3.210704690999924 ], [ -49.955140472999936, -3.212332126000019 ], [ -49.948914067, -3.210122556999986 ], [ -49.945606244999951, -3.211824283999922 ], [ -49.942693783000024, -3.215700672000024 ], [ -49.939720434999941, -3.218584495999979 ], [ -49.934883423999942, -3.22040632 ], [ -49.930660409999938, -3.228229304999966 ], [ -49.93244433400001, -3.231456842999938 ], [ -49.933494466999946, -3.236836491999986 ], [ -49.935189967, -3.24304955899998 ], [ -49.93635502599993, -3.248702126999961 ], [ -49.93543781599989, -3.257089508 ], [ -49.934001465999977, -3.259183724 ], [ -49.927554478999987, -3.268585996999986 ], [ -49.924131474, -3.273984442 ], [ -49.921717469999933, -3.281498664 ], [ -49.921554326999939, -3.288651306000014 ], [ -49.923774775999981, -3.297771188 ], [ -49.922801262, -3.304803245 ], [ -49.917826312999942, -3.311144949999969 ], [ -49.913723562999941, -3.317611935000011 ], [ -49.910442177999954, -3.321478044999973 ], [ -49.908580217, -3.325674740999931 ], [ -49.914192103999895, -3.327944127000029 ], [ -49.91919290599995, -3.328931865999953 ], [ -49.922862529, -3.32715919399992 ], [ -49.928802370999946, -3.324738268999985 ], [ -49.932882122, -3.323880105999946 ], [ -49.936110163, -3.324452702999983 ], [ -49.940970421999985, -3.324165121 ], [ -49.945527603999928, -3.322956140999969 ], [ -49.952939289999975, -3.321682162999986 ], [ -49.957528156999963, -3.321744279999974 ], [ -49.963937319999928, -3.321156190999988 ], [ -49.969414468999958, -3.319628758 ], [ -49.973363433999936, -3.31994167100004 ], [ -49.975858936999913, -3.323199469000029 ], [ -49.979470190000015, -3.325137521999979 ], [ -49.984808035999983, -3.324680256999981 ], [ -49.988078711999968, -3.323619139999936 ], [ -49.992777342999979, -3.323242212000013 ], [ -49.997194731, -3.323656194999982 ], [ -50.000421107999955, -3.324427091 ], [ -50.006412092999959, -3.331588292999923 ], [ -50.00897558999997, -3.329613963 ], [ -50.018474027999922, -3.321603339000037 ], [ -50.028105954, -3.320659702999942 ], [ -50.038540079000015, -3.31307207 ], [ -50.042308531999979, -3.310331674 ], [ -50.046897636999987, -3.30954349399998 ], [ -50.056113009999969, -3.307960751999941 ], [ -50.069746431999924, -3.30079629200001 ], [ -50.079586900999935, -3.283286840999979 ], [ -50.098390726999952, -3.272161818 ], [ -50.113165086999985, -3.269611739000036 ], [ -50.128892173999979, -3.279482244999956 ], [ -50.143139720999947, -3.292512397999916 ], [ -50.156695257999949, -3.300460984999978 ], [ -50.170328135999952, -3.29320483900001 ], [ -50.179309958999973, -3.28564893200002 ], [ -50.186810614999921, -3.277358942999955 ], [ -50.192781956999987, -3.273220068999985 ], [ -50.198080011999942, -3.261483421000024 ], [ -50.203918394999931, -3.245214267999943 ], [ -50.209633431000022, -3.237548474999921 ], [ -50.217945583999963, -3.235783854000021 ], [ -50.221775837999978, -3.240869536 ], [ -50.229387650999975, -3.233850311 ], [ -50.238641077999908, -3.242503521 ], [ -50.248445204999932, -3.243372002000013 ], [ -50.246303334999908, -3.25322553199995 ], [ -50.252415522, -3.257336227999987 ], [ -50.25074821799997, -3.268015449999941 ], [ -50.255302093, -3.274285307000016 ], [ -50.273028847999974, -3.281537582999929 ], [ -50.281640729999943, -3.288825333000025 ], [ -50.282645472999938, -3.301507496999969 ], [ -50.289450947999924, -3.307978266999969 ], [ -50.300051510999943, -3.31237681800002 ], [ -50.312219818999914, -3.311628098999977 ], [ -50.324889159999948, -3.316765274000035 ], [ -50.321441232999952, -3.321816259999979 ], [ -50.322671276999941, -3.330068636999952 ], [ -50.32922480999995, -3.351104870000023 ], [ -50.340110795999955, -3.351705242999961 ], [ -50.343782730000015, -3.361232278999973 ], [ -50.356006021, -3.365464834999967 ], [ -50.362916577999982, -3.384428315999957 ], [ -50.374395899999968, -3.380689771999981 ], [ -50.38108763299995, -3.391040755999954 ], [ -50.392413555999944, -3.394457764999972 ], [ -50.398444533999971, -3.401273846000032 ], [ -50.407499551999919, -3.405578612999962 ], [ -50.414690911999948, -3.407701224 ], [ -50.422967217999947, -3.413084368999977 ], [ -50.432921320999945, -3.405711145999915 ], [ -50.436585801, -3.395407168000011 ], [ -50.462338918999912, -3.398625028999982 ], [ -50.475665813, -3.398782175999928 ], [ -50.476721188999925, -3.403047370999959 ], [ -50.484279023999896, -3.40589215299997 ], [ -50.487389567999962, -3.416408493999947 ], [ -50.49639258699996, -3.417815277 ], [ -50.49561413899994, -3.428951155999984 ], [ -50.491701335999934, -3.43607764099997 ], [ -50.491391794, -3.441969888999976 ], [ -50.487780503999979, -3.445116723999933 ], [ -50.486304874, -3.44945208 ], [ -50.486838393, -3.453896863999963 ], [ -50.48592213099996, -3.458325441999924 ], [ -50.597004828999935, -3.47096065599998 ], [ -50.73747379899995, -3.486923147 ], [ -50.808950567999943, -3.495038773000029 ], [ -50.806424218999986, -3.491606228999969 ], [ -50.805308504999957, -3.488866533999949 ], [ -50.805528469999949, -3.485293461999986 ], [ -50.806284655999988, -3.482298282999966 ], [ -50.808146864999969, -3.479845905 ], [ -50.81019975, -3.476621244 ], [ -50.810339656999943, -3.473285352999947 ], [ -50.811032621, -3.466851533999985 ], [ -50.812033980999978, -3.463984462 ], [ -50.813980780999941, -3.460967067 ], [ -50.812612965999925, -3.457702837000013 ], [ -50.810866795999949, -3.455359244 ], [ -50.809474216999924, -3.451695844000016 ], [ -50.80906002399994, -3.44879601399998 ], [ -50.809475891999973, -3.44579965099995 ], [ -50.809361783999947, -3.442773517000033 ], [ -50.810584411999947, -3.439915294999976 ], [ -50.810422305999943, -3.436973872999962 ], [ -50.811062815999918, -3.434066739999944 ], [ -50.811360561999948, -3.431123242000025 ], [ -50.811395972999946, -3.428043425999929 ], [ -50.812144723999907, -3.425049961999962 ], [ -50.81403336399994, -3.422689641999979 ], [ -50.817005544000011, -3.419494074999987 ], [ -50.817333025000018, -3.415700978999938 ], [ -50.817810607999924, -3.412777917000023 ], [ -50.819196692999945, -3.409974342999957 ], [ -50.821617703999976, -3.407154316999952 ], [ -50.823919027999963, -3.405151050000024 ], [ -50.825231579999937, -3.402527787999956 ], [ -50.828445965999975, -3.393731847000039 ], [ -50.829313292999977, -3.390196005999959 ], [ -50.83004732699996, -3.385028976999918 ], [ -50.830926602999966, -3.381125655999986 ], [ -50.831979893999986, -3.378220666999967 ], [ -50.832781611999977, -3.375190239999961 ], [ -50.834454900999958, -3.372558148999962 ], [ -50.837756672999944, -3.37028621299992 ], [ -50.84094757, -3.368346183999984 ], [ -50.840642844999913, -3.365453890000039 ], [ -50.839732682000012, -3.362507258999949 ], [ -50.839950463, -3.35942884599997 ], [ -50.839590823, -3.356258265 ], [ -50.839619330999959, -3.353268631999908 ], [ -50.840034758999963, -3.350281153 ], [ -50.839639537999943, -3.346974111000014 ], [ -50.839505139999929, -3.343986659999922 ], [ -50.838919784999987, -3.34103929199995 ], [ -50.838030533999955, -3.338012388999969 ], [ -50.835641551, -3.336298080999969 ], [ -50.834364224999916, -3.333629317000044 ], [ -50.835282198999927, -3.330770781999961 ], [ -50.835671512999987, -3.326924504999953 ], [ -50.836420439999962, -3.324019366000011 ], [ -50.837391808999953, -3.32105172799996 ], [ -50.838842776000014, -3.317515846999965 ], [ -50.840810581999939, -3.315281883999956 ], [ -50.841758239999919, -3.312115490999981 ], [ -50.842947201999976, -3.308895683999937 ], [ -50.844805569, -3.306255903000013 ], [ -50.846147518999913, -3.303588279 ], [ -50.847336703999986, -3.299996418 ], [ -50.846809826, -3.296157101999944 ], [ -50.85022636999998, -3.294156110000026 ], [ -50.852341049999978, -3.291244381999983 ], [ -50.85431213, -3.288209378000042 ], [ -50.856867382999944, -3.285388402999958 ], [ -50.859618578999942, -3.283203725999941 ], [ -50.863031202999949, -3.28242796599997 ], [ -50.864615728999958, -3.27925532800001 ], [ -50.868280716999976, -3.278336749999946 ], [ -50.871695164999963, -3.276965870000028 ], [ -50.874285928999917, -3.274264984999933 ], [ -50.876588489, -3.271355489999985 ], [ -50.879834515, -3.269441317999968 ], [ -50.88275555900001, -3.267283204000018 ], [ -50.885534495999906, -3.264809477999977 ], [ -50.888452914999966, -3.264077167999959 ], [ -50.892198253999972, -3.263626438999969 ], [ -50.896558988, -3.258204679 ], [ -50.899058988, -3.255413941 ], [ -50.901728624, -3.253931282 ], [ -50.905146302999981, -3.254691314 ], [ -50.908065788999956, -3.253002602999979 ], [ -50.910921282999965, -3.251936767999988 ], [ -50.913005954999967, -3.249891475999958 ], [ -50.915950742, -3.249044420999949 ], [ -50.918343222999972, -3.246071723000012 ], [ -50.920951535999954, -3.243721858 ], [ -50.923949083, -3.242675345000015 ], [ -50.925810602999917, -3.24031594799993 ], [ -50.92822812799993, -3.23856146299998 ], [ -50.931366249999961, -3.236538236 ], [ -50.936204093999947, -3.231179749000015 ], [ -50.937535461999971, -3.225259749000022 ], [ -50.937141967999921, -3.221454903999978 ], [ -50.934225823999952, -3.22179017 ], [ -50.932029330999939, -3.218866692999969 ], [ -50.931536737999949, -3.215405630999948 ], [ -50.934839979999964, -3.214992053000012 ], [ -50.937476227999952, -3.212263736999956 ], [ -50.940253941, -3.209760685999976 ], [ -50.942646966999945, -3.20681576999994 ], [ -50.945254328999944, -3.20440157199994 ], [ -50.948729739, -3.203256944 ], [ -50.95148042099995, -3.201350658000015 ], [ -50.951336044, -3.198451389000025 ], [ -50.950228179999989, -3.195514033 ], [ -50.948869540000018, -3.19279899199997 ], [ -50.951537978, -3.191002608000018 ], [ -50.955309136000011, -3.190533378 ], [ -50.959064177999934, -3.189117665000021 ], [ -50.962814113999961, -3.189743763999955 ], [ -50.965810905999938, -3.189481707999944 ], [ -50.96469653099993, -3.186291456999948 ], [ -50.966699546999926, -3.184046904999951 ], [ -50.967141703, -3.180219157999966 ], [ -50.967252967999976, -3.176318187999962 ], [ -50.968863047999967, -3.173053776999959 ], [ -50.968917910999977, -3.16997263100002 ], [ -50.971532672999963, -3.167407423999959 ], [ -50.971363956999944, -3.164165768999974 ], [ -50.973646597999988, -3.16225700999996 ], [ -50.974924630999951, -3.15867549900001 ], [ -50.977170486999967, -3.15672145299998 ], [ -50.980226058999918, -3.15476072099993 ], [ -50.98017253699993, -3.151485059999972 ], [ -50.976869711999946, -3.152150958 ], [ -50.975841123999928, -3.149437801999957 ], [ -50.976084845999935, -3.146350859999982 ], [ -50.975978848999958, -3.142548559999971 ], [ -50.976161771, -3.139635735000015 ], [ -50.973621115999919, -3.133384436999966 ], [ -50.973368134999951, -3.127494694 ], [ -50.972728550999967, -3.12464813000001 ], [ -50.97517318099991, -3.12235142299996 ], [ -50.981944302999977, -3.124112103999979 ], [ -50.984725017999928, -3.123202568999952 ], [ -50.987759052999969, -3.122740784000024 ], [ -50.990287366999908, -3.125160224000014 ], [ -50.997307750999909, -3.124383842 ], [ -50.997648179999921, -3.128051420999958 ], [ -51.000451066999929, -3.129468306999952 ], [ -51.003810676999905, -3.128413173999958 ], [ -51.007255137999969, -3.12852328 ], [ -51.010476643999979, -3.128894642 ], [ -51.012559429, -3.126640996999965 ], [ -51.01314184199996, -3.121113776999964 ], [ -51.015502411999968, -3.116687088999983 ], [ -51.016705607999953, -3.111443381 ], [ -51.021676508999931, -3.109380285 ], [ -51.02564171800001, -3.106952153 ], [ -51.030170354999903, -3.105710483999937 ], [ -51.046446117, -3.108771837000015 ], [ -51.051229467, -3.109425580999927 ], [ -51.055645622, -3.109809141999955 ], [ -51.060424886999932, -3.109018697000012 ], [ -51.063584835, -3.10821558 ], [ -51.067927290999933, -3.105967070000029 ], [ -51.072614762999912, -3.105177191999955 ], [ -51.077311035, -3.105109846999978 ], [ -51.082615961999984, -3.106497370999941 ], [ -51.086917042999964, -3.109146553000022 ], [ -51.090228512999957, -3.1127874 ], [ -51.095592429999947, -3.121870199999934 ], [ -51.098644399999955, -3.123703088999976 ], [ -51.100613071999952, -3.127873139000039 ], [ -51.106115633999956, -3.129080589999935 ], [ -51.111951723999937, -3.133006662999973 ], [ -51.114282249999938, -3.136465130000046 ], [ -51.146695582999975, -3.116027618999953 ], [ -51.154222144999935, -3.111281699999937 ], [ -51.197759848999986, -3.068546861999968 ], [ -51.192839089999985, -3.065073524 ], [ -51.186702918999956, -3.069202410999941 ], [ -51.1778162049999, -3.068683034999955 ], [ -51.170114623999936, -3.06563675399997 ], [ -51.165838437999973, -3.059971123999974 ], [ -51.166724206999987, -3.051870498999945 ], [ -51.161483417999975, -3.046644958999947 ], [ -51.155314415999982, -3.042057376999976 ], [ -51.156420784999952, -3.035575091 ], [ -51.154919290999977, -3.031831747999982 ], [ -51.155113285999953, -3.026440867999982 ], [ -51.15136317, -3.022237298999988 ], [ -51.155592504, -3.018942589999964 ], [ -51.161232609999914, -3.018651183000012 ], [ -51.165309046999958, -3.014977536999988 ], [ -51.171335633999981, -3.014108085 ], [ -51.174041768999977, -3.012261671999985 ], [ -51.177814601999948, -3.010128974 ], [ -51.184092298999957, -3.007789569999977 ], [ -51.188948419999946, -3.007657610999983 ], [ -51.202473752999929, -3.002137380000027 ], [ -51.205310777999919, -3.000779816999968 ], [ -51.210316464999934, -2.999474759999989 ], [ -51.212895475999986, -2.996626999 ], [ -51.218783565, -2.991049798999947 ], [ -51.221812112999942, -2.988626759999926 ], [ -51.225314801999943, -2.987236454 ], [ -51.228342205999965, -2.985256884999989 ], [ -51.230616525999935, -2.982263709999957 ], [ -51.232341710999947, -2.979431727000028 ], [ -51.234201093999964, -2.976886414000015 ], [ -51.237229691, -2.974764062 ], [ -51.240568389999929, -2.973814948999989 ], [ -51.249034784999935, -2.973059314 ], [ -51.252393432999916, -2.97167571 ], [ -51.263511499999943, -2.964378418 ], [ -51.267117702999897, -2.961062239999981 ], [ -51.27250747999998, -2.96037187299997 ], [ -51.275424560999937, -2.959284239999951 ], [ -51.277427522999929, -2.957176294999977 ], [ -51.281615463999962, -2.954295036999968 ], [ -51.286649814999947, -2.948445654999956 ], [ -51.28989906599994, -2.943511446 ], [ -51.29297746000001, -2.943012177999984 ], [ -51.301032794000022, -2.936519559999953 ], [ -51.302613912999924, -2.933975052 ], [ -51.305065233999976, -2.932011682999915 ], [ -51.308531251999966, -2.930765298 ], [ -51.313842526999949, -2.932737470000015 ], [ -51.316951039999935, -2.93429962999995 ], [ -51.317037671, -2.939456196000014 ], [ -51.318592611999954, -2.943716565 ], [ -51.321510218999954, -2.94424755099997 ], [ -51.324759950999983, -2.945069310999928 ], [ -51.327145647999934, -2.940448026000011 ], [ -51.330456055999925, -2.936555240999974 ], [ -51.334035614999983, -2.932941306 ], [ -51.33837177500002, -2.928876552999951 ], [ -51.341086313999917, -2.925874784 ], [ -51.343367262999905, -2.922880097000027 ], [ -51.347400533999931, -2.918669983000024 ], [ -51.351263582999906, -2.91492015 ], [ -51.356649077, -2.913623844999949 ], [ -51.359844763999902, -2.91253013699996 ], [ -51.362897207999957, -2.911144281999958 ], [ -51.367949977999956, -2.908247202999972 ], [ -51.370562448999934, -2.90613033499997 ], [ -51.373311288, -2.904159215999949 ], [ -51.37809379399993, -2.901414084000011 ], [ -51.380671922, -2.899738844999957 ], [ -51.383733514, -2.897471177 ], [ -51.389091314000019, -2.894853758999973 ], [ -51.394422756999987, -2.891948946999969 ], [ -51.398036135, -2.889074466999988 ], [ -51.399005641000016, -2.885959907999949 ], [ -51.398950052999943, -2.882716515 ], [ -51.397284503999984, -2.880238239999935 ], [ -51.397810213999961, -2.877274434000023 ], [ -51.400118145999961, -2.875311168999941 ], [ -51.404340381999987, -2.873613347999973 ], [ -51.409067662999973, -2.875294551999987 ], [ -51.410755035999962, -2.872895283999979 ], [ -51.408345631, -2.868815361 ], [ -51.408256103999967, -2.8642348 ], [ -51.409345502999955, -2.859349747 ], [ -51.41075654, -2.856217153999987 ], [ -51.411726135999935, -2.853400657 ], [ -51.410951434999959, -2.850315515 ], [ -51.413178798962917, -2.847736039967943 ], [ -51.413807299, -2.847008184 ], [ -51.416401026999935, -2.845487225000012 ], [ -51.415313790999946, -2.841374179999958 ], [ -51.41686651, -2.838396346999952 ], [ -51.419044941000024, -2.835028513 ], [ -51.421703943999937, -2.830917719999961 ], [ -51.425339004999969, -2.830264513 ], [ -51.425843797, -2.825677987999944 ], [ -51.428287143, -2.822972201999976 ], [ -51.431169813999951, -2.821298199999935 ], [ -51.431257, -2.81804510399998 ], [ -51.433700614999921, -2.815196537000011 ], [ -51.435255393999952, -2.811622335999955 ], [ -51.435014177999982, -2.80676037599993 ], [ -51.440452254999975, -2.807837500999968 ], [ -51.441699580999973, -2.805004319000028 ], [ -51.441893814999972, -2.798807994 ], [ -51.441262526999964, -2.795867697 ], [ -51.440563876999889, -2.789974787999929 ], [ -51.441227152999964, -2.786862051999952 ], [ -51.442206360999897, -2.784044523999976 ], [ -51.443478463999988, -2.781361338000012 ], [ -51.444420532999956, -2.778238351999986 ], [ -51.444174605999947, -2.771308356 ], [ -51.449394608999931, -2.769586827999939 ], [ -51.452062984999912, -2.77086555899996 ], [ -51.455010496999897, -2.771990400999949 ], [ -51.458507646999969, -2.772216579000011 ], [ -51.461536503999938, -2.769359125999928 ], [ -51.464539628999901, -2.765904406999988 ], [ -51.469895494999939, -2.762852221999959 ], [ -51.472508973999908, -2.761178255999921 ], [ -51.477286652999972, -2.759760955999981 ], [ -51.481786450999962, -2.757900332999954 ], [ -51.48425571, -2.755935993000049 ], [ -51.487147365999974, -2.754108958999959 ], [ -51.492646365999946, -2.751355021999915 ], [ -51.495986463999905, -2.750104411999912 ], [ -51.503952480999899, -2.746409618 ], [ -51.507039775, -2.74562010899996 ], [ -51.51579167499991, -2.745006852999934 ], [ -51.518867255999922, -2.745093676000012 ], [ -51.524425429, -2.744986882999969 ], [ -51.527925220000022, -2.744335493999985 ], [ -51.533032801999944, -2.744235854 ], [ -51.537589033999986, -2.745917685999979 ], [ -51.545311334999973, -2.751383665999976 ], [ -51.548674126999948, -2.752203777999975 ], [ -51.551758107999945, -2.752591425999986 ], [ -51.554560884999944, -2.754158492999972 ], [ -51.556958330999976, -2.756033732999965 ], [ -51.559920896999962, -2.758633864999984 ], [ -51.565094465999927, -2.761932463999974 ], [ -51.567761465999972, -2.763501063 ], [ -51.572039269999976, -2.765489500999943 ], [ -51.57745184, -2.766267711999939 ], [ -51.580986756999913, -2.766943575 ], [ -51.583898710999975, -2.767031756 ], [ -51.60200830699992, -2.764320027 ], [ -51.608733692999941, -2.765229977999963 ], [ -51.612705759999962, -2.766332222999948 ], [ -51.623094670999969, -2.766135403 ], [ -51.628229334, -2.766480945 ], [ -51.635709354000014, -2.767371502999962 ], [ -51.644509765999942, -2.769567627999949 ], [ -51.64910044, -2.772138453999942 ], [ -51.655450763999973, -2.776294068999965 ], [ -51.658117621999921, -2.778458965999944 ], [ -51.66242865600001, -2.781477421000025 ], [ -51.667673107999974, -2.781369467999975 ], [ -51.67292852099996, -2.779798577999939 ], [ -51.675842850999949, -2.779151034 ], [ -51.681401748, -2.778748151999979 ], [ -51.684925679999893, -2.779568341999985 ], [ -51.688786799999974, -2.782739488 ], [ -51.690426024999979, -2.785218616999954 ], [ -51.692839795999944, -2.789451385999966 ], [ -51.696563696999952, -2.793363247999983 ], [ -51.699367855999974, -2.794344674 ], [ -51.702597330999929, -2.793987763999963 ], [ -51.707537123999913, -2.792860691999968 ], [ -51.714119090999965, -2.793171761999949 ], [ -51.719896949999921, -2.796311412000021 ], [ -51.723172077999919, -2.79979498399995 ], [ -51.724678598999958, -2.802563952 ], [ -51.725896106999976, -2.805494110999964 ], [ -51.728015371, -2.807666976999981 ], [ -51.731544657999983, -2.809959166000011 ], [ -51.734396846999985, -2.814043765000021 ], [ -51.735552927999983, -2.820375134999944 ], [ -51.740311688, -2.824552036999952 ], [ -51.742315876, -2.829971505 ], [ -51.745570775999923, -2.840686102999959 ], [ -51.748285761999945, -2.845506971999958 ], [ -51.752457634999978, -2.841141458999976 ], [ -51.755219296999954, -2.836716230000027 ], [ -51.758015362000016, -2.832623589999974 ], [ -51.759261704999936, -2.829941244 ], [ -51.760094848999948, -2.826977956999945 ], [ -51.762758307999967, -2.821174388 ], [ -51.765094614, -2.812865212000029 ], [ -51.766760299999888, -2.807659704 ], [ -51.770400004999949, -2.799181266999975 ], [ -51.77151561899997, -2.795172024999983 ], [ -51.772625100999932, -2.792498383000011 ], [ -51.77417765899996, -2.789510197000036 ], [ -51.775289187999917, -2.786692863999987 ], [ -51.779011776999901, -2.782334286000046 ], [ -51.781541747999981, -2.776537493000033 ], [ -51.782509266, -2.773268924000041 ], [ -51.783172429999986, -2.769707893 ], [ -51.787035265999947, -2.757533595999986 ], [ -51.79093037699991, -2.747275079000024 ], [ -51.79401024500001, -2.740131780999979 ], [ -51.794977342, -2.737014966999931 ], [ -51.795810952999965, -2.733609628 ], [ -51.797900780999946, -2.727810933 ], [ -51.800877259999929, -2.723027776000011 ], [ -51.801809096999939, -2.721962230999955 ], [ -51.807175670999968, -2.715827865999989 ], [ -51.808871884999981, -2.713281647 ], [ -51.814459401, -2.706243896999974 ], [ -51.818854633999955, -2.699542807000013 ], [ -51.82014956299998, -2.697567851000029 ], [ -51.824924017999962, -2.685892502999989 ], [ -51.82795522899994, -2.676905184999958 ], [ -51.828898688000024, -2.672758871 ], [ -51.830817163999953, -2.665929375999978 ], [ -51.833873371999957, -2.657442663999978 ], [ -51.834679776999977, -2.653455127 ], [ -51.835318149999949, -2.648864517999963 ], [ -51.836955859999918, -2.642043498000026 ], [ -51.838570366999924, -2.634048503000033 ], [ -51.840066413999985, -2.627969145 ], [ -51.842007213999985, -2.622612608 ], [ -51.845262462999941, -2.617385746999981 ], [ -51.848534895999897, -2.612602607 ], [ -51.850376439999941, -2.608437836999924 ], [ -51.851903222999972, -2.604275226000032 ], [ -51.853293606, -2.600995303999989 ], [ -51.854541967999985, -2.597139462999989 ], [ -51.855811715999977, -2.594457581999956 ], [ -51.85661842499993, -2.591195623999978 ], [ -51.856706120999903, -2.58824151399998 ], [ -51.856514070999914, -2.584263015000046 ], [ -51.857176474, -2.58070348099996 ], [ -51.859228787999911, -2.57461677499994 ], [ -51.859179764999936, -2.571661524000026 ], [ -51.857537414999939, -2.569191599999945 ], [ -51.856038984999948, -2.560213333000041 ], [ -51.854510930999908, -2.555522273999946 ], [ -51.854453041999911, -2.552475741000029 ], [ -51.853457409999955, -2.546092917999934 ], [ -51.851514655999971, -2.535506237 ], [ -51.849763544999945, -2.529194475 ], [ -51.848233010999962, -2.52434891600001 ], [ -51.847843907999923, -2.520371923000022 ], [ -51.84776173599996, -2.515652585999986 ], [ -51.848376046999896, -2.508407612999966 ], [ -51.851565383, -2.499048555 ], [ -51.852371424999987, -2.495489230000016 ], [ -51.856272955999948, -2.486007460999931 ], [ -51.857984904999931, -2.482691786999949 ], [ -51.861507745, -2.47657026799998 ], [ -51.864230969, -2.472833255999953 ], [ -51.868373822999935, -2.46803121 ], [ -51.873816748999978, -2.460989954999961 ], [ -51.875341257999906, -2.457857348999939 ], [ -51.877149578999955, -2.452066403999966 ], [ -51.877954972999895, -2.448217780999942 ], [ -51.879762107999937, -2.44257140599994 ], [ -51.88084755799995, -2.438425883999953 ], [ -51.881765599999973, -2.432650653999948 ], [ -51.881817713999929, -2.427482268999972 ], [ -51.878873303999939, -2.418682487 ], [ -51.876596129999903, -2.414450340999954 ], [ -51.874005896, -2.408590091999931 ], [ -51.870511135999941, -2.402167224999987 ], [ -51.868869840999942, -2.39954384 ], [ -51.865120162999929, -2.394594581000034 ], [ -51.861624778999911, -2.386843282000042 ], [ -51.861405024999939, -2.38301114599996 ], [ -51.861483767999971, -2.379757859999989 ], [ -51.862239360999958, -2.373097677000038 ], [ -51.863357009999973, -2.370111692999979 ], [ -51.866451535999957, -2.364310938 ], [ -51.869765857999916, -2.360564668 ], [ -51.87265377899994, -2.358734534 ], [ -51.877652732999934, -2.353329734999923 ], [ -51.881718212999957, -2.350433140999977 ], [ -51.888513716, -2.346622461999983 ], [ -51.892121070999963, -2.345225318999935 ], [ -51.897932717999957, -2.342160458000011 ], [ -51.907930194, -2.337395541000022 ], [ -51.913289144000018, -2.335812038 ], [ -51.916204816999944, -2.334580043999948 ], [ -51.920542741999952, -2.331548057 ], [ -51.923931079999903, -2.326167563999961 ], [ -51.925067121000019, -2.323339562999918 ], [ -51.925676136999961, -2.318160995999987 ], [ -51.924148047999914, -2.30682557 ], [ -51.923955382999964, -2.30328977099993 ], [ -51.92278897099991, -2.29607785399998 ], [ -51.922593638999913, -2.293131306999987 ], [ -51.921453104999955, -2.286657811999939 ], [ -51.921785085999979, -2.281487878000013 ], [ -51.922447763, -2.278915831 ], [ -51.922624957000018, -2.278228324999967 ], [ -51.924184123999972, -2.275535563999922 ], [ -51.926012764999925, -2.272998630999981 ], [ -51.929039507999981, -2.269396067999976 ], [ -51.930732164999966, -2.267004424999977 ], [ -51.934595058999932, -2.262058218 ], [ -51.937179330999967, -2.259791640999955 ], [ -51.939619460999985, -2.257092843999944 ], [ -51.93961987700002, -2.250479965 ], [ -51.93962464799997, -2.17465981 ], [ -51.939625053, -2.10773634199998 ], [ -51.936034315, -2.103972779999976 ], [ -51.9236057909999, -2.086948270999924 ], [ -51.91984830699996, -2.080811257 ], [ -51.916341296999953, -2.074237172999984 ], [ -51.914176058999949, -2.067194024999965 ], [ -51.912762565999969, -2.061316826999962 ], [ -51.911595097, -2.054256941999979 ], [ -51.909343618999969, -2.043670092999941 ], [ -51.908347784999904, -2.036610456999979 ], [ -51.907813497999932, -2.03130200299996 ], [ -51.90681545299995, -2.024532483000021 ], [ -51.906120971999954, -2.018648137999959 ], [ -51.905901302999986, -2.015403374999982 ], [ -51.905987668999941, -2.011119688999932 ], [ -51.905844627999919, -2.003446627000018 ], [ -51.902371973999912, -1.998054892000036 ], [ -51.901150731999941, -1.994976048999932 ], [ -51.895428890999916, -1.986234875000017 ], [ -51.893348839999938, -1.98347397399993 ], [ -51.888538349, -1.977656733 ], [ -51.886591709999962, -1.974598684999931 ], [ -51.884619050999987, -1.970793214000013 ], [ -51.883096898, -1.966840110999959 ], [ -51.88081882699997, -1.962164867000018 ], [ -51.87684032199995, -1.952345199000041 ], [ -51.874649716999976, -1.94457027899996 ], [ -51.872672950999927, -1.949772391999973 ], [ -51.868067605999912, -1.953110350000022 ], [ -51.86490067899998, -1.954788154000022 ], [ -51.856179213999916, -1.958354837999989 ], [ -51.852258341999956, -1.959163144999989 ], [ -51.847321889999897, -1.960584658000011 ], [ -51.843815567999947, -1.961240742000028 ], [ -51.837541301999956, -1.961512758999975 ], [ -51.825596901999944, -1.963357938999968 ], [ -51.821791101, -1.963435197999965 ], [ -51.815203176999901, -1.962976516000028 ], [ -51.810817493999934, -1.962461065000012 ], [ -51.806675260999953, -1.961363042999933 ], [ -51.796982617999916, -1.957565593999968 ], [ -51.78678666499998, -1.951703455999967 ], [ -51.77348515399995, -1.944573881 ], [ -51.769818786, -1.943910238999971 ], [ -51.76500972, -1.94414603299994 ], [ -51.760597887, -1.943056659999955 ], [ -51.757203524, -1.940612235999941 ], [ -51.755400142, -1.938132885999968 ], [ -51.752514385999966, -1.931695859999918 ], [ -51.750507752999937, -1.926568522999963 ], [ -51.747732684999924, -1.918646965 ], [ -51.744541873999971, -1.911776743 ], [ -51.741537835000017, -1.907108097999979 ], [ -51.736398164000015, -1.898344908999929 ], [ -51.731590732999976, -1.891209677000019 ], [ -51.729067391999912, -1.888746627999973 ], [ -51.722063520999946, -1.88282757899997 ], [ -51.719181729999981, -1.880242085 ], [ -51.71348216800002, -1.87561338000001 ], [ -51.70664796599997, -1.870581989 ], [ -51.702806298999988, -1.867985321 ], [ -51.692923924999974, -1.862574948999987 ], [ -51.681587592999918, -1.858358168999965 ], [ -51.676006753999921, -1.857870978999978 ], [ -51.672950595999922, -1.858082899999927 ], [ -51.667421877999971, -1.859658698000013 ], [ -51.664228452999978, -1.861045107999972 ], [ -51.658479380999921, -1.865438904999985 ], [ -51.649647327999944, -1.869889042999953 ], [ -51.641813400999958, -1.873277804999942 ], [ -51.63903665399998, -1.874221914999987 ], [ -51.631923918999973, -1.875973356999951 ], [ -51.628841652999945, -1.876187829999933 ], [ -51.611299656999975, -1.87961640600002 ], [ -51.607920427999971, -1.880087939999955 ], [ -51.603347672999988, -1.880499087999956 ], [ -51.599256429999961, -1.880430189000029 ], [ -51.590756482999929, -1.879117295000023 ], [ -51.58692781299996, -1.878306914999941 ], [ -51.57931763700001, -1.876381712999988 ], [ -51.572402167999897, -1.873859316999917 ], [ -51.567541507999977, -1.871881912 ], [ -51.557515093999946, -1.86823659 ], [ -51.554424998999892, -1.86696732099997 ], [ -51.551622946999949, -1.865390349999965 ], [ -51.546594971999959, -1.862239931999978 ], [ -51.540337925999964, -1.856157666999971 ], [ -51.537671716999988, -1.853850854999974 ], [ -51.53381113099995, -1.850818658 ], [ -51.527319768000019, -1.846517868999955 ], [ -51.522424051999955, -1.843954979 ], [ -51.515522099999899, -1.842161785999954 ], [ -51.507202892999899, -1.841583613999989 ], [ -51.503986897999908, -1.841052351 ], [ -51.494624892999958, -1.840633487999979 ], [ -51.491368452999907, -1.840105766000013 ], [ -51.488153079999961, -1.83913448499994 ], [ -51.485339880999987, -1.837865619999937 ], [ -51.479898041999945, -1.835753697999989 ], [ -51.47678999, -1.833887215999921 ], [ -51.469679146999979, -1.828566488000041 ], [ -51.466150676999973, -1.826561193000034 ], [ -51.463761669999926, -1.824687617 ], [ -51.455178583999945, -1.818794766999945 ], [ -51.452036179999915, -1.815167416000021 ], [ -51.446062084999973, -1.807461457999961 ], [ -51.441761025999909, -1.80459051 ], [ -51.435532000999928, -1.799242283999982 ], [ -51.434308232000014, -1.798355171000035 ], [ -51.43380925799994, -1.797993882999984 ], [ -51.43255921999998, -1.797088770999968 ], [ -51.426370063999926, -1.79409683599995 ], [ -51.423011173999917, -1.792981751999969 ], [ -51.419044941000024, -1.79193467800002 ], [ -51.416226277999954, -1.791190559 ], [ -51.410810023999986, -1.789522362 ], [ -51.402732778999933, -1.788343656 ], [ -51.396866733999964, -1.786981070999962 ], [ -51.383179788999932, -1.78177682399995 ], [ -51.377174947999933, -1.780709445 ], [ -51.357557443999923, -1.779154552999964 ], [ -51.350952924999959, -1.778250677999962 ], [ -51.345670459999958, -1.776725359999967 ], [ -51.343012841999979, -1.77485151 ], [ -51.339423714999931, -1.771377328999959 ], [ -51.334844355999927, -1.767776162999981 ], [ -51.32281541399994, -1.757820774999965 ], [ -51.318811362999938, -1.75478690800003 ], [ -51.315869961999923, -1.752778098 ], [ -51.313342943999913, -1.751355268999957 ], [ -51.30922937, -1.74950648100002 ], [ -51.304954268999943, -1.748119079999979 ], [ -51.301142579999954, -1.747598666 ], [ -51.296173139999922, -1.747834486999968 ], [ -51.290060098999945, -1.748981920999961 ], [ -51.286562648999933, -1.749935293999973 ], [ -51.281789058999934, -1.752087337999955 ], [ -51.27817411099997, -1.753490370999957 ], [ -51.271923223999956, -1.756706134999932 ], [ -51.268170622999975, -1.759429591999941 ], [ -51.266198238999934, -1.762272180000037 ], [ -51.26319884299992, -1.766162001999918 ], [ -51.257162244999961, -1.769656150000012 ], [ -51.253340514999941, -1.771667583 ], [ -51.250928567999949, -1.774517573 ], [ -51.245313030000013, -1.780083532999912 ], [ -51.242753248999961, -1.784405653000034 ], [ -51.240924766999925, -1.787096571999927 ], [ -51.237001886999977, -1.789979426999979 ], [ -51.234698137999963, -1.791937015999947 ], [ -51.231540524999915, -1.79391949300002 ], [ -51.22662085, -1.796224455999953 ], [ -51.223698475999967, -1.797158524999967 ], [ -51.218617216, -1.799320469999968 ], [ -51.207702818999955, -1.801000993999926 ], [ -51.199660246999933, -1.801304746000012 ], [ -51.192367023, -1.803509202999978 ], [ -51.178533098999978, -1.804795636999925 ], [ -51.173867249999923, -1.805619357999957 ], [ -51.170810671999973, -1.806707522999931 ], [ -51.16497569499991, -1.807999068999946 ], [ -51.158447943999903, -1.809750149999969 ], [ -51.152341706999955, -1.812070894999964 ], [ -51.143483967999899, -1.815191112000027 ], [ -51.137700310999911, -1.818101167000021 ], [ -51.121120156999943, -1.822987286 ], [ -51.117343327999905, -1.824236685 ], [ -51.113978835999973, -1.825044158000013 ], [ -51.110924252999922, -1.825391483999974 ], [ -51.105505475999919, -1.824316948999973 ], [ -51.102559970999927, -1.82333672799996 ], [ -51.096954644999947, -1.820337168000021 ], [ -51.093704489999965, -1.818780219999985 ], [ -51.089869001999965, -1.81737225699993 ], [ -51.085780425999978, -1.816860752999974 ], [ -51.080529803999951, -1.817990251 ], [ -51.079300554000028, -1.818383848999963 ], [ -51.077615392999952, -1.818923018999987 ], [ -51.072391718999931, -1.820054325999978 ], [ -51.068006485999916, -1.820137487999931 ], [ -51.061562587999916, -1.819963479000011 ], [ -51.05864102099995, -1.820311834999968 ], [ -51.05559217699993, -1.821552300999931 ], [ -51.053144807999935, -1.823220036999986 ], [ -51.051452533999985, -1.825908674999956 ], [ -51.050060667999929, -1.830656100999919 ], [ -51.048643813999938, -1.833635086999932 ], [ -51.045366342, -1.837242281999965 ], [ -51.038589074999962, -1.84297685699998 ], [ -51.035701453999955, -1.844506481999977 ], [ -51.030450197999961, -1.845933687000025 ], [ -51.025472019999917, -1.845285005 ], [ -51.020333286, -1.843902697000024 ], [ -51.015059241999978, -1.842819096999984 ], [ -51.011087244999963, -1.84245025299993 ], [ -51.005118658999947, -1.842856524999972 ], [ -51.000445296999985, -1.842677033999953 ], [ -50.996582833999966, -1.841306793 ], [ -50.992889887999944, -1.840685520000021 ], [ -50.986794453999913, -1.840630030999959 ], [ -50.983029705, -1.841021003999979 ], [ -50.980062322999963, -1.841855843999953 ], [ -50.977954431999905, -1.842720102999964 ], [ -50.976923406999951, -1.843142835000036 ], [ -50.973668085999989, -1.844167716000014 ], [ -50.969613342999963, -1.844366692999957 ], [ -50.96645154299992, -1.844298969999949 ], [ -50.963033110999966, -1.845042678000022 ], [ -50.959895956999922, -1.846337739999973 ], [ -50.957195902999985, -1.847985743 ], [ -50.954307558000011, -1.849363389000027 ], [ -50.94891880499992, -1.852306249999982 ], [ -50.946310086999986, -1.854135880999932 ], [ -50.94350194, -1.85642481599996 ], [ -50.941196496000018, -1.859065903 ], [ -50.939951139999913, -1.86198064799993 ], [ -50.938866026999925, -1.865258698 ], [ -50.937531195999973, -1.868444189999954 ], [ -50.935835505999911, -1.871358121 ], [ -50.932974520999984, -1.874009006999957 ], [ -50.931001549999984, -1.876650601999943 ], [ -50.92830892799995, -1.879120236 ], [ -50.925086355999944, -1.882412502 ], [ -50.922558413999951, -1.884240319999977 ], [ -50.919059159999968, -1.885895721999988 ], [ -50.915281961999902, -1.886647562999935 ], [ -50.911560877999946, -1.886668928000015 ], [ -50.90306355699996, -1.88363671199995 ], [ -50.90009139099989, -1.882014069999984 ], [ -50.897281328, -1.880212921 ], [ -50.895281143999966, -1.877869598 ], [ -50.893200508999946, -1.875786210999921 ], [ -50.887832756, -1.871280474999972 ], [ -50.886057261, -1.869964315999963 ], [ -50.884673129999953, -1.868937822999941 ], [ -50.881861471999933, -1.868048757 ], [ -50.878617428000013, -1.86770705099998 ], [ -50.875453574999895, -1.868271206000029 ], [ -50.87247425599994, -1.870197423999977 ], [ -50.869530987999951, -1.87256797 ], [ -50.867092301999968, -1.874226028999972 ], [ -50.864310712999945, -1.877146762999962 ], [ -50.857062794999948, -1.884176174 ], [ -50.850842932999925, -1.888753899999953 ], [ -50.844722709999978, -1.892876627 ], [ -50.840863336999952, -1.894802857999958 ], [ -50.834477826999901, -1.897482930000018 ], [ -50.831698237999952, -1.899220563 ], [ -50.828531731999966, -1.900696509 ], [ -50.823142396, -1.904168405999931 ], [ -50.820254256999959, -1.90528634799997 ], [ -50.817562782999936, -1.907474654999932 ], [ -50.814422706999913, -1.909219659999986 ], [ -50.81128401499992, -1.910696473999964 ], [ -50.804698780999956, -1.912912672000013 ], [ -50.798281894999974, -1.913036104000012 ], [ -50.794831359999932, -1.91205445699997 ], [ -50.791419401999981, -1.910629539000022 ], [ -50.787610414999946, -1.909556926999914 ], [ -50.779757548, -1.908063174999954 ], [ -50.771259402999931, -1.905573174999988 ], [ -50.768006856999932, -1.904952162000031 ], [ -50.763309232, -1.903254858000016 ], [ -50.760508335999987, -1.901915976 ], [ -50.754812489999978, -1.900033505000023 ], [ -50.752091764999925, -1.898603587000016 ], [ -50.748366075999947, -1.896264361 ], [ -50.742306303999939, -1.891938882999957 ], [ -50.739588362999939, -1.889505875 ], [ -50.7377512099999, -1.88661315799993 ], [ -50.735280427999925, -1.880808339999964 ], [ -50.735448683999905, -1.877810157999962 ], [ -50.736415343999951, -1.874175125000024 ], [ -50.737198573999919, -1.870085587999961 ], [ -50.735642199000019, -1.866010646999952 ], [ -50.728493754999903, -1.85889161699996 ], [ -50.723755130999955, -1.85363706399996 ], [ -50.714393564999959, -1.841800160999965 ], [ -50.710944162000011, -1.836831609 ], [ -50.705946933999897, -1.830949238000015 ], [ -50.703113141, -1.827972691999937 ], [ -50.700337168, -1.823846924999986 ], [ -50.695306934, -1.815848301999958 ], [ -50.692921629999987, -1.81286721899995 ], [ -50.691239775, -1.810041822999944 ], [ -50.68774969499998, -1.805183524999956 ], [ -50.684393957999973, -1.802569067 ], [ -50.678587955, -1.797609080000031 ], [ -50.675507737999958, -1.795715620999951 ], [ -50.673947264999981, -1.795345316999954 ], [ -50.668804985999948, -1.79412432 ], [ -50.66503008599998, -1.794685291999967 ], [ -50.658728316999934, -1.795992765999967 ], [ -50.655671110999933, -1.796283275999935 ], [ -50.651860663999955, -1.796124596999951 ], [ -50.648778811999961, -1.795143888999986 ], [ -50.644810475999975, -1.79334812 ], [ -50.642278754999936, -1.791826744999971 ], [ -50.639476108999943, -1.791018993000018 ], [ -50.634612453999956, -1.791777410999975 ], [ -50.631834925, -1.792471952999977 ], [ -50.631276541999988, -1.792611758 ], [ -50.624890128999951, -1.795468111999989 ], [ -50.621903764999949, -1.79730967599995 ], [ -50.61546552599998, -1.802411057999977 ], [ -50.613026356999953, -1.804801575999972 ], [ -50.611063950999942, -1.807443943000022 ], [ -50.609281092999957, -1.814534605999976 ], [ -50.608032544999944, -1.817990780999947 ], [ -50.606521274999956, -1.821107911000022 ], [ -50.602136639, -1.827558921999985 ], [ -50.597227809999907, -1.833128669999953 ], [ -50.592643865999975, -1.837967733999948 ], [ -50.590391896999982, -1.840610302000014 ], [ -50.588697505999946, -1.843070667999926 ], [ -50.586723983, -1.846262618999974 ], [ -50.585305577999961, -1.850088455999979 ], [ -50.584500089999928, -1.852994661 ], [ -50.580583582999971, -1.86119214699997 ], [ -50.578088265999916, -1.863660809999947 ], [ -50.575558599999958, -1.865759264999935 ], [ -50.572597671000018, -1.868697310999936 ], [ -50.567390739999958, -1.874347251999966 ], [ -50.56472283399993, -1.878169585000036 ], [ -50.562748747999926, -1.880630142999964 ], [ -50.560783998, -1.883822818999983 ], [ -50.556396051999926, -1.888842293999984 ], [ -50.553507456999931, -1.891490546999988 ], [ -50.550558979999956, -1.894868056999934 ], [ -50.54858623099998, -1.897972166 ], [ -50.543559786999936, -1.903540849999965 ], [ -50.539695300999931, -1.908732670000015 ], [ -50.538087775999969, -1.911645164999944 ], [ -50.534084907999976, -1.918119368999962 ], [ -50.529420374999944, -1.921954471999934 ], [ -50.526532165999981, -1.923431706999947 ], [ -50.522558970999953, -1.923627593 ], [ -50.518011258999906, -1.923019801999972 ], [ -50.506314134999926, -1.920732799999927 ], [ -50.502944077999977, -1.920474938 ], [ -50.496335411999937, -1.921615862999984 ], [ -50.493435986999934, -1.92197005399998 ], [ -50.484083402999964, -1.922133991999955 ], [ -50.47655816199994, -1.921841309999985 ], [ -50.469638988999961, -1.922734122999961 ], [ -50.466503771, -1.922357530999976 ], [ -50.461165746999924, -1.921444703999944 ], [ -50.455942308000012, -1.922065674999986 ], [ -50.454221034999968, -1.924688729000037 ], [ -50.454751692999906, -1.928860872 ], [ -50.454473847999921, -1.931946368999951 ] ] ] ] } },
{ "type": "Feature", "properties": { "CD_MUN": "1505908", "NM_MUN": "Porto de Moz", "SIGLA": "PA", "AREA_KM2": 17423.017 }, "geometry": { "type": "MultiPolygon", "coordinates": [ [ [ [ -51.996450658999933, -1.599112787999948 ], [ -51.993539607999949, -1.598871210999944 ], [ -51.993540114, -1.598871324999864 ], [ -51.996450658999933, -1.599112787999948 ] ] ] ] } },
{ "type": "Feature", "properties": { "CD_MUN": "1506302", "NM_MUN": "Salvaterra", "SIGLA": "PA", "AREA_KM2": 918.563 }, "geometry": { "type": "MultiPolygon", "coordinates": [ [ [ [ -48.506106764999956, -0.750891113999943 ], [ -48.50721259699997, -0.752991907999947 ], [ -48.507992981999969, -0.753734629999938 ], [ -48.508442029, -0.753865384999921 ], [ -48.508858956999944, -0.753986787000018 ], [ -48.509473826999923, -0.754109643999969 ], [ -48.509840949999926, -0.754180778 ], [ -48.510144196999967, -0.754718 ], [ -48.51035029599997, -0.755277993 ], [ -48.51066556899994, -0.755788045000019 ], [ -48.510895182999931, -0.756116139999987 ], [ -48.510905792999921, -0.756631140999966 ], [ -48.511199419999969, -0.757126527 ], [ -48.51151932999997, -0.75730865299998 ], [ -48.511620648999916, -0.757366334999956 ], [ -48.511853929999944, -0.75785672900003 ], [ -48.512004257999948, -0.758346721999983 ], [ -48.512138831999984, -0.759018016000015 ], [ -48.512180309999948, -0.759688605999989 ], [ -48.512071278999898, -0.760412653999945 ], [ -48.511883033999958, -0.761333305 ], [ -48.511787761999976, -0.761543017999946 ], [ -48.511329986999939, -0.762550677 ], [ -48.511228196999951, -0.763484930999949 ], [ -48.511552789999897, -0.764716114999944 ], [ -48.51138927999996, -0.765961445999954 ], [ -48.51105589, -0.767443597999931 ], [ -48.510765792999976, -0.768758006999972 ], [ -48.510412672999976, -0.769642540999973 ], [ -48.509897606, -0.770347694999964 ], [ -48.509555932999966, -0.771134956 ], [ -48.509193468, -0.772060281 ], [ -48.508281231999923, -0.772566777999986 ], [ -48.50697346, -0.773149266999953 ], [ -48.506649737999936, -0.774173618999976 ], [ -48.507397277999971, -0.774554450999956 ], [ -48.508741556999908, -0.77436716 ], [ -48.509212192999946, -0.774805138 ], [ -48.509350281999915, -0.774915353999974 ], [ -48.51018963, -0.775585279999982 ], [ -48.509379147999908, -0.788288358999969 ], [ -48.50670365299996, -0.805926687 ], [ -48.506061894999974, -0.810437957999968 ], [ -48.500982872999927, -0.828957541 ], [ -48.491768088, -0.848156786999956 ], [ -48.491635523999953, -0.848432987999983 ], [ -48.47471612899998, -0.873902095999926 ], [ -48.454749418999938, -0.886659342999954 ], [ -48.423887868999955, -0.900647891999986 ], [ -48.409572567806535, -0.905749383654255 ], [ -48.410099405999958, -0.906394469000018 ], [ -48.413202640999948, -0.911607037 ], [ -48.415964028999987, -0.917080142999973 ], [ -48.417445471, -0.920015787999953 ], [ -48.419047387999932, -0.922889531999962 ], [ -48.419480119999946, -0.923665174999924 ], [ -48.421930969999956, -0.931157676 ], [ -48.422373730999908, -0.934110634999987 ], [ -48.426384420000019, -0.947062024 ], [ -48.430819776999918, -0.957267199 ], [ -48.433295921999985, -0.964994941999988 ], [ -48.433711737999928, -0.96839708599993 ], [ -48.435269246999923, -0.972477990999989 ], [ -48.437069142999988, -0.976117369999931 ], [ -48.437608129999909, -0.976712329999954 ], [ -48.439544357999971, -0.978848786999977 ], [ -48.443602172999896, -0.974778918999943 ], [ -48.451711103, -0.972325069999949 ], [ -48.454903659, -0.972099889999969 ], [ -48.462989523999966, -0.970552333 ], [ -48.467733666999919, -0.970344971999983 ], [ -48.471768572, -0.970359678999957 ], [ -48.475379776999915, -0.970148648 ], [ -48.484156812999956, -0.970640079999976 ], [ -48.488656334000012, -0.972241643999974 ], [ -48.492932752999906, -0.971808441000013 ], [ -48.500594840999973, -0.972287245000016 ], [ -48.505094565999961, -0.973212791000035 ], [ -48.508705939999984, -0.973452736 ], [ -48.512102414999987, -0.973244021999955 ], [ -48.51592978099994, -0.973259258999972 ], [ -48.522236117000013, -0.973736741999955 ], [ -48.525596293999946, -0.973750310000012 ], [ -48.529433374, -0.973314529999927 ], [ -48.532381363999932, -0.972645934999941 ], [ -48.536436239999965, -0.971978222999939 ], [ -48.543427957, -0.969746991999978 ], [ -48.549514771999931, -0.967046097999971 ], [ -48.553455749999962, -0.965114137 ], [ -48.556518692999902, -0.963898265999932 ], [ -48.559207376999964, -0.961867024 ], [ -48.561223356999967, -0.960817804999961 ], [ -48.563965875999955, -0.959389810999935 ], [ -48.566457944, -0.956683883999956 ], [ -48.569597063999943, -0.954429106 ], [ -48.574793952999968, -0.951952467999986 ], [ -48.576035254, -0.951600601999916 ], [ -48.577915661999981, -0.951068190999917 ], [ -48.57795787500001, -0.951056239 ], [ -48.581131128999928, -0.949935831999928 ], [ -48.584959016000013, -0.950176826999973 ], [ -48.588542710999967, -0.950875704999978 ], [ -48.592376367, -0.952026047999945 ], [ -48.595549815999938, -0.951354875999924 ], [ -48.597791668999974, -0.947738113999987 ], [ -48.601622686999967, -0.944799056 ], [ -48.608066169000018, -0.944466576000016 ], [ -48.609736256999909, -0.944380401 ], [ -48.616047499999944, -0.946904031999987 ], [ -48.618964102999946, -0.949636701999959 ], [ -48.622346989999983, -0.952370125 ], [ -48.625266212000028, -0.952832080999935 ], [ -48.627540644, -0.94672290700001 ], [ -48.62620596999998, -0.943541576000042 ], [ -48.623289894000017, -0.941033103999969 ], [ -48.620351806999928, -0.940570274999954 ], [ -48.617652801999988, -0.938287263999973 ], [ -48.617235739999941, -0.934884116000037 ], [ -48.618354287999942, -0.931941611999934 ], [ -48.620629180999963, -0.930136235999948 ], [ -48.624904340999926, -0.931059350999943 ], [ -48.628044163000013, -0.933567221999967 ], [ -48.630546486999933, -0.931086871 ], [ -48.630985161999902, -0.926773761 ], [ -48.631242982999922, -0.922020079999966 ], [ -48.630574383999935, -0.917932192999951 ], [ -48.626074713999955, -0.918140614999965 ], [ -48.623372253999904, -0.916318675999941 ], [ -48.624068790999985, -0.913139573999979 ], [ -48.626326879999944, -0.911107184999951 ], [ -48.627673377999976, -0.909989029999982 ], [ -48.629043490999919, -0.908851265 ], [ -48.632216612, -0.907731397999969 ], [ -48.635354788999962, -0.905935266000037 ], [ -48.636744604999933, -0.902309612999987 ], [ -48.636963988999966, -0.899130620999946 ], [ -48.638100637999955, -0.895961074999976 ], [ -48.642594736, -0.894617946999956 ], [ -48.646686416999984, -0.892596194 ], [ -48.649851570999942, -0.89011745 ], [ -48.652987399999965, -0.889896899999956 ], [ -48.656379912, -0.891728796 ], [ -48.660433021999978, -0.891518582999931 ], [ -48.66223640699998, -0.886983893999984 ], [ -48.664513629999924, -0.884050843999953 ], [ -48.667904170999975, -0.882246725999982 ], [ -48.67126627899998, -0.88021383 ], [ -48.675572920999976, -0.877969747999954 ], [ -48.675921620999958, -0.877950684999975 ], [ -48.679409489999976, -0.877760008999919 ], [ -48.683685259, -0.878909695999921 ], [ -48.689237994999978, -0.87857632899996 ], [ -48.690873267, -0.87847780399998 ], [ -48.692842213999938, -0.876852532999974 ], [ -48.693605866999974, -0.876221476999985 ], [ -48.695650961, -0.872829543 ], [ -48.69767875, -0.868303843 ], [ -48.698601461999957, -0.863764861999963 ], [ -48.699523142000011, -0.860596416 ], [ -48.706068989, -0.855410526 ], [ -48.707429634999961, -0.85246865800003 ], [ -48.705430796999956, -0.849735585999936 ], [ -48.704994616999926, -0.846105969 ], [ -48.70973812999992, -0.840224032999961 ], [ -48.712903892999933, -0.837741111999959 ], [ -48.714266563999971, -0.833214267999951 ], [ -48.71654286299993, -0.830730097999934 ], [ -48.718569396, -0.827564781000047 ], [ -48.718826061999927, -0.823700989000011 ], [ -48.720185330999954, -0.82099312099996 ], [ -48.722210027999964, -0.818499540999964 ], [ -48.723354564999987, -0.815781457999956 ], [ -48.725378909999968, -0.812848388000011 ], [ -48.72743286, -0.808546525999967 ], [ -48.729456887999966, -0.805828638999975 ], [ -48.730600460999902, -0.803111397999947 ], [ -48.731054329999978, -0.800873244999947 ], [ -48.731154687999933, -0.800377178000025 ], [ -48.731289396999976, -0.799715454999985 ], [ -48.734463934, -0.797234936999915 ], [ -48.737600549, -0.797014717 ], [ -48.740549318, -0.795441624000039 ], [ -48.742348386999907, -0.792949383999977 ], [ -48.743708975999951, -0.789780253999952 ], [ -48.745293288999946, -0.787296717999988 ], [ -48.748018611999932, -0.785490926999968 ], [ -48.750069747999909, -0.782547757999987 ], [ -48.752577410999919, -0.774392640999979 ], [ -48.754378443999897, -0.771683250999979 ], [ -48.753268815999924, -0.767366346000022 ], [ -48.75127009600002, -0.763500454 ], [ -48.752406746999917, -0.759648307000029 ], [ -48.753990025999911, -0.757164654999967 ], [ -48.755791795999954, -0.753771673999983 ], [ -48.756936013999947, -0.751051513999981 ], [ -48.95386214799997, -0.655463514999957 ], [ -48.962044943999956, -0.651489042 ], [ -48.921971508999924, -0.651033456999963 ], [ -48.823986698999917, -0.649919473999985 ], [ -48.821961650999967, -0.653536282999925 ], [ -48.819685493999927, -0.656706077 ], [ -48.814959066999926, -0.658503385999945 ], [ -48.811354976999972, -0.659174218000027 ], [ -48.807742331999933, -0.660295355999976 ], [ -48.803240767999974, -0.66095711899993 ], [ -48.799627878, -0.662306086999989 ], [ -48.794438784, -0.667497263999985 ], [ -48.79082778699992, -0.667033213999959 ], [ -48.787678776999961, -0.662940157000049 ], [ -48.787016872, -0.659309963999979 ], [ -48.784539488999918, -0.657253959999951 ], [ -48.781629175, -0.657703921999966 ], [ -48.777540632999923, -0.658589435999959 ], [ -48.774629847999961, -0.659487881999956 ], [ -48.771905870999909, -0.661293416000044 ], [ -48.768769408000011, -0.661506247999979 ], [ -48.765374978, -0.660132866999943 ], [ -48.762464713999982, -0.659672300999938 ], [ -48.758627283, -0.660108635999981 ], [ -48.755708463, -0.660097446999943 ], [ -48.751189161999982, -0.660533047999925 ], [ -48.748266864999955, -0.66211764899994 ], [ -48.744439972999949, -0.662777297999986 ], [ -48.741485754999943, -0.661406214999962 ], [ -48.740159265999971, -0.658450096999976 ], [ -48.737686348999908, -0.660708758999986 ], [ -48.735177963999931, -0.662516190999964 ], [ -48.731123948999965, -0.663863582999982 ], [ -48.727073354000012, -0.664524750999975 ], [ -48.724377878000013, -0.663151263000019 ], [ -48.72120864799998, -0.662915542999967 ], [ -48.721211901999979, -0.667452388 ], [ -48.717377942000013, -0.666307306999938 ], [ -48.713992694999959, -0.665609372999922 ], [ -48.711072316, -0.665373004 ], [ -48.709048547999977, -0.667630201999971 ], [ -48.707020639999961, -0.665358745999969 ], [ -48.706576455999979, -0.661503215 ], [ -48.706596708999967, -0.657648182999973 ], [ -48.702544981999928, -0.658537169999986 ], [ -48.697351893999951, -0.658973778999963 ], [ -48.695575757999983, -0.656467631 ], [ -48.692852476, -0.657599344999928 ], [ -48.689902194999952, -0.66099100699998 ], [ -48.686737087, -0.662788563999941 ], [ -48.683604108999944, -0.661415582000027 ], [ -48.682236563999943, -0.664135327 ], [ -48.681100719999932, -0.667753075000013 ], [ -48.677486879999975, -0.669100748999965 ], [ -48.67434517399991, -0.667502625999985 ], [ -48.670068327999978, -0.666354413000017 ], [ -48.666241244999959, -0.66634126 ], [ -48.662630840999931, -0.667003667 ], [ -48.660152622999959, -0.664956986999945 ], [ -48.653878531999979, -0.65723713599998 ], [ -48.65027026399995, -0.656753341 ], [ -48.646433714999944, -0.657199433999969 ], [ -48.643963293, -0.658770701000035 ], [ -48.643930406999942, -0.662625326000024 ], [ -48.641241078999919, -0.665566746000037 ], [ -48.637403051999968, -0.667363371 ], [ -48.638269289999968, -0.672128349 ], [ -48.637816368999971, -0.675532272 ], [ -48.634437974999955, -0.675968830999976 ], [ -48.632240669999959, -0.673392172000034 ], [ -48.630850929, -0.670058287999966 ], [ -48.630873579, -0.665753537999949 ], [ -48.6329066119999, -0.663261661 ], [ -48.632677905999984, -0.658733326999963 ], [ -48.62888070299995, -0.655991145 ], [ -48.625707255999927, -0.658021700999969 ], [ -48.622096783999979, -0.664582467999955 ], [ -48.619383268, -0.66661435600003 ], [ -48.614627984, -0.668409886 ], [ -48.611490167999904, -0.670666351 ], [ -48.608766246999942, -0.67314833900002 ], [ -48.607853577999926, -0.676326492 ], [ -48.606270960999986, -0.679268894 ], [ -48.602429579999935, -0.680792492000029 ], [ -48.601740217, -0.681065425999963 ], [ -48.598380415999927, -0.681736913000011 ], [ -48.595240785999948, -0.678319298000032 ], [ -48.594345530999945, -0.674690833999927 ], [ -48.594349039999969, -0.671511744999966 ], [ -48.594820673999912, -0.667433731999969 ], [ -48.59596729699993, -0.662221122999975 ], [ -48.595736916999961, -0.65926775599995 ], [ -48.59440256699996, -0.654503516000018 ], [ -48.592178238999949, -0.651096948999976 ], [ -48.589711761999972, -0.648132208999987 ], [ -48.58768192199998, -0.64767087 ], [ -48.583606567999936, -0.649161958000013 ], [ -48.58077559799991, -0.650740539999974 ], [ -48.578330641999941, -0.655694088999939 ], [ -48.577489009999937, -0.661802709 ], [ -48.576259366999984, -0.669999802000012 ], [ -48.572497626999954, -0.680537731 ], [ -48.56645527299996, -0.688608110000013 ], [ -48.561949230999986, -0.693961131999989 ], [ -48.557052690999946, -0.701680984999955 ], [ -48.553850028999896, -0.705824145999925 ], [ -48.549233323999914, -0.706769834999923 ], [ -48.544903152999929, -0.705643452999984 ], [ -48.539526188000011, -0.706220287000017 ], [ -48.538153502999947, -0.707494581999937 ], [ -48.536780817999968, -0.708768877999946 ], [ -48.536341197999917, -0.711386611 ], [ -48.536228536999921, -0.712057453 ], [ -48.536511533999978, -0.716010466999952 ], [ -48.535574024999946, -0.722128464999985 ], [ -48.532748178, -0.724575923999984 ], [ -48.528735051999945, -0.726965196999965 ], [ -48.527848452999955, -0.727493045999941 ], [ -48.5278338379999, -0.727505123999963 ], [ -48.525627997999905, -0.729328101999984 ], [ -48.524548680999956, -0.73022008499998 ], [ -48.52285398799998, -0.733091154000034 ], [ -48.521998344999972, -0.734540743999981 ], [ -48.51826370099996, -0.740712540999935 ], [ -48.517494123999967, -0.741984329 ], [ -48.513355860999958, -0.746132975999982 ], [ -48.511604849999941, -0.747388443000032 ], [ -48.508366280999944, -0.749710481999957 ], [ -48.506106764999956, -0.750891113999943 ] ] ] ] } },
{ "type": "Feature", "properties": { "CD_MUN": "1506401", "NM_MUN": "Santa Cruz do Arari", "SIGLA": "PA", "AREA_KM2": 1076.652 }, "geometry": { "type": "MultiPolygon", "coordinates": [ [ [ [ -49.208021264999964, -0.50999264099997 ], [ -49.205295075, -0.51679462999993 ], [ -49.206631226999974, -0.51997776799996 ], [ -49.204382940999935, -0.523139247999973 ], [ -49.205046196999923, -0.526320973999974 ], [ -49.206156993, -0.529277754000015 ], [ -49.205462811999929, -0.532448523 ], [ -49.206798353999943, -0.535172080999926 ], [ -49.204550531999942, -0.538793121000039 ], [ -49.20251846699994, -0.541053508000013 ], [ -49.199579948, -0.542177662999945 ], [ -49.197325075999942, -0.544438744999978 ], [ -49.196853244999978, -0.54807013999997 ], [ -49.193903919000022, -0.550329730999968 ], [ -49.192995104999966, -0.553275852000015 ], [ -49.193217311999966, -0.556223789999946 ], [ -49.19229729499996, -0.56075596399995 ], [ -49.19226628399997, -0.564612079999973 ], [ -49.18957880100001, -0.568457866000029 ], [ -49.187742792999977, -0.571404066 ], [ -49.18729846999998, -0.575261607999957 ], [ -49.186380557999975, -0.578207659 ], [ -49.184104440999938, -0.582051905000016 ], [ -49.18071696999997, -0.583852231000028 ], [ -49.177544586999943, -0.585202142999988 ], [ -49.174380129999946, -0.588822956 ], [ -49.171214642999956, -0.591531769000033 ], [ -49.173016894999954, -0.594489120999944 ], [ -49.168495745999969, -0.597197607999957 ], [ -49.167604676999964, -0.600143568 ], [ -49.164656840999953, -0.601493568999958 ], [ -49.160604706999962, -0.603068759 ], [ -49.155410655, -0.603729160999924 ], [ -49.151357012999974, -0.605978347999949 ], [ -49.147491193999947, -0.609147716 ], [ -49.144764652999946, -0.614126617000013 ], [ -49.143412424999973, -0.61729910499996 ], [ -49.140912202999964, -0.622280852999948 ], [ -49.139544037999912, -0.626127319999972 ], [ -49.139325704999969, -0.629072836999969 ], [ -49.137024547999907, -0.641990722999966 ], [ -49.136991013999975, -0.646085309 ], [ -49.137660564999948, -0.654249965 ], [ -49.13944169599997, -0.659253743000034 ], [ -49.140100279999928, -0.663787864000023 ], [ -49.141659446999974, -0.667879541 ], [ -49.142871689999907, -0.671624437999965 ], [ -49.144450470999978, -0.677179409999953 ], [ -49.145970779, -0.683611481999948 ], [ -49.148192767999909, -0.691914702999954 ], [ -49.153630792999898, -0.705539001000046 ], [ -49.158581556999899, -0.713050505 ], [ -49.161290805999975, -0.715537949999936 ], [ -49.162713588000017, -0.717879061000017 ], [ -49.164111748999971, -0.719474609999962 ], [ -49.165592154999977, -0.720527343000024 ], [ -49.167171254999985, -0.720790526000039 ], [ -49.168233480999945, -0.720114715999989 ], [ -49.169117425999985, -0.719770959999968 ], [ -49.169819536999988, -0.719260773000032 ], [ -49.170509964999916, -0.718399883999945 ], [ -49.171004696999908, -0.717854957999977 ], [ -49.171962199, -0.71710942200002 ], [ -49.172795444999927, -0.716700109 ], [ -49.173365560000022, -0.71674396399998 ], [ -49.173687163999986, -0.717094803999965 ], [ -49.173972221999946, -0.717613755 ], [ -49.174001457999971, -0.718205797999962 ], [ -49.17400876799995, -0.718680895000015 ], [ -49.173994779999951, -0.719013764000023 ], [ -49.173833347, -0.719748034000025 ], [ -49.17377487399996, -0.72028160400003 ], [ -49.173751424999978, -0.720649839000034 ], [ -49.173760256, -0.720968666000035 ], [ -49.173935675999942, -0.721626490999929 ], [ -49.174615428999964, -0.722905596999981 ], [ -49.175024742999902, -0.723475712 ], [ -49.175434055999929, -0.723716914999963 ], [ -49.176040717999946, -0.723702297 ], [ -49.176610832999955, -0.723417238999948 ], [ -49.177005527999924, -0.722839813999956 ], [ -49.177232112999931, -0.721714202 ], [ -49.177319822999905, -0.721027138999988 ], [ -49.177305204999939, -0.720325459000017 ], [ -49.177473316, -0.719455667 ], [ -49.177553715999984, -0.719046352999966 ], [ -49.177992266999944, -0.718249652999949 ], [ -49.178747087999959, -0.717980400999965 ], [ -49.179183661999936, -0.717993831999921 ], [ -49.179651448999913, -0.718242343999966 ], [ -49.180009598999973, -0.718505474999978 ], [ -49.180199883999904, -0.718880617000019 ], [ -49.180389997, -0.718890123 ], [ -49.18057257000001, -0.718798836 ], [ -49.180709593999978, -0.718730324000019 ], [ -49.18086939199997, -0.718352619000031 ], [ -49.180934593999943, -0.71781778900001 ], [ -49.180956554999987, -0.717513477999967 ], [ -49.180896447999984, -0.716762143999974 ], [ -49.181851509999959, -0.717189823000011 ], [ -49.180711278999944, -0.721546090999938 ], [ -49.181135210999933, -0.722116205999948 ], [ -49.181807654999972, -0.722423190999946 ], [ -49.182509335999946, -0.722350100000027 ], [ -49.184190445999953, -0.721589945999925 ], [ -49.185301439999947, -0.720917501999976 ], [ -49.187114115, -0.719441048999938 ], [ -49.188225109, -0.718198488999979 ], [ -49.189029117999915, -0.717599137000038 ], [ -49.189935455999944, -0.717496809 ], [ -49.191061068, -0.717920741 ], [ -49.192025878999978, -0.718476237999957 ], [ -49.192172062999902, -0.719104827 ], [ -49.191865076999903, -0.719748034000025 ], [ -49.190300913999984, -0.721092922000013 ], [ -49.188926789999975, -0.721853075999936 ], [ -49.188385910999983, -0.722350100000027 ], [ -49.188005833999981, -0.722978687999989 ], [ -49.188166635999963, -0.723826552999975 ], [ -49.188926789999975, -0.724615943 ], [ -49.189701561999954, -0.725156822 ], [ -49.190637136, -0.725595371999956 ], [ -49.191558092, -0.726223961 ], [ -49.192011260999919, -0.726794077000017 ], [ -49.192230655999957, -0.727556802999976 ], [ -49.191280343999928, -0.728475187000024 ], [ -49.189862363999936, -0.731574275999938 ], [ -49.19052019, -0.734088631999965 ], [ -49.190607899999982, -0.735550465999948 ], [ -49.190483406999896, -0.73616117400003 ], [ -49.190988491999939, -0.737252052999962 ], [ -49.1918843569999, -0.74043327800001 ], [ -49.193884497999925, -0.744293404 ], [ -49.197741784999955, -0.741357949999957 ], [ -49.200877975000012, -0.739785179999943 ], [ -49.207878948, -0.736628657999985 ], [ -49.210828255999957, -0.735054731999965 ], [ -49.213768404999954, -0.732795865000027 ], [ -49.217350388999947, -0.734395744999974 ], [ -49.218471780999913, -0.737578227999949 ], [ -49.224106929999962, -0.743046586999965 ], [ -49.22610765899995, -0.745544239999942 ], [ -49.229491397999965, -0.748513854999979 ], [ -49.232184274999931, -0.751472826999935 ], [ -49.232825869999907, -0.754645863000016 ], [ -49.235078105999918, -0.75715466899994 ], [ -49.237547846999981, -0.75875258 ], [ -49.237768210999917, -0.762609219999968 ], [ -49.241136197999964, -0.763523209 ], [ -49.244295897999919, -0.765123722999919 ], [ -49.246324409999986, -0.767629645999959 ], [ -49.249463411, -0.767634945999953 ], [ -49.252858497999981, -0.765158465999951 ], [ -49.255574043999957, -0.763809585999988 ], [ -49.258494172999988, -0.762686236000034 ], [ -49.261665009999973, -0.763150285999972 ], [ -49.264576803999937, -0.762251326999932 ], [ -49.267524626999943, -0.760443009999969 ], [ -49.270241705999958, -0.759320296999979 ], [ -49.272937468999984, -0.757969524999949 ], [ -49.275884285999915, -0.757072362999969 ], [ -49.279050472999963, -0.754362932999966 ], [ -49.281740822999986, -0.758006189999962 ], [ -49.279904491999922, -0.760493553999977 ], [ -49.280576873999955, -0.763441521 ], [ -49.287573476999945, -0.764377557 ], [ -49.290940071999962, -0.765752147999956 ], [ -49.293857528999951, -0.768709856999985 ], [ -49.295885808, -0.771443078 ], [ -49.299046768999965, -0.771906252999957 ], [ -49.302184160999936, -0.770107085999951 ], [ -49.304907487999934, -0.767389895000017 ], [ -49.308746022000015, -0.76604032 ], [ -49.312133706999916, -0.765377952 ], [ -49.313933291999952, -0.76198008099996 ], [ -49.316219954999973, -0.75926143 ], [ -49.318019572000011, -0.754963080999973 ], [ -49.318491517999981, -0.751332080999925 ], [ -49.318748375, -0.746338014999983 ], [ -49.316714234999921, -0.742251870999935 ], [ -49.316968221999979, -0.739080321999976 ], [ -49.316748609999927, -0.734311998999972 ], [ -49.315413551999953, -0.73090353600004 ], [ -49.317690429999956, -0.727958529 ], [ -49.320614545999959, -0.725486478 ], [ -49.327141743000013, -0.726855188000011 ], [ -49.334577384999911, -0.728929722999974 ], [ -49.337720770999937, -0.730754650999978 ], [ -49.346730933999901, -0.730566616999964 ], [ -49.35169047499992, -0.731031470999968 ], [ -49.355741028999951, -0.732189454000034 ], [ -49.359798239, -0.73560094299995 ], [ -49.362499568999958, -0.738334998000036 ], [ -49.486276207999964, -0.668711232999977 ], [ -49.489263066, -0.667021759999988 ], [ -49.486719063999928, -0.664820526000023 ], [ -49.484465921999927, -0.661859563 ], [ -49.481772641999932, -0.659809683999937 ], [ -49.479996722999985, -0.656626505 ], [ -49.477743634, -0.65457975800002 ], [ -49.477522787999924, -0.651396204999957 ], [ -49.471689710999932, -0.643213106999942 ], [ -49.470353936999985, -0.640028596999977 ], [ -49.470356519999932, -0.637081479000026 ], [ -49.469909906999931, -0.634132164999981 ], [ -49.471295342999987, -0.629823132999965 ], [ -49.471300808, -0.623468205999957 ], [ -49.469077553999981, -0.62005848900001 ], [ -49.468836134999989, -0.619911726999947 ], [ -49.465691547999953, -0.618000093999962 ], [ -49.463907705999972, -0.615500434 ], [ -49.457829773999968, -0.610718091999987 ], [ -49.454024555999986, -0.605025403999973 ], [ -49.451110132999986, -0.598667297999969 ], [ -49.450214571999958, -0.595257941999963 ], [ -49.450460839, -0.590722645999966 ], [ -49.448915177999915, -0.587987100000023 ], [ -49.452301198999947, -0.581196966999977 ], [ -49.453661339999954, -0.576670658000014 ], [ -49.456160226999941, -0.574860608 ], [ -49.457305804999962, -0.571236512999986 ], [ -49.455276398, -0.568954065999963 ], [ -49.453938344999955, -0.566005956000017 ], [ -49.454857672999907, -0.562147287999961 ], [ -49.455331330000014, -0.556026357999952 ], [ -49.455108786999986, -0.552167694999985 ], [ -49.452631766999943, -0.550118458999984 ], [ -49.452130443999941, -0.546603077 ], [ -49.450858104, -0.542164871999953 ], [ -49.449297665999943, -0.538532416999962 ], [ -49.449077058999897, -0.535581612999971 ], [ -49.44977006599995, -0.53263509299998 ], [ -49.449331468, -0.529227063 ], [ -49.44662939799997, -0.526502525999986 ], [ -49.44260192199998, -0.516725501999984 ], [ -49.439245496999916, -0.514442299999986 ], [ -49.437655543999902, -0.511720448999933 ], [ -49.435411105999911, -0.509669756999989 ], [ -49.431829019, -0.507613621999949 ], [ -49.427104223999962, -0.505555797999948 ], [ -49.422829763999964, -0.504407001999931 ], [ -49.417880693000015, -0.501895619999972 ], [ -49.404823835999977, -0.427198319999968 ], [ -49.405517838999934, -0.423349527000019 ], [ -49.406660333999959, -0.420626908 ], [ -49.407428309999908, -0.417730079000025 ], [ -49.407802839999903, -0.416317714999961 ], [ -49.409162451999954, -0.412471082000012 ], [ -49.408744621999929, -0.406339120999979 ], [ -49.404941366999928, -0.396114468999977 ], [ -49.402462547, -0.393391612000018 ], [ -49.400910529000015, -0.389522639 ], [ -49.393747331000014, -0.37747458599994 ], [ -49.388145572999974, -0.371793487 ], [ -49.384967429, -0.369724847999988 ], [ -49.380720196999945, -0.364269927000018 ], [ -49.372854565, -0.356754409 ], [ -49.367467823999988, -0.351975141999974 ], [ -49.359819998999939, -0.348925512999978 ], [ -49.347878614, -0.344872401 ], [ -49.341572957, -0.341668534999942 ], [ -49.340420803999962, -0.340817081000013 ], [ -49.335717891999948, -0.337339135000017 ], [ -49.331658431999976, -0.337103731 ], [ -49.328053806999982, -0.340039515999981 ], [ -49.326687027999959, -0.342751025999979 ], [ -49.323298427999894, -0.346598129999967 ], [ -49.321715233, -0.349086868 ], [ -49.320133255000016, -0.352717598999943 ], [ -49.31491130299996, -0.357916589999965 ], [ -49.310152607999953, -0.363579928000037 ], [ -49.306325087, -0.36991066 ], [ -49.30448983900002, -0.374893112999954 ], [ -49.303356641999962, -0.378975499999958 ], [ -49.299488212999982, -0.38916731 ], [ -49.294966916, -0.395511826999941 ], [ -49.293129802999957, -0.400274207999987 ], [ -49.290854094999958, -0.408425222999922 ], [ -49.2894954779999, -0.412047673999973 ], [ -49.289492701999933, -0.415229280999965 ], [ -49.287712506999988, -0.419216484 ], [ -49.285850428999929, -0.423384778 ], [ -49.283575144999965, -0.427457257999988 ], [ -49.278132437999943, -0.43991064500001 ], [ -49.273160275999949, -0.446704074999973 ], [ -49.271324714999949, -0.449875404 ], [ -49.268750506999943, -0.452262676 ], [ -49.268160636999902, -0.45280970999996 ], [ -49.259355238, -0.456637029 ], [ -49.25574269799997, -0.458437164 ], [ -49.250801044999925, -0.459561349999928 ], [ -49.245577710999932, -0.46680300199994 ], [ -49.244440648, -0.47042975 ], [ -49.240826596999931, -0.476993728999977 ], [ -49.238103038, -0.479253048000041 ], [ -49.234490740999988, -0.480595170999978 ], [ -49.226826568000014, -0.482383241000042 ], [ -49.2225507429999, -0.48191971099997 ], [ -49.219161963, -0.483494451999968 ], [ -49.217794662999935, -0.487339858 ], [ -49.217099618999981, -0.490745941 ], [ -49.215517320999979, -0.493685451000028 ], [ -49.208709581999983, -0.503647807 ], [ -49.207574597999958, -0.506592987999968 ], [ -49.208021264999964, -0.50999264099997 ] ] ] ] } },
{ "type": "Feature", "properties": { "CD_MUN": "1507706", "NM_MUN": "São Sebastião da Boa Vista", "SIGLA": "PA", "AREA_KM2": 1632.251 }, "geometry": { "type": "MultiPolygon", "coordinates": [ [ [ [ -49.526630850999908, -1.18804379099994 ], [ -49.587765770999965, -1.326830514999946 ], [ -49.590164229, -1.332277353999958 ], [ -49.593776385, -1.332310886999979 ], [ -49.59727043, -1.333074571999928 ], [ -49.602438986999985, -1.332045082000013 ], [ -49.60566379999991, -1.332620726999947 ], [ -49.608356849999979, -1.334104338000044 ], [ -49.611248067999924, -1.335315997000022 ], [ -49.614772623999954, -1.334080648999949 ], [ -49.618196407, -1.333932573999954 ], [ -49.620160030999934, -1.336316616000035 ], [ -49.622161886999926, -1.342966775000045 ], [ -49.623386162999971, -1.346251240999932 ], [ -49.622737376999936, -1.346911657999952 ], [ -49.620388476999921, -1.349302665999987 ], [ -49.618438548999961, -1.354826660999988 ], [ -49.616770915999915, -1.357258262 ], [ -49.614491915, -1.359870883 ], [ -49.611526361999942, -1.360018766999973 ], [ -49.608826552000025, -1.35781278199997 ], [ -49.605690189999962, -1.357509504999923 ], [ -49.602497777999965, -1.359379212 ], [ -49.603471199999944, -1.362203302999978 ], [ -49.602164315, -1.365366765999978 ], [ -49.600604679999911, -1.368166368999981 ], [ -49.597271132999964, -1.36758405499994 ], [ -49.594217542, -1.366729046999984 ], [ -49.591133827999933, -1.36760792199996 ], [ -49.584549558999953, -1.366361389000028 ], [ -49.581832932999887, -1.367963157999954 ], [ -49.580552151999967, -1.370582848 ], [ -49.57702819299989, -1.371910788 ], [ -49.57438078699996, -1.37397158599998 ], [ -49.570426375999972, -1.375796402999976 ], [ -49.568403749999952, -1.376729455 ], [ -49.56691183099997, -1.379791391999943 ], [ -49.563240084999926, -1.377936147 ], [ -49.559470959, -1.376261061999964 ], [ -49.555776987999977, -1.376217194999976 ], [ -49.552045258999939, -1.377634800999941 ], [ -49.544440284999979, -1.379730353999955 ], [ -49.542526977999941, -1.383704721 ], [ -49.54149772799996, -1.386784525 ], [ -49.540637440999923, -1.390319055999969 ], [ -49.538890685, -1.392659054000047 ], [ -49.53571353400001, -1.394436415000024 ], [ -49.533077684999967, -1.396497892999973 ], [ -49.531400065999982, -1.397662726999984 ], [ -49.529722447, -1.398827561 ], [ -49.527441971999963, -1.402068077999976 ], [ -49.525177058999965, -1.399953087000041 ], [ -49.517640690999905, -1.39896763599995 ], [ -49.514384212999936, -1.398023742000012 ], [ -49.510520678000013, -1.397349164999975 ], [ -49.507188449, -1.397493339 ], [ -49.504075414999903, -1.399553776999953 ], [ -49.501527065, -1.401883950000018 ], [ -49.499545416999986, -1.409049415999943 ], [ -49.499747059999976, -1.41213137499995 ], [ -49.499047740999934, -1.415502788000014 ], [ -49.497165897999928, -1.41792434 ], [ -49.49638588699996, -1.421185586 ], [ -49.500358137, -1.425575887 ], [ -49.501359241999964, -1.428310514999955 ], [ -49.500354433999959, -1.432085223 ], [ -49.502639911999964, -1.435128926999942 ], [ -49.506023107999937, -1.436982928999955 ], [ -49.508516367, -1.439459982 ], [ -49.509580350999926, -1.44310357499994 ], [ -49.512970026999902, -1.446230674999951 ], [ -49.515385264999985, -1.448164862999937 ], [ -49.516357204999935, -1.45107893 ], [ -49.517663948999967, -1.453724093999922 ], [ -49.519824694999954, -1.455747967999956 ], [ -49.519690267999934, -1.460101500999924 ], [ -49.518022277999947, -1.463353819 ], [ -49.518358851, -1.466266639000038 ], [ -49.520830094999923, -1.470292718 ], [ -49.523330100999914, -1.473859966000015 ], [ -49.522576992999952, -1.477482872999927 ], [ -49.520360782, -1.480724136999969 ], [ -49.519407393999977, -1.484716267999966 ], [ -49.520301212999946, -1.487540077999929 ], [ -49.520885104999941, -1.492086212999935 ], [ -49.520491911, -1.494988549 ], [ -49.51676911299991, -1.496215206999976 ], [ -49.504245678999958, -1.494991311999962 ], [ -49.500415292999932, -1.496092376000027 ], [ -49.496776124999919, -1.500357411999955 ], [ -49.496160372999952, -1.506578746999923 ], [ -49.49694532299997, -1.509853059999946 ], [ -49.498359686999933, -1.512505706999958 ], [ -49.500385779999974, -1.514836875000016 ], [ -49.502969766, -1.516808587 ], [ -49.504606773, -1.519994561 ], [ -49.504518011999927, -1.524660030999927 ], [ -49.504497836999946, -1.52571934 ], [ -49.504021935999916, -1.528991060999987 ], [ -49.501914432999982, -1.540248177999972 ], [ -49.50179815599995, -1.544687275 ], [ -49.501679921999937, -1.549188574000029 ], [ -49.501415969999947, -1.559244145999985 ], [ -49.50147182599995, -1.570965602999932 ], [ -49.501635936999939, -1.574058348999943 ], [ -49.501593022999941, -1.574687855999981 ], [ -49.501357561, -1.578141866999951 ], [ -49.499027107, -1.583663429000017 ], [ -49.497797691999978, -1.587006467999954 ], [ -49.49713459199991, -1.590268690999954 ], [ -49.497550264000019, -1.593352057999988 ], [ -49.498691411000024, -1.596727326000016 ], [ -49.500386491999947, -1.599111194 ], [ -49.501555442999944, -1.603325006000036 ], [ -49.501915240999956, -1.606868977999989 ], [ -49.501359580999988, -1.610682300999935 ], [ -49.498104740999977, -1.614694281999975 ], [ -49.496435432999974, -1.617756798999972 ], [ -49.492439081999983, -1.620976389 ], [ -49.490331007, -1.623306716999986 ], [ -49.485047223999977, -1.627143616999929 ], [ -49.482327514999923, -1.629293112999965 ], [ -49.47896440200001, -1.630609916000028 ], [ -49.471080967000013, -1.635505507 ], [ -49.468164209999905, -1.637737405999919 ], [ -49.46414228699993, -1.641061221999953 ], [ -49.461887766, -1.642924048999985 ], [ -49.459493778999985, -1.645254431999978 ], [ -49.456495521999976, -1.646941535999948 ], [ -49.453939667999975, -1.648910907 ], [ -49.450769954, -1.651688405999954 ], [ -49.448851526999889, -1.653929654000033 ], [ -49.447100300999942, -1.656539988 ], [ -49.445720684000015, -1.659340481 ], [ -49.442660383999936, -1.664923606 ], [ -49.441467027999963, -1.667994943999931 ], [ -49.441021536999962, -1.670215645 ], [ -49.440576046999958, -1.672436346999975 ], [ -49.4375782239999, -1.682013122999928 ], [ -49.434739121999911, -1.685522270000019 ], [ -49.432021135999911, -1.687572166999987 ], [ -49.430283392000014, -1.68972352 ], [ -49.426632329, -1.693769753999943 ], [ -49.42468481099997, -1.696831064000017 ], [ -49.423581400999979, -1.70017381799993 ], [ -49.42188578699993, -1.706145645999948 ], [ -49.420215427999921, -1.709027265999987 ], [ -49.418832233999964, -1.712458551999942 ], [ -49.415852967999925, -1.718868937 ], [ -49.419410793999958, -1.722719556999932 ], [ -49.426164023999974, -1.725260859999969 ], [ -49.429188062999984, -1.726835821999986 ], [ -49.435382310999927, -1.728996289999953 ], [ -49.435639986999931, -1.729076908999962 ], [ -49.441131662000011, -1.730795102999929 ], [ -49.444103938999916, -1.731470275999927 ], [ -49.447264332999929, -1.73277966 ], [ -49.454424947999982, -1.734852349999985 ], [ -49.461155566999899, -1.737848980000036 ], [ -49.464218234, -1.73906439999997 ], [ -49.467109212000011, -1.739917898999979 ], [ -49.470601918999897, -1.741324587999928 ], [ -49.473274613999969, -1.743261214000027 ], [ -49.477728409999976, -1.746137446999976 ], [ -49.479717570999981, -1.747422034999948 ], [ -49.48509055800001, -1.750657133999924 ], [ -49.487128768999987, -1.752959211999974 ], [ -49.492806308, -1.754748096000016 ], [ -49.496055492999979, -1.755772007 ], [ -49.496378795999902, -1.755873762999984 ], [ -49.500413830999989, -1.756002511999979 ], [ -49.504824674999988, -1.756825472999948 ], [ -49.50975979599994, -1.757895827999958 ], [ -49.513743041999909, -1.759387637000023 ], [ -49.518714404000015, -1.762592155999956 ], [ -49.521771258999898, -1.765873225 ], [ -49.529686005, -1.77506977599994 ], [ -49.532053188999932, -1.776987824999923 ], [ -49.535024104999898, -1.778627849 ], [ -49.535323163999955, -1.778721440000011 ], [ -49.539721031999946, -1.780099859000019 ], [ -49.544146705999935, -1.780381976 ], [ -49.550640133999941, -1.780404914000036 ], [ -49.556051203000017, -1.779787755999953 ], [ -49.562028298999934, -1.779621859 ], [ -49.56499265199998, -1.780260163000049 ], [ -49.572854939999921, -1.781009453999962 ], [ -49.576270372999986, -1.780936527999968 ], [ -49.582885994999977, -1.780222084999918 ], [ -49.586051768999901, -1.779689583999913 ], [ -49.591916805999965, -1.777890367 ], [ -49.594992170999959, -1.776443308999989 ], [ -49.599051317, -1.774002212999983 ], [ -49.604049941999961, -1.766475944000048 ], [ -49.606940875999967, -1.763940004999922 ], [ -49.607775135999987, -1.760397393 ], [ -49.605442477999979, -1.75866062 ], [ -49.602724262999963, -1.75692294499993 ], [ -49.600302517999957, -1.754466427999981 ], [ -49.597136385999917, -1.751724137999924 ], [ -49.592631456999946, -1.74615013299996 ], [ -49.589580565999931, -1.739072889999962 ], [ -49.58924600199996, -1.736080334999981 ], [ -49.590605523999919, -1.727263274999915 ], [ -49.590638308999964, -1.724350021000012 ], [ -49.589465569000012, -1.714537025999965 ], [ -49.589861929999941, -1.710994339999941 ], [ -49.592580688999917, -1.705817732 ], [ -49.58888711500002, -1.704175402 ], [ -49.587880335999941, -1.700719664999975 ], [ -49.58563872900001, -1.698443207 ], [ -49.582747166999951, -1.697434823999968 ], [ -49.578771079999946, -1.695143594999928 ], [ -49.576553974, -1.690783480999949 ], [ -49.575273629000023, -1.687868186999966 ], [ -49.574831070999913, -1.684864643999964 ], [ -49.577550260999921, -1.682607656 ], [ -49.584520919999896, -1.680079869999931 ], [ -49.593973499999962, -1.678474631999984 ], [ -49.59843726, -1.678118626000016 ], [ -49.601414061, -1.677585226999936 ], [ -49.605216255, -1.677683965000023 ], [ -49.609159707999972, -1.681326707999977 ], [ -49.61205280399998, -1.686068093999973 ], [ -49.615140647999944, -1.683711687999958 ], [ -49.616217018, -1.68062124399996 ], [ -49.615415897999981, -1.677164986999982 ], [ -49.615852843999981, -1.674261556 ], [ -49.619583833999954, -1.674450262999985 ], [ -49.623104804999961, -1.674918928999949 ], [ -49.624525648999928, -1.678556951999957 ], [ -49.627882236999916, -1.676568059999974 ], [ -49.63274289000001, -1.676761991000033 ], [ -49.636720982, -1.678591493999972 ], [ -49.637738730999921, -1.678104105999969 ], [ -49.643134644999982, -1.675520067000038 ], [ -49.645050936, -1.670521450999987 ], [ -49.648658383999965, -1.669267917 ], [ -49.651826086999961, -1.666912346999974 ], [ -49.655720226999932, -1.665647682999962 ], [ -49.657551546000022, -1.662469414999981 ], [ -49.662409425999975, -1.660217591 ], [ -49.664967645999987, -1.657499871000025 ], [ -49.667659476999958, -1.655323486999984 ], [ -49.671302515000022, -1.653789425999976 ], [ -49.673472723, -1.651778692999963 ], [ -49.673751877, -1.651520490999916 ], [ -49.676194376999945, -1.64826226599998 ], [ -49.682684474999945, -1.643367937999942 ], [ -49.684882914999946, -1.640741266999948 ], [ -49.687652022999913, -1.635342027999966 ], [ -49.687802497999932, -1.635048630000027 ], [ -49.688329381999914, -1.634021305000024 ], [ -49.687888313000016, -1.630565568 ], [ -49.689603921999947, -1.626753738 ], [ -49.692940903999911, -1.625398259999935 ], [ -49.695579923999951, -1.623043875 ], [ -49.697660673999984, -1.620773952000034 ], [ -49.699466309999906, -1.616423853 ], [ -49.701386032999935, -1.61379012399995 ], [ -49.70646467499995, -1.608536960999976 ], [ -49.707827377999898, -1.605807316999988 ], [ -49.710550772, -1.601727785000042 ], [ -49.712105565999941, -1.593459495 ], [ -49.713911706999987, -1.589198516999959 ], [ -49.714024040999959, -1.586148765999953 ], [ -49.714664925999962, -1.580839222000021 ], [ -49.716578612999939, -1.577118616999931 ], [ -49.717135024999969, -1.572213796 ], [ -49.716577936999968, -1.568208514999982 ], [ -49.715970610999904, -1.561937737999921 ], [ -49.715996511999911, -1.558024743999988 ], [ -49.718278687999913, -1.549308663000017 ], [ -49.719445386, -1.546497300999929 ], [ -49.720383016999946, -1.54004204799997 ], [ -49.720550767999967, -1.536587448999951 ], [ -49.719135126999987, -1.529954312000017 ], [ -49.717526602999946, -1.525857669999988 ], [ -49.714891885, -1.520819292999933 ], [ -49.713103721000017, -1.517117333999964 ], [ -49.712049234999895, -1.514122074999937 ], [ -49.710608894, -1.511296504 ], [ -49.708919232, -1.507297177999947 ], [ -49.707191706999971, -1.503811830999959 ], [ -49.707269251, -1.495850705999926 ], [ -49.707053995999949, -1.490086744999966 ], [ -49.707189169999943, -1.486642953999953 ], [ -49.706926787, -1.484311235999938 ], [ -49.706523937999968, -1.48072391099995 ], [ -49.706909951999933, -1.476725084999932 ], [ -49.706770326000012, -1.465167982 ], [ -49.706555264999984, -1.459656542999967 ], [ -49.706552819999956, -1.451936051999949 ], [ -49.706774257999982, -1.448401335999963 ], [ -49.706770685999956, -1.441221031999964 ], [ -49.707084195999961, -1.436956912000023 ], [ -49.707748682999963, -1.432881026999935 ], [ -49.708689297999982, -1.429619998000033 ], [ -49.709164097000013, -1.426534847000029 ], [ -49.70920000199996, -1.426377187999952 ], [ -49.709288080999968, -1.425990436999927 ], [ -49.710445778999919, -1.420907014999964 ], [ -49.710855515999981, -1.41910786799996 ], [ -49.712633065999974, -1.415133210999988 ], [ -49.71411913, -1.41231053400003 ], [ -49.716604519999947, -1.405003071 ], [ -49.71744784, -1.401800406999945 ], [ -49.718967034999935, -1.396034152999972 ], [ -49.720359039, -1.39150856999998 ], [ -49.721720768999965, -1.383809346000033 ], [ -49.722686895999963, -1.376190547 ], [ -49.723910712999974, -1.37066355799992 ], [ -49.726775501999953, -1.365519154999975 ], [ -49.733056026000021, -1.361218591999949 ], [ -49.738745789999967, -1.360191547999969 ], [ -49.741819318, -1.359956192999947 ], [ -49.750750423999897, -1.360863935999914 ], [ -49.759832007999911, -1.362050613999957 ], [ -49.767604773, -1.362498130999947 ], [ -49.772025606999932, -1.36154900600002 ], [ -49.774213798999973, -1.359389195999929 ], [ -49.776130184999907, -1.356958324999971 ], [ -49.778139704, -1.354704376 ], [ -49.780525935999904, -1.351282199 ], [ -49.788275894999963, -1.343557246999962 ], [ -49.790913469999971, -1.340765856000017 ], [ -49.793659783999921, -1.337431673000014 ], [ -49.796745959, -1.335020716000015 ], [ -49.799049068999963, -1.332318878000018 ], [ -49.801966456999942, -1.329807474999969 ], [ -49.805133325999961, -1.327476861000045 ], [ -49.807778866, -1.325236435999946 ], [ -49.811332975, -1.32291365099996 ], [ -49.813860480999956, -1.320852472999947 ], [ -49.820030073999909, -1.318103816999985 ], [ -49.824108251, -1.318324445000032 ], [ -49.827161034, -1.319169306999948 ], [ -49.830944157000019, -1.320664814999963 ], [ -49.840608414999927, -1.328032174999985 ], [ -49.846052235999956, -1.333723856 ], [ -49.848848331999939, -1.340268894000021 ], [ -49.849130266, -1.340929626999978 ], [ -49.849627327999912, -1.340836666000014 ], [ -49.975142422999959, -1.300634308999973 ], [ -49.983851984999923, -1.297842582 ], [ -49.988234834999922, -1.179897881999983 ], [ -49.991359380999896, -1.178969582 ], [ -49.992985597999983, -1.177771170999966 ], [ -49.994397346, -1.177008182999986 ], [ -49.997467566999916, -1.175734255 ], [ -49.999111502999959, -1.174706358000046 ], [ -49.999436538999937, -1.174232291 ], [ -49.998317084999954, -1.173541435999939 ], [ -49.997451028999969, -1.17346802 ], [ -49.995390199999989, -1.172594483000013 ], [ -49.99457785, -1.172033080999926 ], [ -49.993556861999906, -1.170338279999941 ], [ -49.990881932, -1.167863463999987 ], [ -49.988607996999974, -1.161389126999959 ], [ -49.987113028999914, -1.158104099000026 ], [ -49.986336459999968, -1.154457439999925 ], [ -49.984054232999959, -1.151281382000038 ], [ -49.980900368999954, -1.148808678 ], [ -49.979373277, -1.147269285999988 ], [ -49.975693127999961, -1.145269484 ], [ -49.972920492999968, -1.142602495999947 ], [ -49.972413161999917, -1.139146638 ], [ -49.970000911999897, -1.135760288999945 ], [ -49.965053169999969, -1.133624361999965 ], [ -49.963718993999983, -1.13291343199994 ], [ -49.96116776400001, -1.13190942 ], [ -49.955263219999964, -1.128410005 ], [ -49.95022952299994, -1.126709731999922 ], [ -49.948998815999985, -1.126545636999934 ], [ -49.945996733999927, -1.126704725999952 ], [ -49.943051484999955, -1.125401596999955 ], [ -49.941078473999951, -1.122746693000023 ], [ -49.93902422299989, -1.120361412000017 ], [ -49.935603221999898, -1.11873289800001 ], [ -49.934246142999967, -1.118342213000014 ], [ -49.933551521999959, -1.117753991000017 ], [ -49.932586279999946, -1.117294392 ], [ -49.930056470999972, -1.115091606 ], [ -49.930385032999979, -1.111372787999967 ], [ -49.932023214999987, -1.108570481 ], [ -49.933959387999955, -1.104664420999937 ], [ -49.932553980999934, -1.101489868 ], [ -49.931578829999985, -1.098395296000012 ], [ -49.932064178999909, -1.095613038000023 ], [ -49.928664638, -1.09271634199998 ], [ -49.926384135999967, -1.089496439000017 ], [ -49.92182084199996, -1.087426307999975 ], [ -49.918056502999981, -1.083863453999969 ], [ -49.910640644999944, -1.083055092999965 ], [ -49.901271919999978, -1.088597198999954 ], [ -49.899572431999957, -1.089602465 ], [ -49.885307361999963, -1.100053698 ], [ -49.880398801999988, -1.107980197000016 ], [ -49.880050802999975, -1.119814251000042 ], [ -49.878789537999978, -1.138772961 ], [ -49.876957952999952, -1.156008821999945 ], [ -49.876594911000026, -1.161626065999934 ], [ -49.875412978000021, -1.164374585999974 ], [ -49.873506608999939, -1.167895960000012 ], [ -49.862751749999944, -1.177507172999972 ], [ -49.860298137999969, -1.179186650000021 ], [ -49.857191024999921, -1.182265037 ], [ -49.854555464, -1.184234650999985 ], [ -49.851081989999919, -1.187738175999966 ], [ -49.84880457899996, -1.190530904000022 ], [ -49.845331824999946, -1.194124568 ], [ -49.840301811999964, -1.198979493999976 ], [ -49.83857970199994, -1.202313274999947 ], [ -49.833915303, -1.208350236999935 ], [ -49.831251698999978, -1.212135298999941 ], [ -49.829583965000012, -1.215118227000014 ], [ -49.828474333999949, -1.218011810999977 ], [ -49.825078171999969, -1.224248094999938 ], [ -49.82239041499998, -1.230206729000018 ], [ -49.818916062000014, -1.234078763000026 ], [ -49.807745269999977, -1.24113232799993 ], [ -49.795694081999926, -1.248004748000033 ], [ -49.793139127, -1.249967742 ], [ -49.790243427999954, -1.251488231999955 ], [ -49.781410358999985, -1.25683944999996 ], [ -49.776048449999983, -1.260961469999957 ], [ -49.772443477999957, -1.262101912 ], [ -49.769192042999961, -1.262430308999987 ], [ -49.763693964999973, -1.261835099999944 ], [ -49.758747552999978, -1.259599363999966 ], [ -49.747809414999921, -1.254218060999959 ], [ -49.744668603999926, -1.252820457999961 ], [ -49.741607895, -1.250785376999977 ], [ -49.735234897999909, -1.247822320999949 ], [ -49.731832579999953, -1.245333086999958 ], [ -49.729327316999971, -1.243758898 ], [ -49.727084250999916, -1.24173422 ], [ -49.723468133999944, -1.239770455999958 ], [ -49.714447504, -1.233245507999916 ], [ -49.711581801999948, -1.232311995999948 ], [ -49.708140529999966, -1.232820474999921 ], [ -49.701135138999959, -1.236470505999945 ], [ -49.695969595999955, -1.240862034000036 ], [ -49.694212493999963, -1.243927111999978 ], [ -49.692104789000012, -1.246538892999984 ], [ -49.689637378999961, -1.250421605999987 ], [ -49.687800394999933, -1.252853436999937 ], [ -49.685971793999983, -1.255645085 ], [ -49.684581795, -1.25944836 ], [ -49.682186485999956, -1.262602457000019 ], [ -49.677026724999983, -1.264450633 ], [ -49.674131976999924, -1.265330443999959 ], [ -49.670431424999983, -1.266097074999974 ], [ -49.664549364999928, -1.267316328999959 ], [ -49.65495737499996, -1.268449948999963 ], [ -49.647663095999945, -1.268953454999968 ], [ -49.640716883999957, -1.269792065999988 ], [ -49.637634937999948, -1.270301742999971 ], [ -49.632495535999972, -1.27015777499996 ], [ -49.631361547000026, -1.270388462000041 ], [ -49.628675437, -1.270934897999956 ], [ -49.622106038000013, -1.271040059000041 ], [ -49.616002368999922, -1.270975569999946 ], [ -49.607142487999951, -1.270611510000021 ], [ -49.604074814999976, -1.269585552999954 ], [ -49.600134299999986, -1.267179423 ], [ -49.593971422999971, -1.261209670999976 ], [ -49.589774754999922, -1.256170257999925 ], [ -49.5864941, -1.251412862999937 ], [ -49.583301758999916, -1.247566345 ], [ -49.580443364999937, -1.243357944999959 ], [ -49.579027504999935, -1.240524328999983 ], [ -49.577192634, -1.23624014399998 ], [ -49.575660697999986, -1.233495623 ], [ -49.574355314999892, -1.230671242 ], [ -49.572742191, -1.227566844 ], [ -49.570187420999922, -1.223359975 ], [ -49.568333016999965, -1.219984712999969 ], [ -49.566742753999925, -1.214968893 ], [ -49.565714942999968, -1.211052228000034 ], [ -49.562692000999959, -1.207937479999979 ], [ -49.548761639999945, -1.201142475999974 ], [ -49.53574393899995, -1.192268216999972 ], [ -49.533194789999975, -1.190639363999937 ], [ -49.526630850999908, -1.18804379099994 ] ] ] ] } },
{ "type": "Feature", "properties": { "CD_MUN": "1507904", "NM_MUN": "Soure", "SIGLA": "PA", "AREA_KM2": 2857.349 }, "geometry": { "type": "MultiPolygon", "coordinates": [ [ [ [ -48.431094549, -0.808725916999977 ], [ -48.431477178999955, -0.808751426999956 ], [ -48.431910828999953, -0.808700421 ], [ -48.432369990000019, -0.808623910999975 ], [ -48.432752621999974, -0.808266832 ], [ -48.432752621999974, -0.808241326000028 ], [ -48.433058730999988, -0.80803728300002 ], [ -48.433109744999946, -0.807680199999963 ], [ -48.433033214, -0.807501658000023 ], [ -48.432803626999927, -0.807170079999944 ], [ -48.432165895999923, -0.806634457999946 ], [ -48.43163021, -0.806328391000024 ], [ -48.431043512999956, -0.805971313999967 ], [ -48.430380297999974, -0.805512218 ], [ -48.429717088999986, -0.805180651 ], [ -48.429385485, -0.805027618999956 ], [ -48.429053881999913, -0.80497660999991 ], [ -48.42879880299995, -0.804951104999931 ], [ -48.428135598999965, -0.805053127999935 ], [ -48.427727474999948, -0.805231665999964 ], [ -48.42744688899991, -0.805435707999971 ], [ -48.427344857, -0.805792782000028 ], [ -48.42731935099993, -0.806175360999974 ], [ -48.42731935099993, -0.806200865999953 ], [ -48.427472397999978, -0.80655793900001 ], [ -48.427931537999953, -0.807450623999975 ], [ -48.428492710999933, -0.807858710999989 ], [ -48.428518218999912, -0.807884215999968 ], [ -48.429283456999904, -0.808241295000025 ], [ -48.429334473999951, -0.808241295000025 ], [ -48.42935998199993, -0.808241295000025 ], [ -48.429946669999978, -0.808470849000011 ], [ -48.429972176999954, -0.808470849000011 ], [ -48.431094549, -0.808725916999977 ] ] ], [ [ [ -48.799225992999972, -0.22184166899998 ], [ -48.797825322999984, -0.222139073999985 ], [ -48.796203515999913, -0.221996032999963 ], [ -48.795097437999964, -0.221925214999965 ], [ -48.793685023999984, -0.222328848999966 ], [ -48.788288011999924, -0.224543278999958 ], [ -48.785165641999946, -0.226538691999947 ], [ -48.782399029000011, -0.229245653000012 ], [ -48.778267047999989, -0.234803668999986 ], [ -48.777237342999967, -0.237874035999832 ], [ -48.77521426899991, -0.24036073299988 ], [ -48.771819152999925, -0.241250123999928 ], [ -48.768235522999888, -0.239430447999913 ], [ -48.764408227999944, -0.240543912999849 ], [ -48.758766506999969, -0.243478532999921 ], [ -48.756268546999969, -0.245053566999855 ], [ -48.751990728999957, -0.247312317999873 ], [ -48.749482875999938, -0.248887314999893 ], [ -48.745881664999956, -0.250687 ], [ -48.741819876999969, -0.25181196099985 ], [ -48.738208242999924, -0.252701145999881 ], [ -48.730097252999926, -0.25268074399988 ], [ -48.725823200999962, -0.252209830999908 ], [ -48.722686339999939, -0.251966316999832 ], [ -48.717708439999917, -0.252629780999838 ], [ -48.710297500999928, -0.2541945489999 ], [ -48.705993868999826, -0.255768663000024 ], [ -48.702847369999986, -0.257118109999945 ], [ -48.701045358999927, -0.254848113999886 ], [ -48.698124373, -0.253928409999906 ], [ -48.695179040999932, -0.253232924999915 ], [ -48.691672447999963, -0.254264340999901 ], [ -48.688207287999958, -0.255022015999886 ], [ -48.676709267999939, -0.25362334999989 ], [ -48.677626134999862, -0.250002072999935 ], [ -48.673567418999951, -0.247949188999899 ], [ -48.669321219999979, -0.245208312999958 ], [ -48.666598843999971, -0.244063663000018 ], [ -48.658535628926835, -0.239748968983191 ], [ -48.656968106, -0.239388292999978 ], [ -48.655093668999982, -0.23952547699996 ], [ -48.654090883999963, -0.240197426999957 ], [ -48.653221786999907, -0.240735040999942 ], [ -48.652286399999966, -0.240736 ], [ -48.651425816, -0.240349316999913 ], [ -48.651054823000024, -0.240015546999919 ], [ -48.650234729999937, -0.239435170000037 ], [ -48.647947928999912, -0.237944209000043 ], [ -48.646601341999961, -0.236649851999973 ], [ -48.644452466999972, -0.234658478999963 ], [ -48.643453489999921, -0.234061776999974 ], [ -48.641156430999928, -0.233068568999952 ], [ -48.638458256999968, -0.232276582999971 ], [ -48.637102436999967, -0.232092027999977 ], [ -48.634432398999934, -0.232614008999912 ], [ -48.630157097999955, -0.233053572999866 ], [ -48.626985111999964, -0.233045158999969 ], [ -48.62248565999991, -0.232348347999958 ], [ -48.618944748999944, -0.23196002499998 ], [ -48.61717318742118, -0.232202056458854 ], [ -48.614598107999925, -0.233003509999898 ], [ -48.613513008999938, -0.232616721999959 ], [ -48.613271543999943, -0.232657962 ], [ -48.611896432999941, -0.232882391 ], [ -48.610433863999987, -0.233306056999973 ], [ -48.610279809999945, -0.233374413000034 ], [ -48.608730368999908, -0.234061920999986 ], [ -48.605900469999973, -0.235416701 ], [ -48.603461040999925, -0.236074498999974 ], [ -48.602129856, -0.236230552 ], [ -48.601205519, -0.235955517999988 ], [ -48.600655942999914, -0.235187513000037 ], [ -48.599671723999926, -0.234604569999943 ], [ -48.599123312999936, -0.23448837400001 ], [ -48.597709628999937, -0.235211883999922 ], [ -48.595728728, -0.233867352999964 ], [ -48.59437659799994, -0.233691034999941 ], [ -48.59280554799998, -0.233478418999935 ], [ -48.590679885999961, -0.233451755000038 ], [ -48.588478504999983, -0.233499073999957 ], [ -48.584961680999967, -0.233980043999962 ], [ -48.582596512999942, -0.234120024 ], [ -48.578272106999982, -0.234838687999952 ], [ -48.576166414999932, -0.235079320999967 ], [ -48.574514434999934, -0.236266144999844 ], [ -48.570925807000016, -0.235992139 ], [ -48.567950625999963, -0.236932080999965 ], [ -48.567289582999891, -0.239864510999857 ], [ -48.564577804999963, -0.241447950999865 ], [ -48.560292521999955, -0.242111548999882 ], [ -48.557373687999949, -0.240282801999916 ], [ -48.553986461999905, -0.239364067999839 ], [ -48.55351332288722, -0.23832667576861 ], [ -48.54923765099992, -0.238354366999962 ], [ -48.548240960999962, -0.238364924999948 ], [ -48.546188235999942, -0.238754888999972 ], [ -48.544188275999929, -0.240145506000013 ], [ -48.542108096999947, -0.240433446999946 ], [ -48.539484892999972, -0.239952459999939 ], [ -48.539216211999943, -0.239774774999981 ], [ -48.535516440999977, -0.240437015999975 ], [ -48.528985614999982, -0.240415493999881 ], [ -48.525374707999909, -0.239495805999903 ], [ -48.522455599999965, -0.238353146999861 ], [ -48.518844424999962, -0.23810684799991 ], [ -48.51659770699996, -0.240375412999851 ], [ -48.513904174999944, -0.238996996999932 ], [ -48.510964751999914, -0.241490313999906 ], [ -48.508485083, -0.244423095 ], [ -48.505322077999956, -0.244411897999877 ], [ -48.500598258999901, -0.240999114000031 ], [ -48.496098284999988, -0.239394955999908 ], [ -48.492514239999913, -0.238699472999917 ], [ -48.488240007999934, -0.236420305999898 ], [ -48.481485849999849, -0.233221122999874 ], [ -48.478322495999947, -0.234111043999876 ], [ -48.475178533999959, -0.233651623999878 ], [ -48.472709744999975, -0.23183143799991 ], [ -48.468433454, -0.232496777999893 ], [ -48.464596266999948, -0.23361145099984 ], [ -48.458963140999977, -0.237451003999913 ], [ -48.455790792999949, -0.238344459999853 ], [ -48.452629131, -0.239467442999866 ], [ -48.448567872999888, -0.241499165999928 ], [ -48.443852192999891, -0.242389248999855 ], [ -48.440679556999839, -0.2439613329999 ], [ -48.437956505999956, -0.246671315999949 ], [ -48.435044886999918, -0.249155268999948 ], [ -48.432987371999943, -0.252096808999882 ], [ -48.429158536999957, -0.254579416999947 ], [ -48.42576118299997, -0.256379915999885 ], [ -48.421934619999902, -0.257726564999841 ], [ -48.416320977999945, -0.257706102999924 ], [ -48.412259842999923, -0.257236287999865 ], [ -48.408647773999931, -0.259044720999926 ], [ -48.405933728, -0.26152766999993 ], [ -48.403435450999964, -0.265602880999873 ], [ -48.400738135999987, -0.268760817999949 ], [ -48.400269649999949, -0.271714549999915 ], [ -48.39690002399994, -0.271703085999855 ], [ -48.394626997999985, -0.274187030999853 ], [ -48.392820875999938, -0.277129293999936 ], [ -48.390986133999924, -0.281655577999897 ], [ -48.389177734999954, -0.285505924999887 ], [ -48.388043503999896, -0.288450255999875 ], [ -48.387379083999988, -0.29139300999991 ], [ -48.384877650999968, -0.297727910999859 ], [ -48.384184983999944, -0.301355537999983 ], [ -48.385042357, -0.309294167999932 ], [ -48.385266275999967, -0.312246357999859 ], [ -48.385263684999934, -0.315414432999885 ], [ -48.385683410999931, -0.318365831999925 ], [ -48.38590527, -0.323352978999916 ], [ -48.386345111999972, -0.327214321999927 ], [ -48.388130377999978, -0.331526445999843 ], [ -48.387876145999904, -0.334703392999893 ], [ -48.387208271999981, -0.338556915999879 ], [ -48.388740024999976, -0.347630074999907 ], [ -48.389851259999901, -0.352167780999837 ], [ -48.389985582999913, -0.354501790000041 ], [ -48.390052852999972, -0.35457206 ], [ -48.391156121999956, -0.356101185999949 ], [ -48.393291413999968, -0.357856368999956 ], [ -48.395392154999968, -0.360995006999945 ], [ -48.397489995999905, -0.363820435999953 ], [ -48.400128987999942, -0.366872204999948 ], [ -48.404173456, -0.370830296999971 ], [ -48.40744212, -0.374655741000032 ], [ -48.413736889999925, -0.38418033700002 ], [ -48.416968437999962, -0.387700336000032 ], [ -48.417210170999979, -0.38786392699989 ], [ -48.420126779999983, -0.391044016999933 ], [ -48.422597798999973, -0.392871921999829 ], [ -48.424004702999945, -0.395330423999942 ], [ -48.424473714511528, -0.395818655374205 ], [ -48.427767839999909, -0.398105779999893 ], [ -48.430685908999948, -0.400385884 ], [ -48.433819113999931, -0.403340329999926 ], [ -48.435570066999944, -0.406495327000025 ], [ -48.435895961, -0.406793153999976 ], [ -48.441105869999944, -0.412209474999949 ], [ -48.444109838999978, -0.416608867999981 ], [ -48.446562282999949, -0.421411443999977 ], [ -48.449411123999937, -0.427947675999976 ], [ -48.451314791999977, -0.433931416 ], [ -48.451713366, -0.43716175799994 ], [ -48.451560992999916, -0.439446572999982 ], [ -48.451098374000011, -0.441811111999959 ], [ -48.450708969999944, -0.443940058999983 ], [ -48.450790620999946, -0.445673679999983 ], [ -48.451184887999972, -0.447011557999923 ], [ -48.452296259, -0.450670694 ], [ -48.453957638999974, -0.456715823000033 ], [ -48.454128839999932, -0.460712210999938 ], [ -48.454197193035071, -0.461182695241815 ], [ -48.455013099, -0.46214670699988 ], [ -48.456123138999914, -0.466008232999906 ], [ -48.456347030999964, -0.46917686899989 ], [ -48.456467894999932, -0.469809466 ], [ -48.456659296999959, -0.470373939 ], [ -48.458470425999977, -0.476098472999977 ], [ -48.460568661999943, -0.480079974999894 ], [ -48.463045351999966, -0.483486315999828 ], [ -48.472599953999946, -0.499067696999846 ], [ -48.46770035699992, -0.500780190999963 ], [ -48.469486616000012, -0.504851048 ], [ -48.46957893999992, -0.50498891499994 ], [ -48.470505586999941, -0.508024209 ], [ -48.47074602299994, -0.513085749000011 ], [ -48.471030457999937, -0.51713480100001 ], [ -48.472372823999898, -0.521457 ], [ -48.473209203999907, -0.524723661999973 ], [ -48.473725543999912, -0.526713985999985 ], [ -48.473800324999971, -0.533311545 ], [ -48.474365964999961, -0.53972465300002 ], [ -48.474744132, -0.544656185999939 ], [ -48.475125359999915, -0.548352428999968 ], [ -48.475251028999921, -0.551804577999961 ], [ -48.474827884999989, -0.555934548 ], [ -48.474594290999939, -0.560498047999927 ], [ -48.474836588, -0.565352435999946 ], [ -48.474906293999908, -0.568802061 ], [ -48.475419664999926, -0.571532996 ], [ -48.475938734999978, -0.573664203999948 ], [ -48.47642201, -0.575736199999968 ], [ -48.477268046999917, -0.57916244399995 ], [ -48.477272305, -0.581276707 ], [ -48.476677622999915, -0.583112928999965 ], [ -48.475963033999946, -0.584829693 ], [ -48.475248628999985, -0.586626209000043 ], [ -48.474852965999936, -0.588222599999968 ], [ -48.474736870999919, -0.589977963 ], [ -48.475005487999944, -0.591699127000025 ], [ -48.475205460999966, -0.594610018 ], [ -48.475792266000028, -0.596860137000013 ], [ -48.476455994999966, -0.59876070799997 ], [ -48.477275699999929, -0.601010252000025 ], [ -48.477666541999938, -0.602329126 ], [ -48.477631516999971, -0.604308806999923 ], [ -48.47728430199993, -0.605435132999945 ], [ -48.476975452999959, -0.606056639000032 ], [ -48.47585107, -0.606679955 ], [ -48.474571828999942, -0.607497648999979 ], [ -48.473098767999922, -0.608432175000031 ], [ -48.471898043999957, -0.609676654999971 ], [ -48.471280344, -0.611308095999954 ], [ -48.470584684999913, -0.612784476999986 ], [ -48.470594454000015, -0.614052336 ], [ -48.471440155, -0.617406204000028 ], [ -48.472417905999983, -0.622243610999975 ], [ -48.474043486000014, -0.628369839999978 ], [ -48.474108535999981, -0.628627785 ], [ -48.474695813, -0.631852551000014 ], [ -48.474249308, -0.634369669 ], [ -48.473028415999963, -0.636823843999936 ], [ -48.472583367, -0.640050636000025 ], [ -48.473043733999894, -0.644307867999929 ], [ -48.475053163999981, -0.648820054999968 ], [ -48.47667478099995, -0.653074512 ], [ -48.478297687999934, -0.657909896000044 ], [ -48.479178606999902, -0.660663662999985 ], [ -48.47913442599998, -0.662853454999981 ], [ -48.479527452, -0.66470168999996 ], [ -48.479823858, -0.666890637999975 ], [ -48.480072796999906, -0.669663471999984 ], [ -48.479882050999933, -0.671561353999985 ], [ -48.479398593999989, -0.673070582999982 ], [ -48.479013737999942, -0.675212075999978 ], [ -48.478677542999925, -0.677353426999963 ], [ -48.47877842799992, -0.679154720999966 ], [ -48.479366969999944, -0.681390027 ], [ -48.480198377, -0.68348030399993 ], [ -48.481495856999963, -0.686707134000022 ], [ -48.481911143999952, -0.687907266000023 ], [ -48.482289819999934, -0.689557796999987 ], [ -48.482218537999984, -0.691396817 ], [ -48.482071967999936, -0.693123364000039 ], [ -48.481962155999909, -0.694474542000014 ], [ -48.482189785999914, -0.695674914999946 ], [ -48.482868509999939, -0.697249606999941 ], [ -48.483359590999981, -0.698824650999965 ], [ -48.483363586999957, -0.700775919000032 ], [ -48.48314196599992, -0.702502490999981 ], [ -48.483595938999912, -0.704377809999981 ], [ -48.484312138999925, -0.706139173999967 ], [ -48.484953647999895, -0.707714158999986 ], [ -48.485347772, -0.709490280999949 ], [ -48.486168999, -0.713524457999961 ], [ -48.486462844999977, -0.715180732999956 ], [ -48.486465509999931, -0.716486293999976 ], [ -48.486355096999944, -0.71935831000002 ], [ -48.48636009499991, -0.721796694999979 ], [ -48.486363722999947, -0.723567427000029 ], [ -48.486462465999942, -0.725018256 ], [ -48.486507872999972, -0.726035909 ], [ -48.486665376999944, -0.727188280999949 ], [ -48.487257989999954, -0.729374592999923 ], [ -48.488028775999958, -0.733958255999925 ], [ -48.489761395999963, -0.737167148999953 ], [ -48.490404578999978, -0.738499015999929 ], [ -48.491170321, -0.740458579999972 ], [ -48.491706322999946, -0.741560842999958 ], [ -48.492877520999954, -0.742962699999952 ], [ -48.494593581999922, -0.74380248499998 ], [ -48.496702456999969, -0.744193820999941 ], [ -48.497665510999987, -0.744239400999982 ], [ -48.498667395000012, -0.744286819 ], [ -48.500157320000014, -0.744603320999984 ], [ -48.501149511999948, -0.745002191000035 ], [ -48.50283712399996, -0.745164013000013 ], [ -48.503035080999908, -0.745100418 ], [ -48.506106764999956, -0.750891113999943 ], [ -48.508366280999944, -0.749710481999957 ], [ -48.511604849999941, -0.747388443000032 ], [ -48.513355860999958, -0.746132975999982 ], [ -48.517494123999967, -0.741984329 ], [ -48.51826370099996, -0.740712540999935 ], [ -48.521998344999972, -0.734540743999981 ], [ -48.52285398799998, -0.733091154000034 ], [ -48.524548680999956, -0.73022008499998 ], [ -48.525627997999905, -0.729328101999984 ], [ -48.5278338379999, -0.727505123999963 ], [ -48.527848452999955, -0.727493045999941 ], [ -48.528735051999945, -0.726965196999965 ], [ -48.532748178, -0.724575923999984 ], [ -48.535574024999946, -0.722128464999985 ], [ -48.536511533999978, -0.716010466999952 ], [ -48.536228536999921, -0.712057453 ], [ -48.536341197999917, -0.711386611 ], [ -48.536780817999968, -0.708768877999946 ], [ -48.538153502999947, -0.707494581999937 ], [ -48.539526188000011, -0.706220287000017 ], [ -48.544903152999929, -0.705643452999984 ], [ -48.549233323999914, -0.706769834999923 ], [ -48.553850028999896, -0.705824145999925 ], [ -48.557052690999946, -0.701680984999955 ], [ -48.561949230999986, -0.693961131999989 ], [ -48.56645527299996, -0.688608110000013 ], [ -48.572497626999954, -0.680537731 ], [ -48.576259366999984, -0.669999802000012 ], [ -48.577489009999937, -0.661802709 ], [ -48.578330641999941, -0.655694088999939 ], [ -48.58077559799991, -0.650740539999974 ], [ -48.583606567999936, -0.649161958000013 ], [ -48.58768192199998, -0.64767087 ], [ -48.589711761999972, -0.648132208999987 ], [ -48.592178238999949, -0.651096948999976 ], [ -48.59440256699996, -0.654503516000018 ], [ -48.595736916999961, -0.65926775599995 ], [ -48.59596729699993, -0.662221122999975 ], [ -48.594820673999912, -0.667433731999969 ], [ -48.594349039999969, -0.671511744999966 ], [ -48.594345530999945, -0.674690833999927 ], [ -48.595240785999948, -0.678319298000032 ], [ -48.598380415999927, -0.681736913000011 ], [ -48.601740217, -0.681065425999963 ], [ -48.602429579999935, -0.680792492000029 ], [ -48.606270960999986, -0.679268894 ], [ -48.607853577999926, -0.676326492 ], [ -48.608766246999942, -0.67314833900002 ], [ -48.611490167999904, -0.670666351 ], [ -48.614627984, -0.668409886 ], [ -48.619383268, -0.66661435600003 ], [ -48.622096783999979, -0.664582467999955 ], [ -48.625707255999927, -0.658021700999969 ], [ -48.62888070299995, -0.655991145 ], [ -48.632677905999984, -0.658733326999963 ], [ -48.6329066119999, -0.663261661 ], [ -48.630873579, -0.665753537999949 ], [ -48.630850929, -0.670058287999966 ], [ -48.632240669999959, -0.673392172000034 ], [ -48.634437974999955, -0.675968830999976 ], [ -48.637816368999971, -0.675532272 ], [ -48.638269289999968, -0.672128349 ], [ -48.637403051999968, -0.667363371 ], [ -48.641241078999919, -0.665566746000037 ], [ -48.643930406999942, -0.662625326000024 ], [ -48.643963293, -0.658770701000035 ], [ -48.646433714999944, -0.657199433999969 ], [ -48.65027026399995, -0.656753341 ], [ -48.653878531999979, -0.65723713599998 ], [ -48.660152622999959, -0.664956986999945 ], [ -48.662630840999931, -0.667003667 ], [ -48.666241244999959, -0.66634126 ], [ -48.670068327999978, -0.666354413000017 ], [ -48.67434517399991, -0.667502625999985 ], [ -48.677486879999975, -0.669100748999965 ], [ -48.681100719999932, -0.667753075000013 ], [ -48.682236563999943, -0.664135327 ], [ -48.683604108999944, -0.661415582000027 ], [ -48.686737087, -0.662788563999941 ], [ -48.689902194999952, -0.66099100699998 ], [ -48.692852476, -0.657599344999928 ], [ -48.695575757999983, -0.656467631 ], [ -48.697351893999951, -0.658973778999963 ], [ -48.702544981999928, -0.658537169999986 ], [ -48.706596708999967, -0.657648182999973 ], [ -48.706576455999979, -0.661503215 ], [ -48.707020639999961, -0.665358745999969 ], [ -48.709048547999977, -0.667630201999971 ], [ -48.711072316, -0.665373004 ], [ -48.713992694999959, -0.665609372999922 ], [ -48.717377942000013, -0.666307306999938 ], [ -48.721211901999979, -0.667452388 ], [ -48.72120864799998, -0.662915542999967 ], [ -48.724377878000013, -0.663151263000019 ], [ -48.727073354000012, -0.664524750999975 ], [ -48.731123948999965, -0.663863582999982 ], [ -48.735177963999931, -0.662516190999964 ], [ -48.737686348999908, -0.660708758999986 ], [ -48.740159265999971, -0.658450096999976 ], [ -48.741485754999943, -0.661406214999962 ], [ -48.744439972999949, -0.662777297999986 ], [ -48.748266864999955, -0.66211764899994 ], [ -48.751189161999982, -0.660533047999925 ], [ -48.755708463, -0.660097446999943 ], [ -48.758627283, -0.660108635999981 ], [ -48.762464713999982, -0.659672300999938 ], [ -48.765374978, -0.660132866999943 ], [ -48.768769408000011, -0.661506247999979 ], [ -48.771905870999909, -0.661293416000044 ], [ -48.774629847999961, -0.659487881999956 ], [ -48.777540632999923, -0.658589435999959 ], [ -48.781629175, -0.657703921999966 ], [ -48.784539488999918, -0.657253959999951 ], [ -48.787016872, -0.659309963999979 ], [ -48.787678776999961, -0.662940157000049 ], [ -48.79082778699992, -0.667033213999959 ], [ -48.794438784, -0.667497263999985 ], [ -48.799627878, -0.662306086999989 ], [ -48.803240767999974, -0.66095711899993 ], [ -48.807742331999933, -0.660295355999976 ], [ -48.811354976999972, -0.659174218000027 ], [ -48.814959066999926, -0.658503385999945 ], [ -48.819685493999927, -0.656706077 ], [ -48.821961650999967, -0.653536282999925 ], [ -48.823986698999917, -0.649919473999985 ], [ -48.921971508999924, -0.651033456999963 ], [ -48.962044943999956, -0.651489042 ], [ -48.973983021999977, -0.601133548000012 ], [ -48.997798281999948, -0.500624107000016 ], [ -49.002404768999973, -0.477958630999966 ], [ -49.00656987299989, -0.44531115 ], [ -48.999826068999951, -0.439837093999964 ], [ -48.996684125999955, -0.436429529000018 ], [ -48.995357424999959, -0.433472751999977 ], [ -48.993574608999978, -0.425975101000011 ], [ -48.992462560999982, -0.423028407 ], [ -48.991352705999986, -0.418028557999941 ], [ -48.990456849999937, -0.411226148999946 ], [ -48.988690133999953, -0.407818724000011 ], [ -48.986661989999924, -0.404403047000015 ], [ -48.984812021999979, -0.40193524400002 ], [ -48.981911486999969, -0.397159622999945 ], [ -48.980603363999919, -0.394406602999977 ], [ -48.978313591999907, -0.391240396999928 ], [ -48.973881898999956, -0.383944192999932 ], [ -48.967403735999966, -0.370309255999937 ], [ -48.96135554499994, -0.360080093 ], [ -48.958829087999973, -0.357412142999971 ], [ -48.952601300999916, -0.350075772000027 ], [ -48.946535713999957, -0.341645096999956 ], [ -48.945910988999962, -0.340656541999964 ], [ -48.942521654999922, -0.33529566899996 ], [ -48.93557576099996, -0.320976991999968 ], [ -48.935352621999968, -0.318031169999946 ], [ -48.932463716999948, -0.310308778000037 ], [ -48.930210049, -0.305992758999976 ], [ -48.927741709999957, -0.303486413999989 ], [ -48.92685335399991, -0.299406194999987 ], [ -48.926882555999924, -0.296450626999958 ], [ -48.924627777999973, -0.294402943 ], [ -48.922824362999968, -0.291449260000034 ], [ -48.92107741300002, -0.280557687 ], [ -48.924271742, -0.268090913000032 ], [ -48.925852486999965, -0.264468487999983 ], [ -48.926773211999937, -0.260162958 ], [ -48.927241694999978, -0.256758955999983 ], [ -48.925661253999948, -0.25289473 ], [ -48.920275013999976, -0.247891334 ], [ -48.918487395999954, -0.24538640699995 ], [ -48.91962847799995, -0.242441201999979 ], [ -48.920078734, -0.239495728999986 ], [ -48.916061599999971, -0.231564476000026 ], [ -48.913575372999958, -0.233123765999901 ], [ -48.910658182, -0.231528304999875 ], [ -48.903689286, -0.228102815999867 ], [ -48.898485304999916, -0.230578107999948 ], [ -48.898632608999932, -0.225541911999896 ], [ -48.896710068999937, -0.223308215999909 ], [ -48.890645552999977, -0.22185168400001 ], [ -48.890368372999959, -0.221843924999989 ], [ -48.864740254, -0.222708317000011 ], [ -48.857329873999973, -0.221682896999988 ], [ -48.845638894999972, -0.221814287000024 ], [ -48.842633711999923, -0.222115032000039 ], [ -48.834711840999944, -0.222650668000037 ], [ -48.832187711, -0.222022947999969 ], [ -48.831824410999957, -0.222177682999893 ], [ -48.825521887999933, -0.219212255999848 ], [ -48.822123640999955, -0.221471760999927 ], [ -48.819212836, -0.222134533999876 ], [ -48.815601490999967, -0.222352125999938 ], [ -48.8106530969999, -0.220973286999895 ], [ -48.807041641999959, -0.218915843999925 ], [ -48.803214464999932, -0.219817861999863 ], [ -48.801723553635341, -0.220235662234449 ], [ -48.799225992999972, -0.22184166899998 ] ] ] ] } }
]
}
